{
    "info": {
        "added": 1728914355.859337, 
        "started": 1728925802.543705, 
        "duration": 345, 
        "ended": 1728926147.701844, 
        "owner": null, 
        "score": 0.1, 
        "id": 5291046, 
        "category": "file", 
        "git": {
            "head": "", 
            "fetch_head": ""
        }, 
        "monitor": null, 
        "package": "exe", 
        "route": "internet", 
        "custom": null, 
        "machine": {
            "status": "stopped", 
            "name": "win7x649", 
            "label": "win7x649", 
            "platform": "windows", 
            "manager": "VirtualBox", 
            "started_on": "2024-10-14 17:10:07", 
            "shutdown_on": "2024-10-14 17:15:47"
        }, 
        "platform": "windows", 
        "version": "2.0.7", 
        "options": "procmemdump=yes,route=internet"
    }, 
    "signatures": [
        {
            "families": [], 
            "description": "This executable has a PDB path", 
            "severity": 1, 
            "ttp": {}, 
            "markcount": 1, 
            "references": [], 
            "marks": [
                {
                    "category": "pdb_path", 
                    "ioc": "Microsoft.Synchronization.Data.Server.pdb", 
                    "type": "ioc", 
                    "description": null
                }
            ], 
            "name": "has_pdb"
        }
    ], 
    "target": {
        "category": "file", 
        "file": {
            "mimetype": "application/x-dosexec", 
            "yara": [], 
            "sha1": "6053c6fad74f8b47494609af439244e69d262b16", 
            "name": "2e933b9823f15038eaf786f0898df03508a17ace8620a404edf5229aea0b9f18", 
            "type": "PE32 executable (DLL) (console) Intel 80386 Mono/.Net assembly, for MS Windows", 
            "sha256": "2e933b9823f15038eaf786f0898df03508a17ace8620a404edf5229aea0b9f18", 
            "urls": [
                "http://www.msdn.com/sync/"
            ], 
            "crc32": "DBAB13EE", 
            "path": "/srv/cuckoo/cwd/storage/binaries/2e933b9823f15038eaf786f0898df03508a17ace8620a404edf5229aea0b9f18", 
            "ssdeep": null, 
            "size": 115744, 
            "sha512": "6e2ff7406d22b3fa42f3a34519f8775559080e12b3f68840012e87acf654c21f65d8599ec42a9b6f908ab1f621c0acad517e85b589d38f6d06e4eb603a37c7a7", 
            "md5": "da5ee020bef41dc95c3532cbaa1ea8f4"
        }, 
        "custom": null
    }, 
    "irma": {
        "status": null, 
        "probes_finished": 16, 
        "scan_id": "864d1539-8e3e-4300-aae7-cd8d743471b1", 
        "parent_file_sha256": null, 
        "name": "2e933b9823f15038eaf786f0898df03508a17ace8620a404edf5229aea0b9f18", 
        "probes_total": 18, 
        "scan_date": 1728915349, 
        "other_results": [], 
        "probe_results": {
            "antivirus": {
                "G Data Antivirus (Windows)": {
                    "status": 0, 
                    "duration": 0.28, 
                    "version": "5.5.20197.1358", 
                    "results": null, 
                    "virus_database_version": "unavailable"
                }, 
                "Avast Core Security (Linux)": {
                    "status": 0, 
                    "duration": 0.01, 
                    "version": "4.5.1", 
                    "results": null, 
                    "virus_database_version": "unavailable"
                }, 
                "C4S ClamAV (Linux)": {
                    "status": 0, 
                    "duration": 0.01, 
                    "version": "0.103.12", 
                    "results": null, 
                    "virus_database_version": "27403"
                }, 
                "F-Secure Antivirus (Linux)": {
                    "status": 0, 
                    "duration": 0.05, 
                    "version": "11.10", 
                    "results": null, 
                    "virus_database_version": "2024-09-20_06"
                }, 
                "Windows Defender (Windows)": {
                    "status": 0, 
                    "duration": 0.05, 
                    "version": "1.1.24080.9", 
                    "results": null, 
                    "virus_database_version": "1.419.483.0"
                }, 
                "Microsoft Defender ATP (Linux)": {
                    "status": 0, 
                    "duration": 14.53, 
                    "version": "unavailable", 
                    "results": null, 
                    "virus_database_version": "123"
                }, 
                "Forticlient (Linux)": {
                    "status": 0, 
                    "duration": 3.03, 
                    "version": "unavailable", 
                    "results": null, 
                    "virus_database_version": "unavailable"
                }, 
                "Sophos Anti-Virus (Linux)": {
                    "status": 0, 
                    "duration": 0.3, 
                    "version": "1.1.5.14 (2024-05-28)", 
                    "results": null, 
                    "virus_database_version": "unavailable"
                }, 
                "eScan Antivirus (Linux)": {
                    "status": 0, 
                    "duration": 4.08, 
                    "version": "7.0.21", 
                    "results": null, 
                    "virus_database_version": "7.97546 (23/09/2024)"
                }, 
                "ESET Security (Windows)": {
                    "status": 0, 
                    "duration": 0.53, 
                    "version": "unavailable", 
                    "results": null, 
                    "virus_database_version": "unavailable"
                }, 
                "McAfee CLI scanner (Linux)": {
                    "status": 0, 
                    "duration": 8.47, 
                    "version": "6.0.6.653", 
                    "results": null, 
                    "virus_database_version": "11200"
                }, 
                "DrWeb Antivirus (Linux)": {
                    "status": 0, 
                    "duration": 0.16, 
                    "version": "11.1.16.2406170954", 
                    "results": null, 
                    "virus_database_version": "unavailable"
                }, 
                "Trend Micro SProtect (Linux)": {
                    "status": 0, 
                    "duration": 3.74, 
                    "version": "3.0", 
                    "results": null, 
                    "virus_database_version": "0x020000400"
                }, 
                "ClamAV (Linux)": {
                    "status": 0, 
                    "duration": 0.02, 
                    "version": "0.103.12", 
                    "results": null, 
                    "virus_database_version": "27427"
                }, 
                "Bitdefender Antivirus (Linux)": {
                    "status": 0, 
                    "duration": 8.83, 
                    "version": "7.90123", 
                    "results": null, 
                    "virus_database_version": null
                }, 
                "Kaspersky Standard (Windows)": {
                    "status": 0, 
                    "duration": 2.79, 
                    "version": "21.17", 
                    "results": null, 
                    "virus_database_version": "2024-10-13 11:03:00 (full)"
                }
            }
        }, 
        "file_infos": {
            "mimetype": "PE32 executable (DLL) (console) Intel 80386 Mono/.Net assembly, for MS Windows", 
            "sha1": "6053c6fad74f8b47494609af439244e69d262b16", 
            "tags": [], 
            "timestamp_first_scan": 1709987397.27, 
            "size": 115744, 
            "timestamp_last_scan": 1728915364.43, 
            "sha256": "2e933b9823f15038eaf786f0898df03508a17ace8620a404edf5229aea0b9f18", 
            "md5": "da5ee020bef41dc95c3532cbaa1ea8f4"
        }, 
        "submitter": "cli", 
        "path": "", 
        "result_id": "0d90f7aa-92c8-4122-99ae-2d3496bf6ae3"
    }, 
    "suricata": {
        "tls": [], 
        "files": [], 
        "alerts": [], 
        "http": []
    }, 
    "virustotal": {
        "permalink": "https://www.virustotal.com/gui/file/2e933b9823f15038eaf786f0898df03508a17ace8620a404edf5229aea0b9f18/detection/f-2e933b9823f15038eaf786f0898df03508a17ace8620a404edf5229aea0b9f18-1724392149", 
        "sha1": "6053c6fad74f8b47494609af439244e69d262b16", 
        "resource": "da5ee020bef41dc95c3532cbaa1ea8f4", 
        "response_code": 1, 
        "scan_date": "2024-08-23 05:49:09", 
        "scan_id": "2e933b9823f15038eaf786f0898df03508a17ace8620a404edf5229aea0b9f18-1724392149", 
        "summary": {
            "positives": 0, 
            "permalink": "https://www.virustotal.com/gui/file/2e933b9823f15038eaf786f0898df03508a17ace8620a404edf5229aea0b9f18/detection/f-2e933b9823f15038eaf786f0898df03508a17ace8620a404edf5229aea0b9f18-1724392149", 
            "scan_date": "2024-08-23 05:49:09"
        }, 
        "sha256": "2e933b9823f15038eaf786f0898df03508a17ace8620a404edf5229aea0b9f18", 
        "normalized": [], 
        "total": 75, 
        "positives": 0, 
        "verbose_msg": "Scan finished, information embedded", 
        "md5": "da5ee020bef41dc95c3532cbaa1ea8f4", 
        "scans": {
            "Bkav": {
                "detected": false, 
                "version": "2.0.0.1", 
                "result": null, 
                "normalized": [], 
                "update": "20240823"
            }, 
            "Lionic": {
                "detected": false, 
                "version": "8.16", 
                "result": null, 
                "normalized": [], 
                "update": "20240822"
            }, 
            "Elastic": {
                "detected": false, 
                "version": "4.0.158", 
                "result": null, 
                "normalized": [], 
                "update": "20240802"
            }, 
            "Cynet": {
                "detected": false, 
                "version": "4.0.1.1", 
                "result": null, 
                "normalized": [], 
                "update": "20240822"
            }, 
            "CMC": {
                "detected": false, 
                "version": "2.4.2022.1", 
                "result": null, 
                "normalized": [], 
                "update": "20240819"
            }, 
            "CAT-QuickHeal": {
                "detected": false, 
                "version": "22.00", 
                "result": null, 
                "normalized": [], 
                "update": "20240822"
            }, 
            "Skyhigh": {
                "detected": false, 
                "version": "v2021.2.0+4045", 
                "result": null, 
                "normalized": [], 
                "update": "20240823"
            }, 
            "ALYac": {
                "detected": false, 
                "version": "2.0.0.10", 
                "result": null, 
                "normalized": [], 
                "update": "20240823"
            }, 
            "Cylance": {
                "detected": false, 
                "version": "3.0.0.0", 
                "result": null, 
                "normalized": [], 
                "update": "20240815"
            }, 
            "VIPRE": {
                "detected": false, 
                "version": "6.0.0.35", 
                "result": null, 
                "normalized": [], 
                "update": "20240822"
            }, 
            "Sangfor": {
                "detected": false, 
                "version": "2.25.10.0", 
                "result": null, 
                "normalized": [], 
                "update": "20240806"
            }, 
            "K7AntiVirus": {
                "detected": false, 
                "version": "12.183.53021", 
                "result": null, 
                "normalized": [], 
                "update": "20240823"
            }, 
            "BitDefender": {
                "detected": false, 
                "version": "7.2", 
                "result": null, 
                "normalized": [], 
                "update": "20240823"
            }, 
            "K7GW": {
                "detected": false, 
                "version": "12.183.53021", 
                "result": null, 
                "normalized": [], 
                "update": "20240823"
            }, 
            "Cybereason": {
                "detected": false, 
                "version": null, 
                "result": null, 
                "normalized": [], 
                "update": "20180308"
            }, 
            "Arcabit": {
                "detected": false, 
                "version": "2022.0.0.18", 
                "result": null, 
                "normalized": [], 
                "update": "20240823"
            }, 
            "Baidu": {
                "detected": false, 
                "version": "1.0.0.2", 
                "result": null, 
                "normalized": [], 
                "update": "20190318"
            }, 
            "VirIT": {
                "detected": false, 
                "version": "9.5.771", 
                "result": null, 
                "normalized": [], 
                "update": "20240822"
            }, 
            "Symantec": {
                "detected": false, 
                "version": "1.22.0.0", 
                "result": null, 
                "normalized": [], 
                "update": "20240823"
            }, 
            "tehtris": {
                "detected": false, 
                "version": "v0.1.4", 
                "result": null, 
                "normalized": [], 
                "update": "20240823"
            }, 
            "ESET-NOD32": {
                "detected": false, 
                "version": "29770", 
                "result": null, 
                "normalized": [], 
                "update": "20240823"
            }, 
            "APEX": {
                "detected": false, 
                "version": "6.566", 
                "result": null, 
                "normalized": [], 
                "update": "20240822"
            }, 
            "McAfee": {
                "detected": false, 
                "version": "6.0.6.653", 
                "result": null, 
                "normalized": [], 
                "update": "20240822"
            }, 
            "Avast": {
                "detected": false, 
                "version": "23.9.8494.0", 
                "result": null, 
                "normalized": [], 
                "update": "20240823"
            }, 
            "ClamAV": {
                "detected": false, 
                "version": "1.4.0.0", 
                "result": null, 
                "normalized": [], 
                "update": "20240822"
            }, 
            "Kaspersky": {
                "detected": false, 
                "version": "22.0.1.28", 
                "result": null, 
                "normalized": [], 
                "update": "20240823"
            }, 
            "Alibaba": {
                "detected": false, 
                "version": "0.3.0.5", 
                "result": null, 
                "normalized": [], 
                "update": "20190527"
            }, 
            "NANO-Antivirus": {
                "detected": false, 
                "version": "1.0.146.25796", 
                "result": null, 
                "normalized": [], 
                "update": "20240822"
            }, 
            "SUPERAntiSpyware": {
                "detected": false, 
                "version": "5.6.0.1032", 
                "result": null, 
                "normalized": [], 
                "update": "20240822"
            }, 
            "MicroWorld-eScan": {
                "detected": false, 
                "version": "14.0.409.0", 
                "result": null, 
                "normalized": [], 
                "update": "20240823"
            }, 
            "Rising": {
                "detected": false, 
                "version": "25.0.0.27", 
                "result": null, 
                "normalized": [], 
                "update": "20240823"
            }, 
            "Emsisoft": {
                "detected": false, 
                "version": "2024.1.0.53752", 
                "result": null, 
                "normalized": [], 
                "update": "20240823"
            }, 
            "F-Secure": {
                "detected": false, 
                "version": "18.10.1547.307", 
                "result": null, 
                "normalized": [], 
                "update": "20240823"
            }, 
            "DrWeb": {
                "detected": false, 
                "version": "7.0.65.5230", 
                "result": null, 
                "normalized": [], 
                "update": "20240823"
            }, 
            "Zillya": {
                "detected": false, 
                "version": "2.0.0.5179", 
                "result": null, 
                "normalized": [], 
                "update": "20240822"
            }, 
            "TrendMicro": {
                "detected": false, 
                "version": "11.0.0.1006", 
                "result": null, 
                "normalized": [], 
                "update": "20240823"
            }, 
            "McAfeeD": {
                "detected": false, 
                "version": "1.2.0.7977", 
                "result": null, 
                "normalized": [], 
                "update": "20240823"
            }, 
            "Trapmine": {
                "detected": false, 
                "version": "4.0.16.173", 
                "result": null, 
                "normalized": [], 
                "update": "20240712"
            }, 
            "FireEye": {
                "detected": false, 
                "version": "35.47.0.0", 
                "result": null, 
                "normalized": [], 
                "update": "20240823"
            }, 
            "Sophos": {
                "detected": false, 
                "version": "2.5.5.0", 
                "result": null, 
                "normalized": [], 
                "update": "20240823"
            }, 
            "SentinelOne": {
                "detected": false, 
                "version": "24.2.1.1", 
                "result": null, 
                "normalized": [], 
                "update": "20240417"
            }, 
            "Jiangmin": {
                "detected": false, 
                "version": "16.0.100", 
                "result": null, 
                "normalized": [], 
                "update": "20240823"
            }, 
            "Webroot": {
                "detected": false, 
                "version": "1.0.0.403", 
                "result": null, 
                "normalized": [], 
                "update": "20240823"
            }, 
            "Google": {
                "detected": false, 
                "version": "1724387443", 
                "result": null, 
                "normalized": [], 
                "update": "20240823"
            }, 
            "Avira": {
                "detected": false, 
                "version": "8.3.3.20", 
                "result": null, 
                "normalized": [], 
                "update": "20240823"
            }, 
            "MAX": {
                "detected": false, 
                "version": "2023.1.4.1", 
                "result": null, 
                "normalized": [], 
                "update": "20240823"
            }, 
            "Antiy-AVL": {
                "detected": false, 
                "version": "3.0", 
                "result": null, 
                "normalized": [], 
                "update": "20240823"
            }, 
            "Kingsoft": {
                "detected": false, 
                "version": "None", 
                "result": null, 
                "normalized": [], 
                "update": "20240725"
            }, 
            "Gridinsoft": {
                "detected": false, 
                "version": "1.0.185.174", 
                "result": null, 
                "normalized": [], 
                "update": "20240823"
            }, 
            "Xcitium": {
                "detected": false, 
                "version": "36983", 
                "result": null, 
                "normalized": [], 
                "update": "20240822"
            }, 
            "Microsoft": {
                "detected": false, 
                "version": "1.1.24070.3", 
                "result": null, 
                "normalized": [], 
                "update": "20240823"
            }, 
            "ViRobot": {
                "detected": false, 
                "version": "2014.3.20.0", 
                "result": null, 
                "normalized": [], 
                "update": "20240823"
            }, 
            "ZoneAlarm": {
                "detected": false, 
                "version": "1.0", 
                "result": null, 
                "normalized": [], 
                "update": "20240823"
            }, 
            "GData": {
                "detected": false, 
                "version": "A:25.38756B:27.37187", 
                "result": null, 
                "normalized": [], 
                "update": "20240823"
            }, 
            "Varist": {
                "detected": false, 
                "version": "6.5.1.2", 
                "result": null, 
                "normalized": [], 
                "update": "20240823"
            }, 
            "AhnLab-V3": {
                "detected": false, 
                "version": "3.26.1.10507", 
                "result": null, 
                "normalized": [], 
                "update": "20240823"
            }, 
            "Acronis": {
                "detected": false, 
                "version": "1.2.0.121", 
                "result": null, 
                "normalized": [], 
                "update": "20240328"
            }, 
            "BitDefenderTheta": {
                "detected": false, 
                "version": "7.2.37796.0", 
                "result": null, 
                "normalized": [], 
                "update": "20240816"
            }, 
            "TACHYON": {
                "detected": false, 
                "version": "2024-08-23.01", 
                "result": null, 
                "normalized": [], 
                "update": "20240823"
            }, 
            "DeepInstinct": {
                "detected": false, 
                "version": "5.0.0.8", 
                "result": null, 
                "normalized": [], 
                "update": "20240731"
            }, 
            "VBA32": {
                "detected": false, 
                "version": "5.0.0", 
                "result": null, 
                "normalized": [], 
                "update": "20240822"
            }, 
            "Malwarebytes": {
                "detected": false, 
                "version": "4.5.5.54", 
                "result": null, 
                "normalized": [], 
                "update": "20240823"
            }, 
            "Ikarus": {
                "detected": false, 
                "version": "6.3.12.0", 
                "result": null, 
                "normalized": [], 
                "update": "20240822"
            }, 
            "Panda": {
                "detected": false, 
                "version": "4.6.4.2", 
                "result": null, 
                "normalized": [], 
                "update": "20240822"
            }, 
            "Zoner": {
                "detected": false, 
                "version": "2.2.2.0", 
                "result": null, 
                "normalized": [], 
                "update": "20240823"
            }, 
            "TrendMicro-HouseCall": {
                "detected": false, 
                "version": "10.0.0.1040", 
                "result": null, 
                "normalized": [], 
                "update": "20240822"
            }, 
            "Tencent": {
                "detected": false, 
                "version": "1.0.0.1", 
                "result": null, 
                "normalized": [], 
                "update": "20240823"
            }, 
            "Yandex": {
                "detected": false, 
                "version": "5.5.2.24", 
                "result": null, 
                "normalized": [], 
                "update": "20240822"
            }, 
            "huorong": {
                "detected": false, 
                "version": "d3c5733:d3c5733:1ae2edd:1ae2edd", 
                "result": null, 
                "normalized": [], 
                "update": "20240822"
            }, 
            "MaxSecure": {
                "detected": false, 
                "version": "1.0.0.1", 
                "result": null, 
                "normalized": [], 
                "update": "20240822"
            }, 
            "Fortinet": {
                "detected": false, 
                "version": "None", 
                "result": null, 
                "normalized": [], 
                "update": "20240823"
            }, 
            "AVG": {
                "detected": false, 
                "version": "23.9.8494.0", 
                "result": null, 
                "normalized": [], 
                "update": "20240823"
            }, 
            "Paloalto": {
                "detected": false, 
                "version": "0.9.0.1003", 
                "result": null, 
                "normalized": [], 
                "update": "20240823"
            }, 
            "CrowdStrike": {
                "detected": false, 
                "version": "1.0", 
                "result": null, 
                "normalized": [], 
                "update": "20231026"
            }, 
            "alibabacloud": {
                "detected": false, 
                "version": "2.1.0", 
                "result": null, 
                "normalized": [], 
                "update": "20240801"
            }
        }
    }, 
    "network": {
        "udp": [], 
        "dns_servers": [], 
        "http": [], 
        "smtp": [], 
        "tcp": [], 
        "geoinfo": {}, 
        "mitm": [], 
        "https_ex": [], 
        "http_ex": [], 
        "sorted_pcap_sha256": "a9b77018a47fa5131e5ffbf524e0cee823fe60ff309218d590c7b45771aa2b9c", 
        "icmp": [], 
        "tls": [], 
        "dead_hosts": [], 
        "smtp_ex": [], 
        "hosts": [], 
        "pcap_sha256": "e6dd3300ec2c21e788506c867bdd50caf3f607c2ddc8cb23434c6d5e3b65b488", 
        "dns": [], 
        "domains": [], 
        "irc": []
    }, 
    "resubmit": {
        "resubmit_ids": []
    }, 
    "static": {
        "pdb_path": "Microsoft.Synchronization.Data.Server.pdb", 
        "pe_imports": [
            {
                "imports": [
                    {
                        "name": "_CorDllMain", 
                        "address": "0x402000"
                    }
                ], 
                "dll": "mscoree.dll"
            }
        ], 
        "peid_signatures": null, 
        "keys": [], 
        "signature": [], 
        "pe_timestamp": "2008-05-15 04:34:39", 
        "pe_exports": [], 
        "imported_dll_count": 1, 
        "pe_imphash": "dae02f32a21e03ce65412f6e56942daa", 
        "pe_resources": [
            {
                "name": "RT_VERSION", 
                "language": "LANG_NEUTRAL", 
                "filetype": "data", 
                "sublanguage": "SUBLANG_NEUTRAL", 
                "offset": "0x0001a058", 
                "size": "0x000004ec"
            }
        ], 
        "pe_versioninfo": [], 
        "pe_sections": [
            {
                "size_of_data": "0x00017000", 
                "virtual_address": "0x00002000", 
                "entropy": 5.750206126246323, 
                "name": ".text", 
                "virtual_size": "0x00016654"
            }, 
            {
                "size_of_data": "0x00001000", 
                "virtual_address": "0x0001a000", 
                "entropy": 1.359406761727519, 
                "name": ".rsrc", 
                "virtual_size": "0x00000548"
            }, 
            {
                "size_of_data": "0x00001000", 
                "virtual_address": "0x0001c000", 
                "entropy": 0.016408464515625623, 
                "name": ".reloc", 
                "virtual_size": "0x0000000c"
            }
        ]
    }, 
    "snort": {
        "alerts": []
    }, 
    "behavior": {
        "generic": [
            {
                "process_path": "C:\\Windows\\System32\\lsass.exe", 
                "process_name": "lsass.exe", 
                "pid": 508, 
                "summary": {}, 
                "first_seen": 1728917955.96875, 
                "ppid": 388
            }
        ], 
        "processes": [
            {
                "process_path": "C:\\Windows\\System32\\lsass.exe", 
                "calls": [], 
                "track": false, 
                "pid": 508, 
                "process_name": "lsass.exe", 
                "command_line": "C:\\Windows\\system32\\lsass.exe", 
                "modules": [
                    {
                        "basename": "lsass.exe", 
                        "imgsize": 49152, 
                        "baseaddr": "0xff6b0000", 
                        "filepath": "C:\\Windows\\system32\\lsass.exe"
                    }, 
                    {
                        "basename": "ntdll.dll", 
                        "imgsize": 1740800, 
                        "baseaddr": "0x77990000", 
                        "filepath": "C:\\Windows\\SYSTEM32\\ntdll.dll"
                    }, 
                    {
                        "basename": "kernel32.dll", 
                        "imgsize": 1175552, 
                        "baseaddr": "0x77870000", 
                        "filepath": "C:\\Windows\\system32\\kernel32.dll"
                    }, 
                    {
                        "basename": "KERNELBASE.dll", 
                        "imgsize": 438272, 
                        "baseaddr": "0x7fefdac0000", 
                        "filepath": "C:\\Windows\\system32\\KERNELBASE.dll"
                    }, 
                    {
                        "basename": "msvcrt.dll", 
                        "imgsize": 651264, 
                        "baseaddr": "0x7fefdc50000", 
                        "filepath": "C:\\Windows\\system32\\msvcrt.dll"
                    }, 
                    {
                        "basename": "RPCRT4.dll", 
                        "imgsize": 1232896, 
                        "baseaddr": "0x7feff4d0000", 
                        "filepath": "C:\\Windows\\system32\\RPCRT4.dll"
                    }, 
                    {
                        "basename": "SspiSrv.dll", 
                        "imgsize": 45056, 
                        "baseaddr": "0x7fefd590000", 
                        "filepath": "C:\\Windows\\system32\\SspiSrv.dll"
                    }, 
                    {
                        "basename": "lsasrv.dll", 
                        "imgsize": 1470464, 
                        "baseaddr": "0x7fefd420000", 
                        "filepath": "C:\\Windows\\system32\\lsasrv.dll"
                    }, 
                    {
                        "basename": "sechost.dll", 
                        "imgsize": 126976, 
                        "baseaddr": "0x7fefedc0000", 
                        "filepath": "C:\\Windows\\SYSTEM32\\sechost.dll"
                    }, 
                    {
                        "basename": "SspiCli.dll", 
                        "imgsize": 151552, 
                        "baseaddr": "0x7fefd5a0000", 
                        "filepath": "C:\\Windows\\system32\\SspiCli.dll"
                    }, 
                    {
                        "basename": "ADVAPI32.dll", 
                        "imgsize": 897024, 
                        "baseaddr": "0x7fefedf0000", 
                        "filepath": "C:\\Windows\\system32\\ADVAPI32.dll"
                    }, 
                    {
                        "basename": "USER32.dll", 
                        "imgsize": 1024000, 
                        "baseaddr": "0x77770000", 
                        "filepath": "C:\\Windows\\system32\\USER32.dll"
                    }, 
                    {
                        "basename": "GDI32.dll", 
                        "imgsize": 421888, 
                        "baseaddr": "0x7fefdf10000", 
                        "filepath": "C:\\Windows\\system32\\GDI32.dll"
                    }, 
                    {
                        "basename": "LPK.dll", 
                        "imgsize": 57344, 
                        "baseaddr": "0x7fefedb0000", 
                        "filepath": "C:\\Windows\\system32\\LPK.dll"
                    }, 
                    {
                        "basename": "USP10.dll", 
                        "imgsize": 823296, 
                        "baseaddr": "0x7feff400000", 
                        "filepath": "C:\\Windows\\system32\\USP10.dll"
                    }, 
                    {
                        "basename": "SAMSRV.dll", 
                        "imgsize": 774144, 
                        "baseaddr": "0x7fefd270000", 
                        "filepath": "C:\\Windows\\system32\\SAMSRV.dll"
                    }, 
                    {
                        "basename": "cryptdll.dll", 
                        "imgsize": 81920, 
                        "baseaddr": "0x7fefd250000", 
                        "filepath": "C:\\Windows\\system32\\cryptdll.dll"
                    }, 
                    {
                        "basename": "MSASN1.dll", 
                        "imgsize": 61440, 
                        "baseaddr": "0x7fefd7e0000", 
                        "filepath": "C:\\Windows\\system32\\MSASN1.dll"
                    }, 
                    {
                        "basename": "wevtapi.dll", 
                        "imgsize": 446464, 
                        "baseaddr": "0x7fefd1e0000", 
                        "filepath": "C:\\Windows\\system32\\wevtapi.dll"
                    }, 
                    {
                        "basename": "IMM32.DLL", 
                        "imgsize": 188416, 
                        "baseaddr": "0x7fefddd0000", 
                        "filepath": "C:\\Windows\\system32\\IMM32.DLL"
                    }, 
                    {
                        "basename": "MSCTF.dll", 
                        "imgsize": 1085440, 
                        "baseaddr": "0x7fefde00000", 
                        "filepath": "C:\\Windows\\system32\\MSCTF.dll"
                    }, 
                    {
                        "basename": "cngaudit.dll", 
                        "imgsize": 36864, 
                        "baseaddr": "0x7fefd1d0000", 
                        "filepath": "C:\\Windows\\system32\\cngaudit.dll"
                    }, 
                    {
                        "basename": "AUTHZ.dll", 
                        "imgsize": 192512, 
                        "baseaddr": "0x7fefd1a0000", 
                        "filepath": "C:\\Windows\\system32\\AUTHZ.dll"
                    }, 
                    {
                        "basename": "ncrypt.dll", 
                        "imgsize": 319488, 
                        "baseaddr": "0x7fefd150000", 
                        "filepath": "C:\\Windows\\system32\\ncrypt.dll"
                    }, 
                    {
                        "basename": "bcrypt.dll", 
                        "imgsize": 139264, 
                        "baseaddr": "0x7fefd120000", 
                        "filepath": "C:\\Windows\\system32\\bcrypt.dll"
                    }, 
                    {
                        "basename": "msprivs.DLL", 
                        "imgsize": 8192, 
                        "baseaddr": "0x75570000", 
                        "filepath": "C:\\Windows\\system32\\msprivs.DLL"
                    }, 
                    {
                        "basename": "netjoin.dll", 
                        "imgsize": 204800, 
                        "baseaddr": "0x7fefd0e0000", 
                        "filepath": "C:\\Windows\\system32\\netjoin.dll"
                    }, 
                    {
                        "basename": "negoexts.DLL", 
                        "imgsize": 147456, 
                        "baseaddr": "0x7fefd0b0000", 
                        "filepath": "C:\\Windows\\system32\\negoexts.DLL"
                    }, 
                    {
                        "basename": "Secur32.dll", 
                        "imgsize": 45056, 
                        "baseaddr": "0x7fefd3d0000", 
                        "filepath": "C:\\Windows\\system32\\Secur32.dll"
                    }, 
                    {
                        "basename": "cryptbase.dll", 
                        "imgsize": 61440, 
                        "baseaddr": "0x7fefd630000", 
                        "filepath": "C:\\Windows\\system32\\cryptbase.dll"
                    }, 
                    {
                        "basename": "kerberos.DLL", 
                        "imgsize": 737280, 
                        "baseaddr": "0x7fefcff0000", 
                        "filepath": "C:\\Windows\\system32\\kerberos.DLL"
                    }, 
                    {
                        "basename": "CRYPTSP.dll", 
                        "imgsize": 94208, 
                        "baseaddr": "0x7fefcfd0000", 
                        "filepath": "C:\\Windows\\system32\\CRYPTSP.dll"
                    }, 
                    {
                        "basename": "WS2_32.dll", 
                        "imgsize": 315392, 
                        "baseaddr": "0x7feffc50000", 
                        "filepath": "C:\\Windows\\system32\\WS2_32.dll"
                    }, 
                    {
                        "basename": "NSI.dll", 
                        "imgsize": 32768, 
                        "baseaddr": "0x7fefede0000", 
                        "filepath": "C:\\Windows\\system32\\NSI.dll"
                    }, 
                    {
                        "basename": "mswsock.dll", 
                        "imgsize": 348160, 
                        "baseaddr": "0x7fefcf70000", 
                        "filepath": "C:\\Windows\\system32\\mswsock.dll"
                    }, 
                    {
                        "basename": "wship6.dll", 
                        "imgsize": 28672, 
                        "baseaddr": "0x7fefcf60000", 
                        "filepath": "C:\\Windows\\System32\\wship6.dll"
                    }, 
                    {
                        "basename": "msv1_0.DLL", 
                        "imgsize": 331776, 
                        "baseaddr": "0x7fefcf00000", 
                        "filepath": "C:\\Windows\\system32\\msv1_0.DLL"
                    }, 
                    {
                        "basename": "netlogon.DLL", 
                        "imgsize": 712704, 
                        "baseaddr": "0x7fefce50000", 
                        "filepath": "C:\\Windows\\system32\\netlogon.DLL"
                    }, 
                    {
                        "basename": "DNSAPI.dll", 
                        "imgsize": 372736, 
                        "baseaddr": "0x7fefcdf0000", 
                        "filepath": "C:\\Windows\\system32\\DNSAPI.dll"
                    }, 
                    {
                        "basename": "logoncli.dll", 
                        "imgsize": 196608, 
                        "baseaddr": "0x7fefcdc0000", 
                        "filepath": "C:\\Windows\\system32\\logoncli.dll"
                    }, 
                    {
                        "basename": "schannel.DLL", 
                        "imgsize": 356352, 
                        "baseaddr": "0x7fefcd60000", 
                        "filepath": "C:\\Windows\\system32\\schannel.DLL"
                    }, 
                    {
                        "basename": "CRYPT32.dll", 
                        "imgsize": 1470464, 
                        "baseaddr": "0x7fefd950000", 
                        "filepath": "C:\\Windows\\system32\\CRYPT32.dll"
                    }, 
                    {
                        "basename": "wdigest.DLL", 
                        "imgsize": 221184, 
                        "baseaddr": "0x7fefcd20000", 
                        "filepath": "C:\\Windows\\system32\\wdigest.DLL"
                    }, 
                    {
                        "basename": "rsaenh.dll", 
                        "imgsize": 290816, 
                        "baseaddr": "0x7fefccd0000", 
                        "filepath": "C:\\Windows\\system32\\rsaenh.dll"
                    }, 
                    {
                        "basename": "tspkg.DLL", 
                        "imgsize": 98304, 
                        "baseaddr": "0x7fefccb0000", 
                        "filepath": "C:\\Windows\\system32\\tspkg.DLL"
                    }, 
                    {
                        "basename": "pku2u.DLL", 
                        "imgsize": 282624, 
                        "baseaddr": "0x7fefcc60000", 
                        "filepath": "C:\\Windows\\system32\\pku2u.DLL"
                    }, 
                    {
                        "basename": "bcryptprimitives.dll", 
                        "imgsize": 311296, 
                        "baseaddr": "0x7fefcc10000", 
                        "filepath": "C:\\Windows\\system32\\bcryptprimitives.dll"
                    }, 
                    {
                        "basename": "RpcRtRemote.dll", 
                        "imgsize": 81920, 
                        "baseaddr": "0x7fefd720000", 
                        "filepath": "C:\\Windows\\system32\\RpcRtRemote.dll"
                    }, 
                    {
                        "basename": "efslsaext.dll", 
                        "imgsize": 73728, 
                        "baseaddr": "0x7fefcbf0000", 
                        "filepath": "C:\\Windows\\system32\\efslsaext.dll"
                    }, 
                    {
                        "basename": "scecli.DLL", 
                        "imgsize": 253952, 
                        "baseaddr": "0x7fefcb90000", 
                        "filepath": "C:\\Windows\\system32\\scecli.DLL"
                    }, 
                    {
                        "basename": "credssp.dll", 
                        "imgsize": 40960, 
                        "baseaddr": "0x7fefcbd0000", 
                        "filepath": "C:\\Windows\\system32\\credssp.dll"
                    }, 
                    {
                        "basename": "WINSTA.dll", 
                        "imgsize": 249856, 
                        "baseaddr": "0x7fefd6e0000", 
                        "filepath": "C:\\Windows\\system32\\WINSTA.dll"
                    }, 
                    {
                        "basename": "IPHLPAPI.DLL", 
                        "imgsize": 159744, 
                        "baseaddr": "0x7fefb340000", 
                        "filepath": "C:\\Windows\\system32\\IPHLPAPI.DLL"
                    }, 
                    {
                        "basename": "WINNSI.DLL", 
                        "imgsize": 45056, 
                        "baseaddr": "0x7fefb320000", 
                        "filepath": "C:\\Windows\\system32\\WINNSI.DLL"
                    }, 
                    {
                        "basename": "netutils.dll", 
                        "imgsize": 49152, 
                        "baseaddr": "0x7fefaec0000", 
                        "filepath": "C:\\Windows\\system32\\netutils.dll"
                    }, 
                    {
                        "basename": "USERENV.dll", 
                        "imgsize": 122880, 
                        "baseaddr": "0x7fefca80000", 
                        "filepath": "C:\\Windows\\system32\\USERENV.dll"
                    }, 
                    {
                        "basename": "profapi.dll", 
                        "imgsize": 61440, 
                        "baseaddr": "0x7fefd740000", 
                        "filepath": "C:\\Windows\\system32\\profapi.dll"
                    }, 
                    {
                        "basename": "wshtcpip.dll", 
                        "imgsize": 28672, 
                        "baseaddr": "0x7fefc970000", 
                        "filepath": "C:\\Windows\\System32\\wshtcpip.dll"
                    }, 
                    {
                        "basename": "dssenh.dll", 
                        "imgsize": 204800, 
                        "baseaddr": "0x7fef59e0000", 
                        "filepath": "C:\\Windows\\system32\\dssenh.dll"
                    }, 
                    {
                        "basename": "GPAPI.dll", 
                        "imgsize": 110592, 
                        "baseaddr": "0x7fefca60000", 
                        "filepath": "C:\\Windows\\system32\\GPAPI.dll"
                    }, 
                    {
                        "basename": "monitor-x64.dll", 
                        "imgsize": 2269184, 
                        "baseaddr": "0x74450000", 
                        "filepath": "C:\\tmpl4240h\\bin\\monitor-x64.dll"
                    }
                ], 
                "time": 0, 
                "tid": 2724, 
                "first_seen": 1728917955.96875, 
                "ppid": 388, 
                "type": "process"
            }
        ], 
        "processtree": [
            {
                "track": false, 
                "pid": 508, 
                "process_name": "lsass.exe", 
                "command_line": "C:\\Windows\\system32\\lsass.exe", 
                "first_seen": 1728917955.96875, 
                "ppid": 388, 
                "children": []
            }
        ]
    }, 
    "debug": {
        "action": [], 
        "dbgview": [], 
        "errors": [], 
        "log": [
            "2024-10-14 13:59:15,015 [analyzer] DEBUG: Starting analyzer from: C:\\tmpl4240h\n", 
            "2024-10-14 13:59:15,030 [analyzer] DEBUG: Pipe server name: \\??\\PIPE\\lfnydxSSzVfkBftWxTZaKuvy\n", 
            "2024-10-14 13:59:15,030 [analyzer] DEBUG: Log pipe server name: \\??\\PIPE\\aMKOiOlntbVdITAVVEZCItViOo\n", 
            "2024-10-14 13:59:15,342 [analyzer] DEBUG: Started auxiliary module Curtain\n", 
            "2024-10-14 13:59:15,342 [analyzer] DEBUG: Started auxiliary module DbgView\n", 
            "2024-10-14 13:59:15,812 [analyzer] DEBUG: Started auxiliary module Disguise\n", 
            "2024-10-14 13:59:16,030 [analyzer] DEBUG: Loaded monitor into process with pid 508\n", 
            "2024-10-14 13:59:16,030 [analyzer] DEBUG: Started auxiliary module DumpTLSMasterSecrets\n", 
            "2024-10-14 13:59:16,030 [analyzer] DEBUG: Started auxiliary module Human\n", 
            "2024-10-14 13:59:16,030 [analyzer] DEBUG: Started auxiliary module InstallCertificate\n", 
            "2024-10-14 13:59:16,030 [analyzer] DEBUG: Started auxiliary module Reboot\n", 
            "2024-10-14 13:59:16,125 [analyzer] DEBUG: Started auxiliary module RecentFiles\n", 
            "2024-10-14 13:59:16,125 [analyzer] DEBUG: Started auxiliary module Screenshots\n", 
            "2024-10-14 13:59:16,125 [analyzer] DEBUG: Started auxiliary module Sysmon\n", 
            "2024-10-14 13:59:16,125 [analyzer] DEBUG: Started auxiliary module LoadZer0m0n\n", 
            "2024-10-14 13:59:16,187 [lib.api.process] ERROR: Failed to execute process from path u'C:\\\\Users\\\\ADMINI~1\\\\AppData\\\\Local\\\\Temp\\\\2e933b9823f15038eaf786f0898df03508a17ace8620a404edf5229aea0b9f18.exe' with arguments ['bin\\\\inject-x86.exe', '--app', u'C:\\\\Users\\\\ADMINI~1\\\\AppData\\\\Local\\\\Temp\\\\2e933b9823f15038eaf786f0898df03508a17ace8620a404edf5229aea0b9f18.exe', '--only-start', '--curdir', 'C:\\\\Users\\\\ADMINI~1\\\\AppData\\\\Local\\\\Temp'] (Error: Command '['bin\\\\inject-x86.exe', '--app', u'C:\\\\Users\\\\ADMINI~1\\\\AppData\\\\Local\\\\Temp\\\\2e933b9823f15038eaf786f0898df03508a17ace8620a404edf5229aea0b9f18.exe', '--only-start', '--curdir', 'C:\\\\Users\\\\ADMINI~1\\\\AppData\\\\Local\\\\Temp']' returned non-zero exit status 1)\n"
        ], 
        "cuckoo": [
            "2024-10-14 17:10:02,885 [cuckoo.core.scheduler] DEBUG: Task #5291046: no machine available yet\n", 
            "2024-10-14 17:10:04,052 [cuckoo.core.scheduler] DEBUG: Task #5291046: no machine available yet\n", 
            "2024-10-14 17:10:05,151 [cuckoo.core.scheduler] DEBUG: Task #5291046: no machine available yet\n", 
            "2024-10-14 17:10:06,183 [cuckoo.core.scheduler] INFO: Task #5291046: acquired machine win7x649 (label=win7x649)\n", 
            "2024-10-14 17:10:06,184 [cuckoo.core.resultserver] DEBUG: Now tracking machine 192.168.168.209 for task #5291046\n", 
            "2024-10-14 17:10:06,711 [cuckoo.auxiliary.sniffer] INFO: Started sniffer with PID 1953150 (interface=vboxnet0, host=192.168.168.209)\n", 
            "2024-10-14 17:10:07,107 [cuckoo.machinery.virtualbox] DEBUG: Starting vm win7x649\n", 
            "2024-10-14 17:10:08,246 [cuckoo.machinery.virtualbox] DEBUG: Restoring virtual machine win7x649 to vmcloak\n", 
            "2024-10-14 17:13:49,132 [cuckoo.core.guest] INFO: Starting analysis #5291046 on guest (id=win7x649, ip=192.168.168.209)\n", 
            "2024-10-14 17:13:50,141 [cuckoo.core.guest] DEBUG: win7x649: not ready yet\n", 
            "2024-10-14 17:13:55,175 [cuckoo.core.guest] INFO: Guest is running Cuckoo Agent 0.10 (id=win7x649, ip=192.168.168.209)\n", 
            "2024-10-14 17:13:55,257 [cuckoo.core.guest] DEBUG: Uploading analyzer to guest (id=win7x649, ip=192.168.168.209, monitor=latest, size=6660546)\n", 
            "2024-10-14 17:13:56,628 [cuckoo.core.resultserver] DEBUG: Task #5291046: live log analysis.log initialized.\n", 
            "2024-10-14 17:13:57,601 [cuckoo.core.resultserver] DEBUG: Task #5291046 is sending a BSON stream\n", 
            "2024-10-14 17:13:58,863 [cuckoo.core.resultserver] DEBUG: Task #5291046: File upload for 'shots/0001.jpg'\n", 
            "2024-10-14 17:13:58,875 [cuckoo.core.resultserver] DEBUG: Task #5291046 uploaded file length: 133497\n", 
            "2024-10-14 17:13:59,241 [cuckoo.core.guest] WARNING: win7x649: analysis #5291046 caught an exception\n", 
            "Traceback (most recent call last):\n", 
            "  File \"C:/tmpl4240h/analyzer.py\", line 824, in <module>\n", 
            "    success = analyzer.run()\n", 
            "  File \"C:/tmpl4240h/analyzer.py\", line 673, in run\n", 
            "    pids = self.package.start(self.target)\n", 
            "  File \"C:\\tmpl4240h\\modules\\packages\\exe.py\", line 34, in start\n", 
            "    return self.execute(path, args=shlex.split(args))\n", 
            "  File \"C:\\tmpl4240h\\lib\\common\\abstracts.py\", line 205, in execute\n", 
            "    \"Unable to execute the initial process, analysis aborted.\"\n", 
            "CuckooPackageError: Unable to execute the initial process, analysis aborted.\n", 
            "\n", 
            "2024-10-14 17:13:59,254 [cuckoo.core.plugins] DEBUG: Stopped auxiliary module: Redsocks\n", 
            "2024-10-14 17:13:59,279 [cuckoo.core.plugins] DEBUG: Stopped auxiliary module: Sniffer\n", 
            "2024-10-14 17:14:00,713 [cuckoo.machinery.virtualbox] INFO: Successfully generated memory dump for virtual machine with label win7x649 to path /srv/cuckoo/cwd/storage/analyses/5291046/memory.dmp\n", 
            "2024-10-14 17:14:00,715 [cuckoo.machinery.virtualbox] DEBUG: Stopping vm win7x649\n", 
            "2024-10-14 17:15:47,068 [cuckoo.core.resultserver] DEBUG: Stopped tracking machine 192.168.168.209 for task #5291046\n", 
            "2024-10-14 17:15:47,069 [cuckoo.core.resultserver] DEBUG: Cancel <Context for LOG> for task 5291046\n", 
            "2024-10-14 17:15:47,409 [cuckoo.core.scheduler] DEBUG: Released database task #5291046\n", 
            "2024-10-14 17:15:47,427 [cuckoo.core.scheduler] INFO: Task #5291046: analysis procedure completed\n"
        ]
    }, 
    "strings": [
        "!This program cannot be run in DOS mode.", 
        "`.rsrc", 
        "@.reloc", 
        "v2.0.50727", 
        "#Strings", 
        "<Module>", 
        "Microsoft.Synchronization.Data.Server.dll", 
        "SyncDataColumnCollection", 
        "Microsoft.Synchronization.Data.Server", 
        "FilterParameterCollection", 
        "SyncDbAdapter", 
        "EnumerateChangeType", 
        "ApplyChangeType", 
        "DbServerSyncProvider", 
        "SyncAdapter", 
        "SyncAdapterCollection", 
        "ChangeTrackingType", 
        "DbSyncAdapterBuilder", 
        "DbSchemaRow", 
        "DbSchemaTable", 
        "ColumnEnum", 
        "SchemaCatalog", 
        "ParameterNames", 
        "EnumerationType", 
        "SyncColumnType", 
        "JoinType", 
        "SqlSyncAdapterBuilder", 
        "SyncColumnMapping", 
        "SyncColumnMappingCollection", 
        "mscorlib", 
        "System", 
        "Object", 
        "System.Collections", 
        "IEnumerable", 
        "System.Data", 
        "System.Data.Common", 
        "DbDataAdapter", 
        "Microsoft.Synchronization.Data", 
        "ServerSyncProvider", 
        "System.Collections.ObjectModel", 
        "Collection`1", 
        "System.ComponentModel", 
        "Component", 
        "System.Collections.Generic", 
        "List`1", 
        "_projectionColumns", 
        "RemoveAt", 
        "AddRange", 
        "get_Count", 
        "get_Item", 
        "set_Item", 
        "IEnumerator", 
        "GetEnumerator", 
        "DbParameter", 
        "_filterParameters", 
        "System.Data.SqlClient", 
        "SqlParameter", 
        "DataTable", 
        "IDataReader", 
        "FillFromReader", 
        "RowUpdatedEventArgs", 
        "DataRow", 
        "IDbCommand", 
        "StatementType", 
        "DataTableMapping", 
        "CreateRowUpdatedEvent", 
        "RowUpdatingEventArgs", 
        "CreateRowUpdatingEvent", 
        "OnRowUpdated", 
        "OnRowUpdating", 
        "value__", 
        "EnumerateInserts", 
        "EnumerateDeletes", 
        "EnumerateUpdates", 
        "ApplyInserts", 
        "ApplyDeletes", 
        "ApplyUpdates", 
        "productName", 
        "productHelpLink", 
        "IDbConnection", 
        "_serverConnection", 
        "IDbTransaction", 
        "_serverTransaction", 
        "ConnectionState", 
        "_connectionInitialState", 
        "_adapters", 
        "_anchorCommand", 
        "_clientIdCommand", 
        "SyncSchema", 
        "_syncSchema", 
        "SyncContext", 
        "_syncContext", 
        "_rawOldAnchor", 
        "_rawNewAnchor", 
        "_rawMaxAnchor", 
        "_batchSize", 
        "EventHandlerList", 
        "Events", 
        "EventApplyingChanges", 
        "EventChangesApplied", 
        "EventChangesSelected", 
        "EventSelectingChanges", 
        "EventApplyChangeFailed", 
        "EventSyncProgress", 
        "Connect", 
        "Disconnect", 
        "SyncGroupMetadata", 
        "DataSet", 
        "ResetProivderState", 
        "GenerateOrderedGroupMetadata", 
        "GetSchemaFromSchemaDataset", 
        "Exception", 
        "GetSchemaFromDatabase", 
        "SyncSession", 
        "GetNewServerAnchor", 
        "Microsoft.Synchronization", 
        "SyncStage", 
        "MapOriginatorId", 
        "EnumerateChanges", 
        "SyncTableMetadata", 
        "DataColumnCollection", 
        "ExecuteSelectCommand", 
        "SyncTableProgress", 
        "PrepareForApplyingToTable", 
        "SyncConflict", 
        "ApplyDeletesAndHandleConflicts", 
        "ApplyAction", 
        "ApplyChangesInternal", 
        "ApplyInsertsAndHandleConflicts", 
        "ApplyUpdatesAndHandleConflicts", 
        "CheckZoombieTransaction", 
        "SetForceWriteParameter", 
        "ResetForceWriteParameter", 
        "SetColumnParameters", 
        "SetSessionParameters", 
        "GetSyncIntOutParameter", 
        "GetSyncObjectOutParameter", 
        "SyncAnchor", 
        "SetAnchorValue", 
        "AnyEventSubscribers", 
        "ApplyingChangesEventArgs", 
        "CreateApplyingChangesEvent", 
        "ChangesAppliedEventArgs", 
        "CreateChangesAppliedEvent", 
        "ApplyChangeFailedEventArgs", 
        "CreateApplyChangesFailedEvent", 
        "SelectingChangesEventArgs", 
        "CreateSelectingChangesEvent", 
        "ChangesSelectedEventArgs", 
        "CreateChangesSelectedEvent", 
        "SyncProgressEventArgs", 
        "CreateSyncProgressEvent", 
        "get_Schema", 
        "set_Schema", 
        "get_BatchSize", 
        "set_BatchSize", 
        "get_SelectNewAnchorCommand", 
        "set_SelectNewAnchorCommand", 
        "get_SelectClientIdCommand", 
        "set_SelectClientIdCommand", 
        "get_SyncAdapters", 
        "get_Connection", 
        "set_Connection", 
        "EventHandler`1", 
        "add_ApplyingChanges", 
        "remove_ApplyingChanges", 
        "add_ChangesApplied", 
        "remove_ChangesApplied", 
        "add_SelectingChanges", 
        "remove_SelectingChanges", 
        "add_ChangesSelected", 
        "remove_ChangesSelected", 
        "add_ApplyChangeFailed", 
        "remove_ApplyChangeFailed", 
        "add_SyncProgress", 
        "remove_SyncProgress", 
        "Dispose", 
        "SyncServerInfo", 
        "GetServerInfo", 
        "GetSchema", 
        "GetChanges", 
        "ApplyChanges", 
        "OnApplyChangeFailed", 
        "OnApplyingChanges", 
        "OnChangesApplied", 
        "OnSelectingChanges", 
        "OnChangesSelected", 
        "OnSyncProgress", 
        "Schema", 
        "BatchSize", 
        "SelectNewAnchorCommand", 
        "SelectClientIdCommand", 
        "SyncAdapters", 
        "Connection", 
        "ApplyingChanges", 
        "ChangesApplied", 
        "SelectingChanges", 
        "ChangesSelected", 
        "ApplyChangeFailed", 
        "SyncProgress", 
        "_parent", 
        "_tableName", 
        "_description", 
        "_deleteCommand", 
        "_insertCommand", 
        "_updateCommand", 
        "_incInsertsCommand", 
        "_incUpdatesCommand", 
        "_incDeletesCommand", 
        "_updateConflictCommand", 
        "_deleteConflictCommand", 
        "_columnMappings", 
        "get_ColumnMappings", 
        "GetClientColumnFromServerColumn", 
        "get_TableName", 
        "set_TableName", 
        "get_Description", 
        "set_Description", 
        "get_InsertCommand", 
        "set_InsertCommand", 
        "get_UpdateCommand", 
        "set_UpdateCommand", 
        "get_DeleteCommand", 
        "set_DeleteCommand", 
        "get_SelectIncrementalInsertsCommand", 
        "set_SelectIncrementalInsertsCommand", 
        "get_SelectIncrementalUpdatesCommand", 
        "set_SelectIncrementalUpdatesCommand", 
        "get_SelectIncrementalDeletesCommand", 
        "set_SelectIncrementalDeletesCommand", 
        "get_SelectConflictUpdatedRowsCommand", 
        "set_SelectConflictUpdatedRowsCommand", 
        "get_SelectConflictDeletedRowsCommand", 
        "set_SelectConflictDeletedRowsCommand", 
        "get_Parent", 
        "set_Parent", 
        "MapFromServerToClient", 
        "MapFromClientToServer", 
        "SetDummySessionParameters", 
        "FillSchema", 
        "DataColumn", 
        "SetDataColumnExtendedProperty", 
        "ToString", 
        "ColumnMappings", 
        "TableName", 
        "Description", 
        "InsertCommand", 
        "UpdateCommand", 
        "DeleteCommand", 
        "SelectIncrementalInsertsCommand", 
        "SelectIncrementalUpdatesCommand", 
        "SelectIncrementalDeletesCommand", 
        "SelectConflictUpdatedRowsCommand", 
        "SelectConflictDeletedRowsCommand", 
        "Parent", 
        "Validate", 
        "ValidateTableName", 
        "IndexOf", 
        "Contains", 
        "InsertItem", 
        "SetItem", 
        "Remove", 
        "CoupledChangeTracking", 
        "SqlServerChangeTracking", 
        "Delete", 
        "InsertInto", 
        "DefaultValues", 
        "Values", 
        "Update", 
        "SpaceLeftParenthesis", 
        "Select", 
        "SemiColon", 
        "NotEqual", 
        "LessThanAndEqual", 
        "GreaterThan", 
        "LeftParenthesis", 
        "RightParenthesis", 
        "NameSeparator", 
        "IsNull", 
        "IsNotNull", 
        "EqualOne", 
        "SyncOriginatorId", 
        "SyncClientId", 
        "SyncClientIdBinary", 
        "SyncLastReceivedAnchor", 
        "SyncNewReceivedAnchor", 
        "SyncForceWrite", 
        "SyncRowCount", 
        "SyncInitialized", 
        "SyncTableName", 
        "RowCountStatement", 
        "IdentityInsert", 
        "TestRowCountStatement", 
        "OnOption", 
        "OffOption", 
        "WithTrackingContext", 
        "SysCreateVersion", 
        "SysChangeVersion", 
        "SysChangeContext", 
        "SysChangeOperation", 
        "ChangeTable", 
        "Version", 
        "Changes", 
        "DefaultChangeTableAlias", 
        "AlternateChangeTableAlias", 
        "EqualInsert", 
        "EqualUpdate", 
        "EqualDelete", 
        "ChangeTrackingCheckReplaceText", 
        "ChangeTrackingCheck", 
        "JoinStrings", 
        "_changeTableAlias", 
        "_tombstoneTableName", 
        "_rowGuidColumn", 
        "_filter", 
        "_tombstoneFilter", 
        "_tombstoneFilterParameters", 
        "SyncDirection", 
        "_syncDirection", 
        "_dataAdapter", 
        "_tombstoneDataAdapter", 
        "_syncAdapter", 
        "_trackingType", 
        "DbCommand", 
        "_selectDeleteConflictCommand", 
        "_selectUpdateConflictCommand", 
        "_selectIncrementalDeletesCommand", 
        "_selectIncrementalInsertsCommand", 
        "_selectIncrementalUpdatesCommand", 
        "_creationTrackingColumn", 
        "_deletionTrackingColumn", 
        "_updateTrackingColumn", 
        "_creationOriginatorIdColumn", 
        "_updateOriginatorIdColumn", 
        "_deletionOriginatorIdColumn", 
        "_includeCreationTrackingColumn", 
        "_includeUpdateTrackingColumn", 
        "_includeCreationOriginatorIdColumn", 
        "_includeUpdateOriginatorIdColumn", 
        "_tombstoneProjectionColumns", 
        "_dbSchemaCatalog", 
        "_tombstoneSchemaCatalog", 
        "_isCacheDirty", 
        "_isView", 
        "CatalogLocation", 
        "_catalogLocation", 
        "_catalogSeparator", 
        "_schemaSeparator", 
        "_quotePrefix", 
        "_quoteSuffix", 
        "_parameterNamePattern", 
        "_parameterMarkerFormat", 
        "_parameterNameMaxLength", 
        "get_CatalogLocation", 
        "set_CatalogLocation", 
        "get_CatalogSeparator", 
        "set_CatalogSeparator", 
        "get_TombstoneTableName", 
        "set_TombstoneTableName", 
        "set_BaseDataAdapter", 
        "set_TombstoneDataAdapter", 
        "get_FilterClause", 
        "set_FilterClause", 
        "get_RowGuidColumn", 
        "set_RowGuidColumn", 
        "get_FilterParameters", 
        "get_TombstoneFilterClause", 
        "set_TombstoneFilterClause", 
        "get_TombstoneFilterParameters", 
        "get_SyncDirection", 
        "set_SyncDirection", 
        "get_CreationTrackingColumn", 
        "set_CreationTrackingColumn", 
        "get_DeletionTrackingColumn", 
        "set_DeletionTrackingColumn", 
        "get_UpdateTrackingColumn", 
        "set_UpdateTrackingColumn", 
        "get_CreationOriginatorIdColumn", 
        "set_CreationOriginatorIdColumn", 
        "get_UpdateOriginatorIdColumn", 
        "set_UpdateOriginatorIdColumn", 
        "get_DeletionOriginatorIdColumn", 
        "set_DeletionOriginatorIdColumn", 
        "get_ProjectionColumns", 
        "get_TombstoneProjectionColumns", 
        "get_ParameterNameMaxLength", 
        "get_ParameterNamePattern", 
        "get_QuotedBaseTableName", 
        "get_QuotePrefix", 
        "set_QuotePrefix", 
        "get_QuoteSuffix", 
        "set_QuoteSuffix", 
        "get_SchemaSeparator", 
        "set_SchemaSeparator", 
        "get_ChangeTrackingType", 
        "set_ChangeTrackingType", 
        "InvalidateCache", 
        "ToSyncAdapter", 
        "GetInsertCommand", 
        "GetUpdateCommand", 
        "GetDeleteCommand", 
        "GetSelectConflictDeletedRowsCommand", 
        "GetSelectConflictUpdatedRowsCommand", 
        "GetSelectIncrementalInsertsCommand", 
        "GetSelectIncrementalUpdatesCommand", 
        "GetSelectIncrementalDeletesCommand", 
        "RefreshSchema", 
        "BuildCache", 
        "BuildCacheInternal", 
        "BuildInformation", 
        "BuildDeleteCommand", 
        "BuildInsertCommand", 
        "BuildUpdateCommand", 
        "BuildSelectConflictDeletedRowsCommand", 
        "BuildSelectConflictUpdatedRowsCommand", 
        "BuildSelectIncrementalInsertsCommand", 
        "BuildSelectIncrementalUpdatesCommand", 
        "BuildSelectIncrementalDeletesCommand", 
        "System.Text", 
        "StringBuilder", 
        "BuildIncrementalSelect", 
        "BuildSyncAdapter", 
        "BuildWhereClause", 
        "BuildWhereClauseForSCTDeleteConflictDetection", 
        "AddChangeTrackingClauseWithRowVersion", 
        "AddChangeTrackingClauseWithTableChanges", 
        "AddChangeTrackingCleanupCheck", 
        "BuildWhereClauseForConflictDetection", 
        "BuildWhereClauseForEnumeration", 
        "BuildWhereClauseForEnumerationInternal", 
        "BuildWhereClauseForInitialSCTEnumeration", 
        "FindTimestampColumn", 
        "BuildSingleCondition", 
        "BuildTrackingConditionsForEnumeration", 
        "CreateParameterForForceWrite", 
        "CreateParameterForVersion", 
        "CreateParameterForInitSync", 
        "CreateParameterForRowCount", 
        "CreateParameterForClientIdBinary", 
        "DataRowVersion", 
        "CreateParameterForValue", 
        "CheckParameterExistence", 
        "GetTableMapping", 
        "GetBaseParameterName", 
        "GetSelectCommand", 
        "GetColumnValue", 
        "GetDataColumn", 
        "GetNextParameter", 
        "IncludeInInsertValues", 
        "IncludeInUpdateSet", 
        "IncludeInBaseProjectionColumns", 
        "IncludeInWhereClause", 
        "IncrementWhereCount", 
        "InitializeCommand", 
        "QuotedColumn", 
        "RemoveExtraParameters", 
        "ApplyParameterInfo", 
        "SetParameterNullable", 
        "IsUniqueIdentifierType", 
        "GetParameterName", 
        "GetParameterPlaceholder", 
        "CloneParameter", 
        "IsAllowableTrackingColumnType", 
        "IsAllowableOriginatorIdColumnType", 
        "GetSchemaTable", 
        "GetOriginatorParameterName", 
        "AppendSuppliedFilter", 
        "MoveParameters", 
        "IsTombstoneTablePresent", 
        "ValidateSyncMetadataColumns", 
        "ValidateTombstonePrimaryKeys", 
        "ValidateInputParams", 
        "CatalogSeparator", 
        "TombstoneTableName", 
        "BaseDataAdapter", 
        "TombstoneDataAdapter", 
        "FilterClause", 
        "RowGuidColumn", 
        "FilterParameters", 
        "TombstoneFilterClause", 
        "TombstoneFilterParameters", 
        "CreationTrackingColumn", 
        "DeletionTrackingColumn", 
        "UpdateTrackingColumn", 
        "CreationOriginatorIdColumn", 
        "UpdateOriginatorIdColumn", 
        "DeletionOriginatorIdColumn", 
        "ProjectionColumns", 
        "TombstoneProjectionColumns", 
        "ParameterNameMaxLength", 
        "ParameterNamePattern", 
        "QuotedBaseTableName", 
        "QuotePrefix", 
        "QuoteSuffix", 
        "SchemaSeparator", 
        "SchemaMappingUnsortedIndex", 
        "schemaTable", 
        "dataRow", 
        "GetSortedSchemaRows", 
        "get_DataRow", 
        "get_ColumnName", 
        "get_BaseServerName", 
        "get_BaseCatalogName", 
        "get_BaseSchemaName", 
        "get_BaseTableName", 
        "get_IsAutoIncrement", 
        "get_IsUnique", 
        "get_IsRowVersion", 
        "get_IsKey", 
        "get_IsExpression", 
        "get_IsHidden", 
        "get_IsLong", 
        "get_IsReadOnly", 
        "get_AllowDBNull", 
        "ColumnName", 
        "BaseServerName", 
        "BaseCatalogName", 
        "BaseSchemaName", 
        "BaseTableName", 
        "IsAutoIncrement", 
        "IsUnique", 
        "IsRowVersion", 
        "IsExpression", 
        "IsHidden", 
        "IsLong", 
        "IsReadOnly", 
        "AllowDBNull", 
        "DBCOLUMN_NAME", 
        "dataTable", 
        "columns", 
        "columnCache", 
        "_returnProviderSpecificTypes", 
        "CachedDataColumn", 
        "ColumnOrdinal", 
        "ColumnSize", 
        "BaseColumnName", 
        "DataType", 
        "ProviderSpecificDataType", 
        "ProviderType", 
        "_userTableName", 
        "_dbSchemaTable", 
        "_dbSchemaRows", 
        "_sourceColumnNames", 
        "_parameterNames", 
        "_quotedBaseTableName", 
        "_hasPartialPrimaryKey", 
        "MissingMappingAction", 
        "_missingMappingAction", 
        "_filterClause", 
        "DefaultOriginalPrefix", 
        "DefaultIsNullPrefix", 
        "AlternativeOriginalPrefix", 
        "AlternativeIsNullPrefix", 
        "AlternativeOriginalPrefix2", 
        "AlternativeIsNullPrefix2", 
        "_originalPrefix", 
        "_isNullPrefix", 
        "System.Text.RegularExpressions", 
        "_parameterNameParser", 
        "_dbSyncAdapterBuilder", 
        "_baseParameterNames", 
        "_originalParameterNames", 
        "_nullParameterNames", 
        "_isMutatedName", 
        "_count", 
        "_genericParameterCount", 
        "_adjustedParameterNameMaxLength", 
        "SetAndValidateNamePrefixes", 
        "ApplyProviderSpecificFormat", 
        "EliminateConflictingNames", 
        "GenerateMissingNames", 
        "GetAdjustedParameterNameMaxLength", 
        "GetNextGenericParameterName", 
        "IncrementalInserts", 
        "IncrementalUpdates", 
        "IncrementalDeletes", 
        "ConflictUpdateRows", 
        "ConflictDeleteRows", 
        "Tracking", 
        "OriginatorId", 
        "Regular", 
        "NoJoin", 
        "LeftOuterJoin", 
        "RightOuterJoin", 
        "SqlConnection", 
        "_connection", 
        "baseSyncAdapterBuilder", 
        "baseTableNameSet", 
        "tombstoneTableNameSet", 
        "get_DataColumns", 
        "get_TombstoneDataColumns", 
        "CheckIfSqlChangeTrackingIsEnabled", 
        "ConstructDataAdapter", 
        "FixSelectInsertsCommandParameters", 
        "DataColumns", 
        "TombstoneDataColumns", 
        "_serverColumn", 
        "_clientColumn", 
        "get_ClientColumn", 
        "set_ClientColumn", 
        "get_ServerColumn", 
        "set_ServerColumn", 
        "ClientColumn", 
        "ServerColumn", 
        "IndexOfServerColumn", 
        "IndexOfClientColumn", 
        "ValidateServerColumn", 
        "ValidateClientColumn", 
        "System.Reflection", 
        "AssemblyInformationalVersionAttribute", 
        "AssemblyFileVersionAttribute", 
        "AssemblyVersionAttribute", 
        "CLSCompliantAttribute", 
        "AssemblyKeyNameAttribute", 
        "System.Runtime.InteropServices", 
        "ComVisibleAttribute", 
        "AssemblyCultureAttribute", 
        "System.Resources", 
        "NeutralResourcesLanguageAttribute", 
        "AssemblyConfigurationAttribute", 
        "AssemblyTitleAttribute", 
        "AssemblyCopyrightAttribute", 
        "AssemblyDescriptionAttribute", 
        "AssemblyProductAttribute", 
        "AssemblyCompanyAttribute", 
        "System.Diagnostics", 
        "DebuggableAttribute", 
        "DebuggingModes", 
        "System.Runtime.CompilerServices", 
        "CompilationRelaxationsAttribute", 
        "RuntimeCompatibilityAttribute", 
        "DefaultMemberAttribute", 
        "dataColumnName", 
        "SyncExpt", 
        "CheckArgumentNull", 
        "ArgumentOutOfRangeException", 
        "ArgumentOutOfRange", 
        "dataColumnNames", 
        "Enumerator", 
        "filterParameter", 
        "filterParameters", 
        "dataReader", 
        "DataAdapter", 
        "EventArgs", 
        "get_State", 
        "Equals", 
        "SyncTracer", 
        "IsInfoEnabled", 
        "SqlConnectionStringBuilder", 
        "get_ConnectionString", 
        "DbConnectionStringBuilder", 
        "set_ConnectionString", 
        "get_Password", 
        "String", 
        "IsNullOrEmpty", 
        "set_Password", 
        "groupMetadata", 
        "dataSet", 
        "set_DataSet", 
        "SyncGroupProgress", 
        "set_GroupProgress", 
        "get_TablesMetadata", 
        "InvalidSyncTableName", 
        "tableNames", 
        "missingTables", 
        "OutAttribute", 
        "SchemaException", 
        "InvalidSchemaDataSetError", 
        "IEnumerator`1", 
        "get_Current", 
        "get_SchemaDataSet", 
        "DataTableCollection", 
        "get_Tables", 
        "MoveNext", 
        "IDisposable", 
        "InternalDataCollectionBase", 
        "DataRelationCollection", 
        "get_Relations", 
        "DataRelation", 
        "get_ParentTable", 
        "get_ChildTable", 
        "get_ParentColumns", 
        "get_Columns", 
        "get_ChildColumns", 
        "CopyTo", 
        "get_RelationName", 
        "set_SchemaDataSet", 
        "System.Globalization", 
        "CultureInfo", 
        "get_InvariantCulture", 
        "set_Locale", 
        "Warning", 
        "DbException", 
        "SyncException", 
        "session", 
        "ExecuteNonQuery", 
        "System.IO", 
        "MemoryStream", 
        "System.Runtime.Serialization.Formatters.Binary", 
        "BinaryFormatter", 
        "Stream", 
        "Serialize", 
        "ToArray", 
        "set_NewAnchor", 
        "get_NewAnchor", 
        "set_BatchCount", 
        "set_MaxAnchor", 
        "AnchorException", 
        "InvalidAnchorValueError", 
        "ReadingAnchorError", 
        "syncSession", 
        "set_OriginatorId", 
        "SessionVariableException", 
        "FailedToMapOriginatorId", 
        "transaction", 
        "changeType", 
        "traceSchema", 
        "get_GroupProgress", 
        "FindTableProgress", 
        "set_Transaction", 
        "ExecuteReader", 
        "DataRowCollection", 
        "get_Rows", 
        "IsVerboseEnabled", 
        "SyncSchemaTables", 
        "SyncSchemaTable", 
        "get_PrimaryKey", 
        "Concat", 
        "get_Length", 
        "Verbose", 
        "SetAdded", 
        "get_Inserts", 
        "set_Inserts", 
        "get_Deletes", 
        "set_Deletes", 
        "SetModified", 
        "get_Updates", 
        "set_Updates", 
        "get_DataSet", 
        "ImportRow", 
        "NextResult", 
        "get_GroupName", 
        "EnumeratingInsertsError", 
        "set_DataTable", 
        "tableMetadata", 
        "adapter", 
        "tableProgress", 
        "ConflictType", 
        "AddServerTable", 
        "AddClientRow", 
        "get_Message", 
        "set_ErrorMessage", 
        "ArgumentException", 
        "DataRowState", 
        "get_RowState", 
        "RejectChanges", 
        "get_Action", 
        "get_ConflictType", 
        "get_ChangesFailed", 
        "set_ChangesFailed", 
        "get_Conflicts", 
        "get_ChangesApplied", 
        "set_ChangesApplied", 
        "set_RowIndex", 
        "command", 
        "FailedToExecuteCommand", 
        "IDataParameterCollection", 
        "get_Parameters", 
        "set_Value", 
        "get_Table", 
        "get_SourceColumn", 
        "op_Equality", 
        "TraceCommandParameter", 
        "Replace", 
        "get_CommandText", 
        "ParameterDirection", 
        "get_Direction", 
        "StringComparison", 
        "Compare", 
        "get_ParameterName", 
        "Substring", 
        "ToLower", 
        "<PrivateImplementationDetails>{A9B7E596-91F1-4FCF-85B2-42FCF87D53FF}", 
        "CompilerGeneratedAttribute", 
        "Dictionary`2", 
        "$$method0x600002c-1", 
        "TryGetValue", 
        "get_OriginatorId", 
        "get_ClientId", 
        "ToByteArray", 
        "GetHashCode", 
        "get_LastReceivedAnchor", 
        "get_Value", 
        "DBNull", 
        "get_BatchCount", 
        "get_MaxAnchor", 
        "get_SessionId", 
        "StartsWith", 
        "SyncParameterCollection", 
        "get_SyncParameters", 
        "SyncParameter", 
        "get_Name", 
        "MissingSessionVariableError", 
        "parameter", 
        "op_Inequality", 
        "IFormatProvider", 
        "anchor", 
        "rawAnchor", 
        "get_Anchor", 
        "Deserialize", 
        "get_IsNullable", 
        "DbType", 
        "get_DbType", 
        "DateTime", 
        "eventObject", 
        "Delegate", 
        "syncConflict", 
        "syncStage", 
        "AddHandler", 
        "RemoveHandler", 
        "SuppressFinalize", 
        "disposing", 
        "SyncTableInfo", 
        "SyncErrorNumber", 
        "ReadingSchemaFromDataSetError", 
        "EnumeratingChangesError", 
        "get_Transaction", 
        "IsolationLevel", 
        "BeginTransaction", 
        "Commit", 
        "Invoke", 
        ".cctor", 
        "serverColumn", 
        "tableName", 
        "set_ColumnName", 
        "ICollection", 
        "connection", 
        "MissingSelectStatementError", 
        "set_SelectCommand", 
        "SchemaType", 
        "CommandBehavior", 
        "FillSchemaError", 
        "get_DataType", 
        "GetType", 
        "column", 
        "property", 
        "PropertyCollection", 
        "get_ExtendedProperties", 
        "Hashtable", 
        "Append", 
        "SyncAdapterBelongsToDifferentCollection", 
        "DuplicateSyncAdapter", 
        "ArgumentNullException", 
        "ArgumentNull", 
        "SyncUtil", 
        "SrcCompare", 
        "InvalidOperationException", 
        "NoQuoteChange", 
        "InvalidCatalogLocation", 
        "StrEmpty", 
        "includeCreationTrackingColumn", 
        "includeUpdateTrackingColumn", 
        "includeCreationOriginatorIdColumn", 
        "includeUpdateOriginatorIdColumn", 
        "SyncResource", 
        "GetString", 
        "NotSupportedException", 
        "NotSupported", 
        "useColumnsForParameterNames", 
        "closeConnection", 
        "schemaCatalog", 
        "buildParameterInfo", 
        "DbConnection", 
        "MissingSourceCommandConnection", 
        "DbMetaDataCollectionNames", 
        "DataSourceInformation", 
        "DbMetaDataColumnNames", 
        "ParameterMarkerFormat", 
        "DynamicSQLNoTableInfo", 
        "BuildSchemaTableInfoTableNames", 
        "RemoveTableNameQuotes", 
        "CompareInsensitiveInvariant", 
        "IsEmpty", 
        "DynamicSQLNestedQuote", 
        "BuildQuotedString", 
        "mappings", 
        "CompareColumnNames", 
        "set_CommandText", 
        "get_ReadOnly", 
        "Convert", 
        "IsDBNull", 
        "builder", 
        "parameterCount", 
        "InsufficientColumnInformationError", 
        "isPKOnly", 
        "DynamicSQLNoKeyInfo", 
        "joinClause", 
        "Format", 
        "trackingColumn", 
        "originatorColumn", 
        "columnName", 
        "colType", 
        "InvalidTrackingColumnType", 
        "DbParameterCollection", 
        "set_ParameterName", 
        "set_Size", 
        "set_DbType", 
        "parameterName", 
        "set_Direction", 
        "sourceColumn", 
        "version", 
        "set_SourceColumn", 
        "set_SourceVersion", 
        "set_SourceColumnNullMapping", 
        "DataTableMappingCollection", 
        "get_TableMappings", 
        "get_MissingMappingAction", 
        "get_SelectCommand", 
        "NoTableNameError", 
        "tablemapping", 
        "MissingSchemaAction", 
        "pcount", 
        "CreateParameter", 
        "includeAutoIncrement", 
        "CreateCommand", 
        "get_CommandTimeout", 
        "set_CommandTimeout", 
        "DbTransaction", 
        "CommandType", 
        "set_CommandType", 
        "UpdateRowSource", 
        "set_UpdatedRowSource", 
        "usedParameterCount", 
        "datarow", 
        "parameterOrdinal", 
        "sourceCommand", 
        "originatorIdColumnName", 
        "InvalidOriginatorIdColumnType", 
        "selectCommand", 
        "filter", 
        "InvalidSyncMetadataError", 
        "ContainsKey", 
        "SyncNonMatchingKeys", 
        "isBaseTable", 
        "SyncMetadataColumnNotExists", 
        "returnProviderSpecificTypes", 
        "RuntimeTypeHandle", 
        "GetTypeFromHandle", 
        "DataViewRowState", 
        "ToBoolean", 
        "column2", 
        "SchemaTableColumn", 
        "SchemaTableOptionalColumn", 
        "dbSyncAdapterBuilder", 
        "schemaRows", 
        "Boolean", 
        "RegexOptions", 
        "IsMatch", 
        "SqlDbType", 
        "set_SqlDbType", 
        "set_Offset", 
        "get_SqlDbType", 
        "get_SourceColumnNullMapping", 
        "set_UdtTypeName", 
        "NumericPrecision", 
        "set_Precision", 
        "NumericScale", 
        "set_Scale", 
        "set_IsNullable", 
        "System.Data.SqlTypes", 
        "SqlCompareOptions", 
        "get_CompareInfo", 
        "set_CompareInfo", 
        "get_LocaleId", 
        "set_LocaleId", 
        "get_Offset", 
        "get_Precision", 
        "get_Scale", 
        "get_Size", 
        "get_SourceVersion", 
        "get_SqlValue", 
        "set_SqlValue", 
        "get_UdtTypeName", 
        "get_XmlSchemaCollectionDatabase", 
        "set_XmlSchemaCollectionDatabase", 
        "get_XmlSchemaCollectionName", 
        "set_XmlSchemaCollectionName", 
        "get_XmlSchemaCollectionOwningSchema", 
        "set_XmlSchemaCollectionOwningSchema", 
        "srcCommand", 
        "SqlCommand", 
        "System.Data.Sql", 
        "SqlNotificationRequest", 
        "set_Notification", 
        "set_NotificationAutoEnlist", 
        "SqlDataReader", 
        "DbDataReader", 
        "SqlParameterCollection", 
        "ExecuteScalar", 
        "SqlChangeTrackingNotEnabled", 
        "BuildQuotedTableName", 
        "SqlDataAdapter", 
        "DefaultValueAttribute", 
        "clientColumn", 
        "IsEqual", 
        "IList`1", 
        "get_Items", 
        "Argument", 
        "Microsoft.Synchronization.Data.SyncDirection, Microsoft.Synchronization.Data, Version=1.0.0.0, Culture=neutral, PublicKeyToken=89845dcd8080cc91", 
        "1.0.1208.0", 
        "%Microsoft.Synchronization.Data.Server", 
        " Microsoft Corporation. All rights reserved.", 
        "LServer side components for 'Microsoft Synchronization Services for ADO.NET'.", 
        ".Microsoft Synchronization Services for ADO.NET", 
        "Microsoft Corporation", 
        "WrapNonExceptionThrows", 
        "Microsoft.Synchronization.Data.Server.pdb", 
        "_CorDllMain", 
        "mscoree.dll", 
        "0p1+0)", 
        "\"Copyright (c) 1997 Microsoft Corp.1", 
        "Microsoft Corporation1!0\u001f", 
        "Microsoft Root Authority0", 
        "970110070000Z", 
        "201231070000Z0p1+0)", 
        "\"Copyright (c) 1997 Microsoft Corp.1", 
        "Microsoft Corporation1!0\u001f", 
        "Microsoft Root Authority0", 
        "r0p1+0)", 
        "\"Copyright (c) 1997 Microsoft Corp.1", 
        "Microsoft Corporation1!0\u001f", 
        "Microsoft Root Authority", 
        "0p1+0)", 
        "\"Copyright (c) 1997 Microsoft Corp.1", 
        "Microsoft Corporation1!0\u001f", 
        "Microsoft Root Authority0", 
        "970110070000Z", 
        "201231070000Z0p1+0)", 
        "\"Copyright (c) 1997 Microsoft Corp.1", 
        "Microsoft Corporation1!0\u001f", 
        "Microsoft Root Authority0", 
        "r0p1+0)", 
        "\"Copyright (c) 1997 Microsoft Corp.1", 
        "Microsoft Corporation1!0\u001f", 
        "Microsoft Root Authority", 
        "0p1+0)", 
        "\"Copyright (c) 1997 Microsoft Corp.1", 
        "Microsoft Corporation1!0\u001f", 
        "Microsoft Root Authority0", 
        "070822223102Z", 
        "120825070000Z0y1", 
        "Washington1", 
        "Redmond1", 
        "Microsoft Corporation1#0!", 
        "Microsoft Code Signing PCA0", 
        "Il/$>e", 
        "r0p1+0)", 
        "\"Copyright (c) 1997 Microsoft Corp.1", 
        "Microsoft Corporation1!0\u001f", 
        "Microsoft Root Authority", 
        "Washington1", 
        "Redmond1", 
        "Microsoft Corporation1#0!", 
        "Microsoft Code Signing PCA0", 
        "070823002313Z", 
        "090223003313Z0t1", 
        "Washington1", 
        "Redmond1", 
        "Microsoft Corporation1", 
        "Microsoft Corporation0", 
        "3http://crl.microsoft.com/pki/crl/products/CSPCA.crl0H", 
        ",http://www.microsoft.com/pki/certs/CSPCA.crt0", 
        "Washington1", 
        "Redmond1", 
        "Microsoft Corporation1#0!", 
        "Microsoft Timestamping PCA0", 
        "060916015300Z", 
        "110916020300Z0", 
        "Washington1", 
        "Redmond1", 
        "Microsoft Corporation1'0%", 
        "nCipher DSE ESN:D8A9-CFCC-579C1'0%", 
        "Microsoft Timestamping Service0", 
        "3http://crl.microsoft.com/pki/crl/products/tspca.crl0H", 
        ",http://www.microsoft.com/pki/certs/tspca.crt0", 
        "Washington1", 
        "Redmond1", 
        "Microsoft Corporation1#0!", 
        "Microsoft Timestamping PCA0", 
        "060916015522Z", 
        "110916020522Z0", 
        "Washington1", 
        "Redmond1", 
        "Microsoft Corporation1'0%", 
        "nCipher DSE ESN:10D8-5847-CBF81'0%", 
        "Microsoft Timestamping Service0", 
        "3http://crl.microsoft.com/pki/crl/products/tspca.crl0H", 
        ",http://www.microsoft.com/pki/certs/tspca.crt0", 
        "0p1+0)", 
        "\"Copyright (c) 1997 Microsoft Corp.1", 
        "Microsoft Corporation1!0\u001f", 
        "Microsoft Root Authority0", 
        "060916010447Z", 
        "190915070000Z0y1", 
        "Washington1", 
        "Redmond1", 
        "Microsoft Corporation1#0!", 
        "Microsoft Timestamping PCA0", 
        "ipfx'f", 
        "N+\"\\hE", 
        "r0p1+0)", 
        "\"Copyright (c) 1997 Microsoft Corp.1", 
        "Microsoft Corporation1!0\u001f", 
        "Microsoft Root Authority", 
        "Washington1", 
        "Redmond1", 
        "Microsoft Corporation1#0!", 
        "Microsoft Code Signing PCA", 
        "http://www.msdn.com/sync/ 0", 
        "<1n<J<Q^", 
        "Washington1", 
        "Redmond1", 
        "Microsoft Corporation1#0!", 
        "Microsoft Timestamping PCA", 
        "080515021412Z0#", 
        "!pM?8w", 
        "dataColumnName", 
        "filterParameter", 
        "ServerConnection", 
        "Connecting to server using string: {0}", 
        "Closing connection to server", 
        "ServerSyncProvider", 
        "http://www.microsoft.com/sql/", 
        "Caught Exception: {0}", 
        "sync_new_received_anchor", 
        "sync_batch_count", 
        "sync_max_received_anchor", 
        "sync_originator_id", 
        "Inserts", 
        "Updates", 
        "Deletes", 
        "----- Enumerating {0} for Table {1} -----", 
        "Changes Enumerated: {0}", 
        "Insert for row with PK: {0}", 
        "Delete for row with PK: {0}", 
        "Update for row with PK: {0}", 
        "Changes Enumerated: 0", 
        "Multiple Result Sets returned from command, only first result set will be processed", 
        "Caught exception: {0}", 
        "--- End Enumerating {0} for Table {1} ---", 
        "Delete for row with Parameters:", 
        "sync_row_count", 
        "DeleteCommand", 
        "Delete could not be applied", 
        "SelectConflictUpdatedRowsCommand", 
        "Client Delete-Server Update Conflict Detected", 
        "----- Applying {0} for Table {1} -----", 
        "Server wins conflict", 
        "Client wins conflict, retrying conflict with force write", 
        "Retrying conflict", 
        "Apply failed due to conflict", 
        "{0} Applied: {1}", 
        "{0}  Failed: {1}", 
        "--- End Applying {0} for Table {1} ---", 
        "Insert for row with Parameters:", 
        "InsertCommand", 
        "Insert could not be applied", 
        "Client Insert-Server Insert Conflict Detected", 
        "Update for row with Parameters:", 
        "UpdateCommand", 
        "Update could not be applied", 
        "Client Update-Server Update Conflict Detected", 
        "SelectConflictDeletedRowsCommand", 
        "Client Update-Server Delete Conflict Detected", 
        "Applying Update as Insert", 
        "@sync_force_write", 
        ":sync_force_write", 
        "sync_force_write", 
        "Using Command: {0}", 
        "@sync_originator_id", 
        ":sync_originator_id", 
        "sync_client_id", 
        "@sync_client_id", 
        ":sync_client_id", 
        "sync_client_id_binary", 
        "@sync_client_id_binary", 
        ":sync_client_id_binary", 
        "sync_client_id_hash", 
        "@sync_client_id_hash", 
        ":sync_client_id_hash", 
        "sync_last_received_anchor", 
        "@sync_last_received_anchor", 
        ":sync_last_received_anchor", 
        "@sync_new_received_anchor", 
        ":sync_new_received_anchor", 
        "sync_table_name", 
        "@sync_table_name", 
        ":sync_table_name", 
        "sync_group_name", 
        "@sync_group_name", 
        ":sync_group_name", 
        "@sync_row_count", 
        ":sync_row_count", 
        "sync_initialized", 
        "@sync_initialized", 
        ":sync_initialized", 
        "@sync_batch_count", 
        ":sync_batch_count", 
        "sync_batch_size", 
        "@sync_batch_size", 
        ":sync_batch_size", 
        "@sync_max_received_anchor", 
        ":sync_max_received_anchor", 
        "sync_session_id", 
        "@sync_session_id", 
        ":sync_session_id", 
        "_last_received_anchor", 
        "tableNames", 
        "groupMetadata", 
        "syncSession", 
        "----- Server Enumerating Changes to Client for Group \"{0}\" -----", 
        "           Client Id: {0}", 
        "Mapped Originator Id: {0}", 
        "--- End Server Enumerating Changes from Client for Group \"{0}\" ---", 
        "**** Server Provider Begin Transaction ****", 
        "----- Server Applying Changes from Client for Group \"{0}\" -----", 
        "**** Server Provider Commit Transaction ****", 
        "--- End Server Applying Changes from Client for Group \"{0}\" ---", 
        "dataTable", 
        "connection", 
        "DataTypeName", 
        "ColumnName", 
        "System.Decimal", 
        "NumericPrecision", 
        "NumericScale", 
        "ColumnSize", 
        "System.String", 
        "System.Byte[]", 
        "ColumnLength", 
        "TableName", 
        "tableName", 
        "filter clause", 
        "RowGuid Column", 
        "tombstone filter clause", 
        "OverloadNotSupportedWithSCT", 
        ";WITH CHANGE_TRACKING_CONTEXT (@sync_client_id_binary) ", 
        "DELETE", 
        " FROM ", 
        " SET @sync_row_count = @@rowcount", 
        " IF (@sync_row_count > 0) ", 
        " BEGIN ", 
        "UPDATE ", 
        " SET IDENTITY_INSERT ", 
        "INSERT INTO ", 
        " DEFAULT VALUES", 
        " VALUES ", 
        "SELECT ", 
        "SYS_CHANGE_CONTEXT", 
        "SYS_CHANGE_VERSION", 
        "null projection column", 
        "SyncAdapterBuilder", 
        " ELSE ", 
        " WHERE ", 
        " IS NULL", 
        " IS NOT NULL", 
        "SYS_CHANGE_OPERATION", 
        " = 'D'", 
        "CHANGETABLE(", 
        "VERSION ", 
        "CHANGES ", 
        "SqlChangeTrackingCheckMessage", 
        "IF CHANGE_TRACKING_MIN_VALID_VERSION(object_id(N'@@QUOTED_TABLE_NAME@@')) > @sync_last_received_anchor RAISERROR (N'{0}',16,3,N'@@QUOTED_TABLE_NAME@@') ", 
        "@@QUOTED_TABLE_NAME@@", 
        " = 'I'", 
        " = 'U'", 
        "SYS_CHANGE_CREATION_VERSION ", 
        "source Column", 
        "FilterClause", 
        "FilterParameters", 
        "TombstoneTableName", 
        "TombstoneFilterClause", 
        "TombstoneProjectionColumns", 
        "TombstoneFilterParameters", 
        "CreationTrackingColumn", 
        "CreationOriginatorIdColumn", 
        "UpdateTrackingColumn", 
        "UpdateOriginatorIdColumn", 
        "DeletionTrackingColumn", 
        "DeletionOriginatorIdColumn", 
        "CreationTracking", 
        "UpdateTracking", 
        "CreationOriginatorId", 
        "UpdateOriginatorId", 
        "RowGuid", 
        "DeletionTracking", 
        "DeletionOriginatorId", 
        " JOIN ", 
        " LEFT OUTER JOIN ", 
        " RIGHT OUTER JOIN ", 
        "SchemaMapping Unsorted Index", 
        "ColumnOrdinal ASC", 
        "IsNull_", 
        "isnull", 
        "ISNULL", 
        "Original_", 
        "original", 
        "ORIGINAL", 
        "CloneParameter", 
        "SELECT * FROM sys.change_tracking_tables WHERE object_id = object_id(@sync_table_name)", 
        "SELECT * FROM ", 
        "FMTONLY", 
        "item.Parent", 
        "ServerColumn", 
        "not unique", 
        "ServerSyncProvider", 
        "http://www.microsoft.com/sql/", 
        "DELETE", 
        "INSERT INTO ", 
        " DEFAULT VALUES", 
        " VALUES ", 
        "UPDATE ", 
        " WHERE ", 
        "SELECT ", 
        " FROM ", 
        " IS NULL", 
        " IS NOT NULL", 
        " BEGIN ", 
        "sync_originator_id", 
        "sync_client_id", 
        "sync_client_id_binary", 
        "sync_last_received_anchor", 
        "sync_new_received_anchor", 
        "sync_force_write", 
        "sync_row_count", 
        "sync_initialized", 
        "sync_table_name", 
        " SET @sync_row_count = @@rowcount", 
        " SET IDENTITY_INSERT ", 
        " IF (@sync_row_count > 0) ", 
        ";WITH CHANGE_TRACKING_CONTEXT (@sync_client_id_binary) ", 
        "SYS_CHANGE_CREATION_VERSION ", 
        "SYS_CHANGE_VERSION", 
        "SYS_CHANGE_CONTEXT", 
        "SYS_CHANGE_OPERATION", 
        " JOIN ", 
        "CHANGETABLE(", 
        "VERSION ", 
        "CHANGES ", 
        " = 'I'", 
        " = 'U'", 
        " = 'D'", 
        " ELSE ", 
        "@@QUOTED_TABLE_NAME@@", 
        "IF CHANGE_TRACKING_MIN_VALID_VERSION(object_id(N'@@QUOTED_TABLE_NAME@@')) > @sync_last_received_anchor RAISERROR (N'{0}',16,3,N'@@QUOTED_TABLE_NAME@@') ", 
        "SchemaMapping Unsorted Index", 
        "Original_", 
        "IsNull_", 
        "original", 
        "isnull", 
        "ORIGINAL", 
        "ISNULL", 
        "VS_VERSION_INFO", 
        "VarFileInfo", 
        "Translation", 
        "StringFileInfo", 
        "000004b0", 
        "Comments", 
        "Server side components for 'Microsoft Synchronization Services for ADO.NET'.", 
        "CompanyName", 
        "Microsoft Corporation", 
        "FileDescription", 
        "Microsoft.Synchronization.Data.Server", 
        "FileVersion", 
        "1.0.1208.0", 
        "InternalName", 
        "Microsoft.Synchronization.Data.Server.dll", 
        "LegalCopyright", 
        " Microsoft Corporation. All rights reserved.", 
        "OriginalFilename", 
        "Microsoft.Synchronization.Data.Server.dll", 
        "ProductName", 
        "Microsoft Synchronization Services for ADO.NET", 
        "ProductVersion", 
        "1.0.1208.0", 
        "Assembly Version", 
        "1.0.0.0", 
        "<<<Obsolete>>", 
        "0Microsoft Sync Framewor"
    ], 
    "metadata": {
        "output": {
            "pcap": {
                "basename": "dump.pcap", 
                "sha256": "e6dd3300ec2c21e788506c867bdd50caf3f607c2ddc8cb23434c6d5e3b65b488", 
                "dirname": ""
            }
        }
    }
}