{"started_on": {"$dt": "2024-10-14T17:25:51.237787"}, "duration": -1, "sample_id": 5139958, "owner": null, "id": 5291133, "category": "file", "priority": 2, "guest": {"status": "stopped", "name": "win7x6410", "label": "win7x6410", "manager": "VirtualBox", "started_on": "2024-10-14 17:27:10", "shutdown_on": "2024-10-14 17:30:43"}, "clock": {"$dt": "2024-10-14T14:04:34.471310"}, "custom": null, "machine": null, "platform": "windows", "memory": true, "status": "running", "tags": [], "processing": null, "enforce_timeout": false, "completed_on": null, "target": "/srv/cuckoo/cwd/storage/cuckoo-tmp/tmpOryDHQ/6296d95b49d795fa10ae6e9c4e4272ea4e1444105bddbf45b34ee067b2603b38", "package": "exe", "route": "internet", "timeout": 300, "submit_id": 5121431, "options": {"procmemdump": "yes", "route": "internet"}, "added_on": {"$dt": "2024-10-14T14:04:34.471360"}}