{"started_on": {"$dt": "2024-10-14T17:27:02.479808"}, "duration": -1, "sample_id": 5139962, "owner": null, "id": 5291137, "category": "file", "priority": 2, "guest": {"status": "stopped", "name": "win7x6417", "label": "win7x6417", "manager": "VirtualBox", "started_on": "2024-10-14 17:28:38", "shutdown_on": "2024-10-14 17:33:03"}, "clock": {"$dt": "2024-10-14T14:04:34.715722"}, "custom": null, "machine": null, "platform": "windows", "memory": true, "status": "running", "tags": [], "processing": null, "enforce_timeout": false, "completed_on": null, "target": "/srv/cuckoo/cwd/storage/cuckoo-tmp/tmpAAjoQJ/778568b44e13751800bf66c17606dfdfe35bebbb94c8e6e2a2549c7482c33f7a", "package": "exe", "route": "internet", "timeout": 300, "submit_id": 5121431, "options": {"procmemdump": "yes", "route": "internet"}, "added_on": {"$dt": "2024-10-14T14:04:34.715771"}}