{"path": "shots/0001.jpg", "pids": [], "filepath": null}
{"path": "curtain/1728916069.14.curtain.log", "pids": [], "filepath": "C:\\curtain.log"}
{"path": "sysmon/1728916070.92.sysmon.xml", "pids": [], "filepath": "C:\\sysmon.xml"}
{"path": "files/52a2b413d3bfab6e_amdhwdecoder_32.dll", "pids": [2168], "filepath": "C:\\Users\\Administrator\\AppData\\Roaming\\ATI\\amdhwdecoder_32.dll"}
{"path": "files/733b8a2d8dd129f2_atiglpxx.dll", "pids": [2168], "filepath": "C:\\Users\\Administrator\\AppData\\Roaming\\ATI\\atiglpxx.dll"}
{"path": "files/b5d87116b7ce7f40_amd_opencl32.dll", "pids": [2168], "filepath": "C:\\Users\\Administrator\\AppData\\Roaming\\ATI\\amd_opencl32.dll"}
{"path": "files/0fd569bde52361a0_racss.dat", "pids": [2168], "filepath": "C:\\Users\\Administrator\\AppData\\Roaming\\ATI\\racss.dat"}
