{"started_on": {"$dt": "2024-10-14T17:20:07.947474"}, "duration": -1, "sample_id": 5139921, "owner": null, "id": 5291096, "category": "file", "priority": 2, "guest": {"status": "stopped", "name": "win7x6419", "label": "win7x6419", "manager": "VirtualBox", "started_on": "2024-10-14 17:20:10", "shutdown_on": "2024-10-14 17:29:24"}, "clock": {"$dt": "2024-10-14T14:02:12.488799"}, "custom": null, "machine": null, "platform": "windows", "memory": true, "status": "running", "tags": [], "processing": null, "enforce_timeout": false, "completed_on": null, "target": "/srv/cuckoo/cwd/storage/cuckoo-tmp/tmp6OnSfG/3dea35172449f0b9a86dff9af3b4480cc4c37a30e8cb54963ff91c4c1ffe7b0d", "package": "exe", "route": "internet", "timeout": 300, "submit_id": 5121426, "options": {"procmemdump": "yes", "route": "internet"}, "added_on": {"$dt": "2024-10-14T14:02:12.488866"}}