{
    "info": {
        "added": 1728914485.703283, 
        "started": 1728926281.24892, 
        "duration": 296, 
        "ended": 1728926577.611077, 
        "owner": null, 
        "score": 10, 
        "id": 5291080, 
        "category": "file", 
        "git": {
            "head": "", 
            "fetch_head": ""
        }, 
        "monitor": null, 
        "package": "exe", 
        "route": "internet", 
        "custom": null, 
        "machine": {
            "status": "stopped", 
            "name": "win7x644", 
            "label": "win7x644", 
            "platform": "windows", 
            "manager": "VirtualBox", 
            "started_on": "2024-10-14 17:18:25", 
            "shutdown_on": "2024-10-14 17:22:56"
        }, 
        "platform": "windows", 
        "version": "2.0.7", 
        "options": "procmemdump=yes,route=internet"
    }, 
    "signatures": [
        {
            "families": [], 
            "description": "Yara rules detected for file", 
            "severity": 1, 
            "ttp": {}, 
            "markcount": 5, 
            "references": [], 
            "marks": [
                {
                    "type": "generic", 
                    "description": "CORESHELL/SOURFACE Implant by APT28", 
                    "rule": "IMPLANT_2_v1"
                }, 
                {
                    "type": "generic", 
                    "description": "CORESHELL/SOURFACE Implant by APT28", 
                    "rule": "IMPLANT_2_v1"
                }, 
                {
                    "type": "generic", 
                    "description": "Detects Malware from APT28 incident - SOURFACE is a downloader that obtains a second-stage backdoor from a C2 server.", 
                    "rule": "APT28_SourFace_Malware3"
                }, 
                {
                    "type": "generic", 
                    "description": "FANCY BEAR WinIDS downloader", 
                    "rule": "CrowdStrike_CSIR_14008_14"
                }, 
                {
                    "type": "generic", 
                    "description": "Sofacy WinIDS Downloader", 
                    "rule": "CrowdStrike_CSIT_14084_01"
                }
            ], 
            "name": "file_yara"
        }, 
        {
            "families": [], 
            "description": "The binary likely contains encrypted or compressed data indicative of a packer", 
            "severity": 2, 
            "ttp": {
                "T1045": {
                    "short": "Software Packing", 
                    "long": "Software packing is a method of compressing or encrypting an executable. Packing an executable changes the file signature in an attempt to avoid signature-based detection. Most decompression techniques decompress the executable code in memory."
                }
            }, 
            "markcount": 1, 
            "references": [
                "http://www.forensickb.com/2013/03/file-entropy-explained.html", 
                "http://virii.es/U/Using%20Entropy%20Analysis%20to%20Find%20Encrypted%20and%20Packed%20Malware.pdf"
            ], 
            "marks": [
                {
                    "entropy": 7.090156385128123, 
                    "section": {
                        "size_of_data": "0x00000a00", 
                        "virtual_address": "0x00004000", 
                        "entropy": 7.090156385128123, 
                        "name": ".data", 
                        "virtual_size": "0x0000092c"
                    }, 
                    "type": "generic", 
                    "description": "A section with a high entropy has been found"
                }
            ], 
            "name": "packer_entropy"
        }, 
        {
            "families": [], 
            "description": "File has been identified by 14 AntiVirus engine on IRMA as malicious", 
            "severity": 60, 
            "ttp": {}, 
            "markcount": 14, 
            "references": [], 
            "marks": [
                {
                    "category": "G Data Antivirus (Windows)", 
                    "ioc": "Virus: Gen:Variant.Zusy.243362 (Engine A)", 
                    "type": "ioc", 
                    "description": null
                }, 
                {
                    "category": "C4S ClamAV (Linux)", 
                    "ioc": "Win.Downloader.Coreshell-4", 
                    "type": "ioc", 
                    "description": null
                }, 
                {
                    "category": "F-Secure Antivirus (Linux)", 
                    "ioc": "Trojan.TR/AD.Sednic.ienxc [Aquarius]", 
                    "type": "ioc", 
                    "description": null
                }, 
                {
                    "category": "Windows Defender (Windows)", 
                    "ioc": "Trojan:Win32/Foosace.D!dha", 
                    "type": "ioc", 
                    "description": null
                }, 
                {
                    "category": "Microsoft Defender ATP (Linux)", 
                    "ioc": "Trojan:Win32/Foosace.D!dha", 
                    "type": "ioc", 
                    "description": null
                }, 
                {
                    "category": "Sophos Anti-Virus (Linux)", 
                    "ioc": "Troj/Coresh-B", 
                    "type": "ioc", 
                    "description": null
                }, 
                {
                    "category": "eScan Antivirus (Linux)", 
                    "ioc": "Gen:Variant.Zusy.243362(DB)", 
                    "type": "ioc", 
                    "description": null
                }, 
                {
                    "category": "ESET Security (Windows)", 
                    "ioc": "a variant of Win32/Sednit.B trojan", 
                    "type": "ioc", 
                    "description": null
                }, 
                {
                    "category": "McAfee CLI scanner (Linux)", 
                    "ioc": "BackDoor-FCGB trojan", 
                    "type": "ioc", 
                    "description": null
                }, 
                {
                    "category": "DrWeb Antivirus (Linux)", 
                    "ioc": "Trojan.Coreshell.9", 
                    "type": "ioc", 
                    "description": null
                }, 
                {
                    "category": "Trend Micro SProtect (Linux)", 
                    "ioc": "TROJ_SEDNIT.WVT", 
                    "type": "ioc", 
                    "description": null
                }, 
                {
                    "category": "ClamAV (Linux)", 
                    "ioc": "Win.Downloader.Coreshell-4", 
                    "type": "ioc", 
                    "description": null
                }, 
                {
                    "category": "Bitdefender Antivirus (Linux)", 
                    "ioc": "Gen:Variant.Zusy.243362", 
                    "type": "ioc", 
                    "description": null
                }, 
                {
                    "category": "Kaspersky Standard (Windows)", 
                    "ioc": "HEUR:Trojan.Win32.Generic", 
                    "type": "ioc", 
                    "description": null
                }
            ], 
            "name": "antivirus_irma"
        }, 
        {
            "families": [], 
            "description": "File has been identified by 61 AntiVirus engines on VirusTotal as malicious", 
            "severity": 60, 
            "ttp": {}, 
            "markcount": 61, 
            "references": [], 
            "marks": [
                {
                    "category": "Bkav", 
                    "ioc": "W32.AIDetectMalware", 
                    "type": "ioc", 
                    "description": null
                }, 
                {
                    "category": "Lionic", 
                    "ioc": "Trojan.Win32.Sofacy.4!c", 
                    "type": "ioc", 
                    "description": null
                }, 
                {
                    "category": "Elastic", 
                    "ioc": "malicious (high confidence)", 
                    "type": "ioc", 
                    "description": null
                }, 
                {
                    "category": "Cynet", 
                    "ioc": "Malicious (score: 100)", 
                    "type": "ioc", 
                    "description": null
                }, 
                {
                    "category": "CAT-QuickHeal", 
                    "ioc": "TrojanAPT.Chopstk.A5", 
                    "type": "ioc", 
                    "description": null
                }, 
                {
                    "category": "Skyhigh", 
                    "ioc": "BackDoor-FCGB", 
                    "type": "ioc", 
                    "description": null
                }, 
                {
                    "category": "ALYac", 
                    "ioc": "Backdoor.DllBot.gen", 
                    "type": "ioc", 
                    "description": null
                }, 
                {
                    "category": "Cylance", 
                    "ioc": "Unsafe", 
                    "type": "ioc", 
                    "description": null
                }, 
                {
                    "category": "VIPRE", 
                    "ioc": "Gen:Variant.Zusy.243362", 
                    "type": "ioc", 
                    "description": null
                }, 
                {
                    "category": "Sangfor", 
                    "ioc": "Backdoor.Win32.Sednit.V27y", 
                    "type": "ioc", 
                    "description": null
                }, 
                {
                    "category": "K7AntiVirus", 
                    "ioc": "Trojan ( 0048ce7c1 )", 
                    "type": "ioc", 
                    "description": null
                }, 
                {
                    "category": "BitDefender", 
                    "ioc": "Gen:Variant.Zusy.243362", 
                    "type": "ioc", 
                    "description": null
                }, 
                {
                    "category": "K7GW", 
                    "ioc": "Trojan ( 0048ce7c1 )", 
                    "type": "ioc", 
                    "description": null
                }, 
                {
                    "category": "Arcabit", 
                    "ioc": "Trojan.Zusy.D3B6A2", 
                    "type": "ioc", 
                    "description": null
                }, 
                {
                    "category": "Symantec", 
                    "ioc": "Trojan.Sofacy!gm", 
                    "type": "ioc", 
                    "description": null
                }, 
                {
                    "category": "ESET-NOD32", 
                    "ioc": "a variant of Win32/Sednit.B", 
                    "type": "ioc", 
                    "description": null
                }, 
                {
                    "category": "APEX", 
                    "ioc": "Malicious", 
                    "type": "ioc", 
                    "description": null
                }, 
                {
                    "category": "McAfee", 
                    "ioc": "BackDoor-FCGB", 
                    "type": "ioc", 
                    "description": null
                }, 
                {
                    "category": "Avast", 
                    "ioc": "Win32:Malware-gen", 
                    "type": "ioc", 
                    "description": null
                }, 
                {
                    "category": "ClamAV", 
                    "ioc": "Win.Downloader.Coreshell-4", 
                    "type": "ioc", 
                    "description": null
                }, 
                {
                    "category": "Kaspersky", 
                    "ioc": "Trojan.Win32.Sofacy.aq", 
                    "type": "ioc", 
                    "description": null
                }, 
                {
                    "category": "Alibaba", 
                    "ioc": "Trojan:Win32/Sofacy.97ad983a", 
                    "type": "ioc", 
                    "description": null
                }, 
                {
                    "category": "NANO-Antivirus", 
                    "ioc": "Trojan.Win32.Coreshell.eanxth", 
                    "type": "ioc", 
                    "description": null
                }, 
                {
                    "category": "MicroWorld-eScan", 
                    "ioc": "Gen:Variant.Zusy.243362", 
                    "type": "ioc", 
                    "description": null
                }, 
                {
                    "category": "Rising", 
                    "ioc": "Backdoor.Agent!8.C5D (TFE:2:Gfdn4WKGSJK)", 
                    "type": "ioc", 
                    "description": null
                }, 
                {
                    "category": "Emsisoft", 
                    "ioc": "Gen:Variant.Zusy.243362 (B)", 
                    "type": "ioc", 
                    "description": null
                }, 
                {
                    "category": "F-Secure", 
                    "ioc": "Trojan.TR/AD.Sednic.ienxc", 
                    "type": "ioc", 
                    "description": null
                }, 
                {
                    "category": "DrWeb", 
                    "ioc": "Trojan.Coreshell.9", 
                    "type": "ioc", 
                    "description": null
                }, 
                {
                    "category": "Zillya", 
                    "ioc": "Trojan.Sofacy.Win32.33", 
                    "type": "ioc", 
                    "description": null
                }, 
                {
                    "category": "TrendMicro", 
                    "ioc": "TROJ_SEDNIT.WVT", 
                    "type": "ioc", 
                    "description": null
                }, 
                {
                    "category": "McAfeeD", 
                    "ioc": "ti!03ED773BDE6C", 
                    "type": "ioc", 
                    "description": null
                }, 
                {
                    "category": "FireEye", 
                    "ioc": "Gen:Variant.Zusy.243362", 
                    "type": "ioc", 
                    "description": null
                }, 
                {
                    "category": "Sophos", 
                    "ioc": "Troj/Coresh-B", 
                    "type": "ioc", 
                    "description": null
                }, 
                {
                    "category": "Jiangmin", 
                    "ioc": "Trojan.Sofacy.dj", 
                    "type": "ioc", 
                    "description": null
                }, 
                {
                    "category": "Google", 
                    "ioc": "Detected", 
                    "type": "ioc", 
                    "description": null
                }, 
                {
                    "category": "Avira", 
                    "ioc": "TR/AD.Sednic.ienxc", 
                    "type": "ioc", 
                    "description": null
                }, 
                {
                    "category": "MAX", 
                    "ioc": "malware (ai score=100)", 
                    "type": "ioc", 
                    "description": null
                }, 
                {
                    "category": "Antiy-AVL", 
                    "ioc": "Trojan/Win32.APT28", 
                    "type": "ioc", 
                    "description": null
                }, 
                {
                    "category": "Kingsoft", 
                    "ioc": "malware.kb.a.1000", 
                    "type": "ioc", 
                    "description": null
                }, 
                {
                    "category": "Xcitium", 
                    "ioc": "Malware@#3bcz98fqstrvh", 
                    "type": "ioc", 
                    "description": null
                }, 
                {
                    "category": "Microsoft", 
                    "ioc": "Trojan:Win32/Foosace.D!dha", 
                    "type": "ioc", 
                    "description": null
                }, 
                {
                    "category": "ViRobot", 
                    "ioc": "Trojan.Win32.CozyDuke.14848", 
                    "type": "ioc", 
                    "description": null
                }, 
                {
                    "category": "ZoneAlarm", 
                    "ioc": "Trojan.Win32.Sofacy.aq", 
                    "type": "ioc", 
                    "description": null
                }, 
                {
                    "category": "GData", 
                    "ioc": "Gen:Variant.Zusy.243362", 
                    "type": "ioc", 
                    "description": null
                }, 
                {
                    "category": "Varist", 
                    "ioc": "W32/ABRisk.EDSF-0457", 
                    "type": "ioc", 
                    "description": null
                }, 
                {
                    "category": "AhnLab-V3", 
                    "ioc": "Trojan/Win32.Sednit.R122624", 
                    "type": "ioc", 
                    "description": null
                }, 
                {
                    "category": "BitDefenderTheta", 
                    "ioc": "Gen:NN.ZedlaF.36812.au8@aKpOPxbi", 
                    "type": "ioc", 
                    "description": null
                }, 
                {
                    "category": "TACHYON", 
                    "ioc": "Trojan/W32.Sofacy.14848", 
                    "type": "ioc", 
                    "description": null
                }, 
                {
                    "category": "DeepInstinct", 
                    "ioc": "MALICIOUS", 
                    "type": "ioc", 
                    "description": null
                }, 
                {
                    "category": "VBA32", 
                    "ioc": "BScope.Trojan.MulDrop", 
                    "type": "ioc", 
                    "description": null
                }
            ], 
            "name": "antivirus_virustotal"
        }
    ], 
    "target": {
        "category": "file", 
        "file": {
            "mimetype": "application/x-dosexec", 
            "yara": [
                {
                    "meta": {
                        "score": 85, 
                        "description": "CORESHELL/SOURFACE Implant by APT28", 
                        "reference": "https://www.us-cert.gov/ncas/current-activity/2017/02/10/Enhanced-Analysis-GRIZZLY-STEPPE", 
                        "author": "US CERT", 
                        "date": "2017-02-10"
                    }, 
                    "name": "IMPLANT_2_v1", 
                    "offsets": {
                        "STR1": [
                            [
                                2153, 
                                0
                            ]
                        ]
                    }, 
                    "strings": [
                        "jUb6UFfovfz//8dF0AAAAACNTdBRagBqAQ=="
                    ]
                }, 
                {
                    "meta": {
                        "score": 85, 
                        "description": "CORESHELL/SOURFACE Implant by APT28", 
                        "reference": "https://www.us-cert.gov/ncas/current-activity/2017/02/10/Enhanced-Analysis-GRIZZLY-STEPPE", 
                        "author": "US CERT", 
                        "date": "2017-02-10"
                    }, 
                    "name": "IMPLANT_2_v1", 
                    "offsets": {
                        "STR1": [
                            [
                                2153, 
                                0
                            ]
                        ]
                    }, 
                    "strings": [
                        "jUb6UFfovfz//8dF0AAAAACNTdBRagBqAQ=="
                    ]
                }, 
                {
                    "meta": {
                        "description": "Detects Malware from APT28 incident - SOURFACE is a downloader that obtains a second-stage backdoor from a C2 server.", 
                        "reference": "https://www.fireeye.com/blog/threat-research/2014/10/apt28-a-window-into-russias-cyber-espionage-operations.html", 
                        "date": "2015-06-01", 
                        "score": 60, 
                        "author": "Florian Roth", 
                        "super_rule": 1, 
                        "hash5": "ed48ef531d96e8c7360701da1c57e2ff13f12405", 
                        "hash4": "cf3220c867b81949d1ce2b36446642de7894c6dc", 
                        "hash7": "a8551397e1f1a2c0148e6eadcb56fa35ee6009ca", 
                        "hash6": "682e49efa6d2549147a21993d64291bfa40d815a", 
                        "hash1": "d9c53adce8c35ec3b1e015ec8011078902e6800b", 
                        "hash0": "85522190958c82589fa290c0835805f3d9a2f8d6", 
                        "hash3": "d87b310aa81ae6254fff27b7d57f76035f544073", 
                        "hash2": "367d40465fd1633c435b966fa9b289188aa444bc", 
                        "hash9": "e2450dffa675c61aa43077b25b12851a910eeeb6", 
                        "hash8": "f5b3e98c6b5d65807da66d50bd5730d35692174d"
                    }, 
                    "name": "APT28_SourFace_Malware3", 
                    "offsets": {
                        "s1": [
                            [
                                12676, 
                                0
                            ]
                        ], 
                        "s0": [
                            [
                                12824, 
                                1
                            ], 
                            [
                                13060, 
                                1
                            ]
                        ]
                    }, 
                    "strings": [
                        "QwBvAHIAZQAgAFMAaABlAGwAbAAgAFIAdQBuAHQAaQBtAGUAIABTAGUAcgB2AGkAYwBlAA==", 
                        "YwBvAHIAZQBzAGgAZQBsAGwALgBkAGwAbAA="
                    ]
                }, 
                {
                    "meta": {
                        "description": "FANCY BEAR WinIDS downloader", 
                        "copyright": "(c) 2020 CrowdStrike Inc.", 
                        "reports": "CSIR-14008", 
                        "version": "201808011422", 
                        "actor": "FANCY BEAR", 
                        "last_modified": "2018-08-01", 
                        "malware_family": "WinIDS"
                    }, 
                    "name": "CrowdStrike_CSIR_14008_14", 
                    "offsets": {
                        "winids2": [
                            [
                                9809, 
                                1
                            ]
                        ], 
                        "winids1": [
                            [
                                9779, 
                                0
                            ]
                        ]
                    }, 
                    "strings": [
                        "JUhzbx8weWg0CDrv", 
                        "JUjzSNoP/1CVaIMI"
                    ]
                }, 
                {
                    "meta": {
                        "description": "Sofacy WinIDS Downloader", 
                        "copyright": "(c) 2020 CrowdStrike Inc.", 
                        "reports": "CSIT-14084", 
                        "version": "202012141610", 
                        "actor": "FANCY BEAR", 
                        "last_modified": "2020-12-14", 
                        "malware_family": "WinIDS"
                    }, 
                    "name": "CrowdStrike_CSIT_14084_01", 
                    "offsets": {
                        "winids2": [
                            [
                                9809, 
                                1
                            ]
                        ], 
                        "winids1": [
                            [
                                9779, 
                                0
                            ]
                        ]
                    }, 
                    "strings": [
                        "JUhzbx8weWg0CDrv", 
                        "JUjzSNoP/1CVaIMI"
                    ]
                }
            ], 
            "sha1": "85522190958c82589fa290c0835805f3d9a2f8d6", 
            "name": "03ed773bde6c6a1ac3b24bde6003322df8d41d3d1c85109b8669c430b58d2f69", 
            "type": "PE32 executable (DLL) (GUI) Intel 80386, for MS Windows", 
            "sha256": "03ed773bde6c6a1ac3b24bde6003322df8d41d3d1c85109b8669c430b58d2f69", 
            "urls": [], 
            "crc32": "AB57086F", 
            "path": "/srv/cuckoo/cwd/storage/binaries/03ed773bde6c6a1ac3b24bde6003322df8d41d3d1c85109b8669c430b58d2f69", 
            "ssdeep": null, 
            "size": 14848, 
            "sha512": "da13f9d536fe416434219e6ef8ca544963a97531df1ce673fa8b14b682b764426edfac6b9757228360f05c6d0c8109e10cc20381f25b94a671e9982306f3ef5c", 
            "md5": "8b92fe86c5b7a9e34f433a6fbac8bc3a"
        }, 
        "custom": null
    }, 
    "irma": {
        "status": null, 
        "probes_finished": 16, 
        "scan_id": "22fb9a3a-1c45-424b-b606-5f5409888d09", 
        "parent_file_sha256": null, 
        "name": "03ed773bde6c6a1ac3b24bde6003322df8d41d3d1c85109b8669c430b58d2f69", 
        "probes_total": 18, 
        "scan_date": 1728915779, 
        "other_results": [], 
        "probe_results": {
            "antivirus": {
                "G Data Antivirus (Windows)": {
                    "status": 1, 
                    "duration": 0.34, 
                    "version": "5.5.20197.1358", 
                    "results": "Virus: Gen:Variant.Zusy.243362 (Engine A)", 
                    "virus_database_version": "unavailable"
                }, 
                "Avast Core Security (Linux)": {
                    "status": 0, 
                    "duration": 0.04, 
                    "version": "4.5.1", 
                    "results": null, 
                    "virus_database_version": "unavailable"
                }, 
                "C4S ClamAV (Linux)": {
                    "status": 1, 
                    "duration": 0.44, 
                    "version": "0.103.12", 
                    "results": "Win.Downloader.Coreshell-4", 
                    "virus_database_version": "27403"
                }, 
                "F-Secure Antivirus (Linux)": {
                    "status": 1, 
                    "duration": 0.06, 
                    "version": "11.10", 
                    "results": "Trojan.TR/AD.Sednic.ienxc [Aquarius]", 
                    "virus_database_version": "2024-09-20_06"
                }, 
                "Windows Defender (Windows)": {
                    "status": 1, 
                    "duration": 0.69, 
                    "version": "1.1.24080.9", 
                    "results": "Trojan:Win32/Foosace.D!dha", 
                    "virus_database_version": "1.419.483.0"
                }, 
                "Microsoft Defender ATP (Linux)": {
                    "status": 1, 
                    "duration": 16.3, 
                    "version": "unavailable", 
                    "results": "Trojan:Win32/Foosace.D!dha", 
                    "virus_database_version": "123"
                }, 
                "Forticlient (Linux)": {
                    "status": 0, 
                    "duration": 3.06, 
                    "version": "unavailable", 
                    "results": null, 
                    "virus_database_version": "unavailable"
                }, 
                "Sophos Anti-Virus (Linux)": {
                    "status": 1, 
                    "duration": 0.4, 
                    "version": "1.1.5.14 (2024-05-28)", 
                    "results": "Troj/Coresh-B", 
                    "virus_database_version": "unavailable"
                }, 
                "eScan Antivirus (Linux)": {
                    "status": 1, 
                    "duration": 3.79, 
                    "version": "7.0.21", 
                    "results": "Gen:Variant.Zusy.243362(DB)", 
                    "virus_database_version": "7.97546 (23/09/2024)"
                }, 
                "ESET Security (Windows)": {
                    "status": 1, 
                    "duration": 0.59, 
                    "version": "unavailable", 
                    "results": "a variant of Win32/Sednit.B trojan", 
                    "virus_database_version": "unavailable"
                }, 
                "McAfee CLI scanner (Linux)": {
                    "status": 1, 
                    "duration": 7.77, 
                    "version": "6.0.6.653", 
                    "results": "BackDoor-FCGB trojan", 
                    "virus_database_version": "11200"
                }, 
                "DrWeb Antivirus (Linux)": {
                    "status": 1, 
                    "duration": 0.16, 
                    "version": "11.1.16.2406170954", 
                    "results": "Trojan.Coreshell.9", 
                    "virus_database_version": "unavailable"
                }, 
                "Trend Micro SProtect (Linux)": {
                    "status": 1, 
                    "duration": 4.8, 
                    "version": "3.0", 
                    "results": "TROJ_SEDNIT.WVT", 
                    "virus_database_version": "0x020000400"
                }, 
                "ClamAV (Linux)": {
                    "status": 1, 
                    "duration": 0.45, 
                    "version": "0.103.12", 
                    "results": "Win.Downloader.Coreshell-4", 
                    "virus_database_version": "27427"
                }, 
                "Bitdefender Antivirus (Linux)": {
                    "status": 1, 
                    "duration": 10.66, 
                    "version": "7.90123", 
                    "results": "Gen:Variant.Zusy.243362", 
                    "virus_database_version": null
                }, 
                "Kaspersky Standard (Windows)": {
                    "status": 1, 
                    "duration": 1.17, 
                    "version": "21.17", 
                    "results": "HEUR:Trojan.Win32.Generic", 
                    "virus_database_version": "2024-10-13 11:03:00 (full)"
                }
            }
        }, 
        "file_infos": {
            "mimetype": "PE32 executable (DLL) (GUI) Intel 80386, for MS Windows", 
            "sha1": "85522190958c82589fa290c0835805f3d9a2f8d6", 
            "tags": [], 
            "timestamp_first_scan": 1710648678.3, 
            "size": 14848, 
            "timestamp_last_scan": 1728915796.25, 
            "sha256": "03ed773bde6c6a1ac3b24bde6003322df8d41d3d1c85109b8669c430b58d2f69", 
            "md5": "8b92fe86c5b7a9e34f433a6fbac8bc3a"
        }, 
        "submitter": "cli", 
        "path": "", 
        "result_id": "8c22fcf5-6306-4ec2-9f36-754c3538473e"
    }, 
    "suricata": {
        "tls": [], 
        "files": [], 
        "alerts": [], 
        "http": []
    }, 
    "virustotal": {
        "permalink": "https://www.virustotal.com/gui/file/03ed773bde6c6a1ac3b24bde6003322df8d41d3d1c85109b8669c430b58d2f69/detection/f-03ed773bde6c6a1ac3b24bde6003322df8d41d3d1c85109b8669c430b58d2f69-1724235672", 
        "sha1": "85522190958c82589fa290c0835805f3d9a2f8d6", 
        "resource": "8b92fe86c5b7a9e34f433a6fbac8bc3a", 
        "response_code": 1, 
        "scan_date": "2024-08-21 10:21:12", 
        "scan_id": "03ed773bde6c6a1ac3b24bde6003322df8d41d3d1c85109b8669c430b58d2f69-1724235672", 
        "summary": {
            "positives": 61, 
            "permalink": "https://www.virustotal.com/gui/file/03ed773bde6c6a1ac3b24bde6003322df8d41d3d1c85109b8669c430b58d2f69/detection/f-03ed773bde6c6a1ac3b24bde6003322df8d41d3d1c85109b8669c430b58d2f69-1724235672", 
            "scan_date": "2024-08-21 10:21:12"
        }, 
        "sha256": "03ed773bde6c6a1ac3b24bde6003322df8d41d3d1c85109b8669c430b58d2f69", 
        "normalized": [
            "AIDetectMalware", 
            "Sofacy", 
            "malicious", 
            "high confidence", 
            "score", 
            "Chopstk", 
            "FCGB", 
            "DllBot", 
            "Unsafe", 
            "Zusy", 
            "Sednit", 
            "V27y", 
            "Coreshell", 
            "eanxth", 
            "Gfdn4WKGSJK", 
            "Sednic", 
            "ienxc", 
            "Coresh", 
            "Detected", 
            "ai score=100", 
            "APT28", 
            "Malware@#3bcz98fqstrvh", 
            "Foosace", 
            "CozyDuke", 
            "ABRisk", 
            "EDSF", 
            "R122624", 
            "ZedlaF", 
            "au8@aKpOPxbi", 
            "BScope", 
            "MulDrop", 
            "GdSda", 
            "Nzfl", 
            "Sefnit", 
            "susgen", 
            "confidence", 
            "100%"
        ], 
        "total": 75, 
        "positives": 61, 
        "verbose_msg": "Scan finished, information embedded", 
        "md5": "8b92fe86c5b7a9e34f433a6fbac8bc3a", 
        "scans": {
            "Bkav": {
                "detected": true, 
                "version": "2.0.0.1", 
                "result": "W32.AIDetectMalware", 
                "normalized": [
                    "AIDetectMalware"
                ], 
                "update": "20240821"
            }, 
            "Lionic": {
                "detected": true, 
                "version": "8.16", 
                "result": "Trojan.Win32.Sofacy.4!c", 
                "normalized": [
                    "Sofacy"
                ], 
                "update": "20240821"
            }, 
            "Elastic": {
                "detected": true, 
                "version": "4.0.158", 
                "result": "malicious (high confidence)", 
                "normalized": [
                    "malicious", 
                    "high confidence"
                ], 
                "update": "20240802"
            }, 
            "Cynet": {
                "detected": true, 
                "version": "4.0.1.1", 
                "result": "Malicious (score: 100)", 
                "normalized": [
                    "Malicious", 
                    "score"
                ], 
                "update": "20240821"
            }, 
            "CMC": {
                "detected": false, 
                "version": "2.4.2022.1", 
                "result": null, 
                "normalized": [], 
                "update": "20240819"
            }, 
            "CAT-QuickHeal": {
                "detected": true, 
                "version": "22.00", 
                "result": "TrojanAPT.Chopstk.A5", 
                "normalized": [
                    "Chopstk"
                ], 
                "update": "20240820"
            }, 
            "Skyhigh": {
                "detected": true, 
                "version": "v2021.2.0+4045", 
                "result": "BackDoor-FCGB", 
                "normalized": [
                    "FCGB"
                ], 
                "update": "20240821"
            }, 
            "ALYac": {
                "detected": true, 
                "version": "2.0.0.10", 
                "result": "Backdoor.DllBot.gen", 
                "normalized": [
                    "DllBot"
                ], 
                "update": "20240821"
            }, 
            "Cylance": {
                "detected": true, 
                "version": "3.0.0.0", 
                "result": "Unsafe", 
                "normalized": [
                    "Unsafe"
                ], 
                "update": "20240815"
            }, 
            "VIPRE": {
                "detected": true, 
                "version": "6.0.0.35", 
                "result": "Gen:Variant.Zusy.243362", 
                "normalized": [
                    "Zusy"
                ], 
                "update": "20240820"
            }, 
            "Sangfor": {
                "detected": true, 
                "version": "2.25.10.0", 
                "result": "Backdoor.Win32.Sednit.V27y", 
                "normalized": [
                    "Sednit", 
                    "V27y"
                ], 
                "update": "20240806"
            }, 
            "K7AntiVirus": {
                "detected": true, 
                "version": "12.183.52997", 
                "result": "Trojan ( 0048ce7c1 )", 
                "normalized": [], 
                "update": "20240821"
            }, 
            "BitDefender": {
                "detected": true, 
                "version": "7.2", 
                "result": "Gen:Variant.Zusy.243362", 
                "normalized": [
                    "Zusy"
                ], 
                "update": "20240821"
            }, 
            "K7GW": {
                "detected": true, 
                "version": "12.183.52998", 
                "result": "Trojan ( 0048ce7c1 )", 
                "normalized": [], 
                "update": "20240821"
            }, 
            "Cybereason": {
                "detected": false, 
                "version": null, 
                "result": null, 
                "normalized": [], 
                "update": "20180308"
            }, 
            "Arcabit": {
                "detected": true, 
                "version": "2022.0.0.18", 
                "result": "Trojan.Zusy.D3B6A2", 
                "normalized": [
                    "Zusy"
                ], 
                "update": "20240821"
            }, 
            "Baidu": {
                "detected": false, 
                "version": "1.0.0.2", 
                "result": null, 
                "normalized": [], 
                "update": "20190318"
            }, 
            "VirIT": {
                "detected": false, 
                "version": "9.5.769", 
                "result": null, 
                "normalized": [], 
                "update": "20240820"
            }, 
            "Symantec": {
                "detected": true, 
                "version": "1.22.0.0", 
                "result": "Trojan.Sofacy!gm", 
                "normalized": [
                    "Sofacy"
                ], 
                "update": "20240821"
            }, 
            "tehtris": {
                "detected": false, 
                "version": "v0.1.4", 
                "result": null, 
                "normalized": [], 
                "update": "20240821"
            }, 
            "ESET-NOD32": {
                "detected": true, 
                "version": "29759", 
                "result": "a variant of Win32/Sednit.B", 
                "normalized": [
                    "Sednit"
                ], 
                "update": "20240821"
            }, 
            "APEX": {
                "detected": true, 
                "version": "6.565", 
                "result": "Malicious", 
                "normalized": [
                    "Malicious"
                ], 
                "update": "20240819"
            }, 
            "McAfee": {
                "detected": true, 
                "version": "6.0.6.653", 
                "result": "BackDoor-FCGB", 
                "normalized": [
                    "FCGB"
                ], 
                "update": "20240820"
            }, 
            "Avast": {
                "detected": true, 
                "version": "23.9.8494.0", 
                "result": "Win32:Malware-gen", 
                "normalized": [], 
                "update": "20240821"
            }, 
            "ClamAV": {
                "detected": true, 
                "version": "1.4.0.0", 
                "result": "Win.Downloader.Coreshell-4", 
                "normalized": [
                    "Coreshell"
                ], 
                "update": "20240821"
            }, 
            "Kaspersky": {
                "detected": true, 
                "version": "22.0.1.28", 
                "result": "Trojan.Win32.Sofacy.aq", 
                "normalized": [
                    "Sofacy"
                ], 
                "update": "20240821"
            }, 
            "Alibaba": {
                "detected": true, 
                "version": "0.3.0.5", 
                "result": "Trojan:Win32/Sofacy.97ad983a", 
                "normalized": [
                    "Sofacy"
                ], 
                "update": "20190527"
            }, 
            "NANO-Antivirus": {
                "detected": true, 
                "version": "1.0.146.25796", 
                "result": "Trojan.Win32.Coreshell.eanxth", 
                "normalized": [
                    "Coreshell", 
                    "eanxth"
                ], 
                "update": "20240821"
            }, 
            "SUPERAntiSpyware": {
                "detected": false, 
                "version": "5.6.0.1032", 
                "result": null, 
                "normalized": [], 
                "update": "20240820"
            }, 
            "MicroWorld-eScan": {
                "detected": true, 
                "version": "14.0.409.0", 
                "result": "Gen:Variant.Zusy.243362", 
                "normalized": [
                    "Zusy"
                ], 
                "update": "20240821"
            }, 
            "Rising": {
                "detected": true, 
                "version": "25.0.0.27", 
                "result": "Backdoor.Agent!8.C5D (TFE:2:Gfdn4WKGSJK)", 
                "normalized": [
                    "Gfdn4WKGSJK"
                ], 
                "update": "20240821"
            }, 
            "Emsisoft": {
                "detected": true, 
                "version": "2024.1.0.53752", 
                "result": "Gen:Variant.Zusy.243362 (B)", 
                "normalized": [
                    "Zusy"
                ], 
                "update": "20240821"
            }, 
            "F-Secure": {
                "detected": true, 
                "version": "18.10.1547.307", 
                "result": "Trojan.TR/AD.Sednic.ienxc", 
                "normalized": [
                    "Sednic", 
                    "ienxc"
                ], 
                "update": "20240821"
            }, 
            "DrWeb": {
                "detected": true, 
                "version": "7.0.65.5230", 
                "result": "Trojan.Coreshell.9", 
                "normalized": [
                    "Coreshell"
                ], 
                "update": "20240821"
            }, 
            "Zillya": {
                "detected": true, 
                "version": "2.0.0.5177", 
                "result": "Trojan.Sofacy.Win32.33", 
                "normalized": [
                    "Sofacy"
                ], 
                "update": "20240820"
            }, 
            "TrendMicro": {
                "detected": true, 
                "version": "11.0.0.1006", 
                "result": "TROJ_SEDNIT.WVT", 
                "normalized": [
                    "SEDNIT"
                ], 
                "update": "20240821"
            }, 
            "McAfeeD": {
                "detected": true, 
                "version": "1.2.0.7977", 
                "result": "ti!03ED773BDE6C", 
                "normalized": [], 
                "update": "20240821"
            }, 
            "Trapmine": {
                "detected": false, 
                "version": "4.0.16.173", 
                "result": null, 
                "normalized": [], 
                "update": "20240712"
            }, 
            "FireEye": {
                "detected": true, 
                "version": "35.47.0.0", 
                "result": "Gen:Variant.Zusy.243362", 
                "normalized": [
                    "Zusy"
                ], 
                "update": "20240821"
            }, 
            "Sophos": {
                "detected": true, 
                "version": "2.5.5.0", 
                "result": "Troj/Coresh-B", 
                "normalized": [
                    "Coresh"
                ], 
                "update": "20240821"
            }, 
            "SentinelOne": {
                "detected": false, 
                "version": "24.2.1.1", 
                "result": null, 
                "normalized": [], 
                "update": "20240417"
            }, 
            "Jiangmin": {
                "detected": true, 
                "version": "16.0.100", 
                "result": "Trojan.Sofacy.dj", 
                "normalized": [
                    "Sofacy"
                ], 
                "update": "20240820"
            }, 
            "Webroot": {
                "detected": false, 
                "version": "1.0.0.403", 
                "result": null, 
                "normalized": [], 
                "update": "20240821"
            }, 
            "Google": {
                "detected": true, 
                "version": "1724229044", 
                "result": "Detected", 
                "normalized": [
                    "Detected"
                ], 
                "update": "20240821"
            }, 
            "Avira": {
                "detected": true, 
                "version": "8.3.3.20", 
                "result": "TR/AD.Sednic.ienxc", 
                "normalized": [
                    "Sednic", 
                    "ienxc"
                ], 
                "update": "20240821"
            }, 
            "MAX": {
                "detected": true, 
                "version": "2023.1.4.1", 
                "result": "malware (ai score=100)", 
                "normalized": [
                    "ai score=100"
                ], 
                "update": "20240821"
            }, 
            "Antiy-AVL": {
                "detected": true, 
                "version": "3.0", 
                "result": "Trojan/Win32.APT28", 
                "normalized": [
                    "APT28"
                ], 
                "update": "20240821"
            }, 
            "Kingsoft": {
                "detected": true, 
                "version": "None", 
                "result": "malware.kb.a.1000", 
                "normalized": [], 
                "update": "20240725"
            }, 
            "Gridinsoft": {
                "detected": false, 
                "version": "1.0.185.174", 
                "result": null, 
                "normalized": [], 
                "update": "20240821"
            }, 
            "Xcitium": {
                "detected": true, 
                "version": "36979", 
                "result": "Malware@#3bcz98fqstrvh", 
                "normalized": [
                    "Malware@#3bcz98fqstrvh"
                ], 
                "update": "20240821"
            }, 
            "Microsoft": {
                "detected": true, 
                "version": "1.1.24070.3", 
                "result": "Trojan:Win32/Foosace.D!dha", 
                "normalized": [
                    "Foosace"
                ], 
                "update": "20240821"
            }, 
            "ViRobot": {
                "detected": true, 
                "version": "2014.3.20.0", 
                "result": "Trojan.Win32.CozyDuke.14848", 
                "normalized": [
                    "CozyDuke"
                ], 
                "update": "20240821"
            }, 
            "ZoneAlarm": {
                "detected": true, 
                "version": "1.0", 
                "result": "Trojan.Win32.Sofacy.aq", 
                "normalized": [
                    "Sofacy"
                ], 
                "update": "20240821"
            }, 
            "GData": {
                "detected": true, 
                "version": "A:25.38736B:27.37167", 
                "result": "Gen:Variant.Zusy.243362", 
                "normalized": [
                    "Zusy"
                ], 
                "update": "20240821"
            }, 
            "Varist": {
                "detected": true, 
                "version": "6.5.1.2", 
                "result": "W32/ABRisk.EDSF-0457", 
                "normalized": [
                    "ABRisk", 
                    "EDSF"
                ], 
                "update": "20240821"
            }, 
            "AhnLab-V3": {
                "detected": true, 
                "version": "3.26.1.10507", 
                "result": "Trojan/Win32.Sednit.R122624", 
                "normalized": [
                    "Sednit", 
                    "R122624"
                ], 
                "update": "20240821"
            }, 
            "Acronis": {
                "detected": false, 
                "version": "1.2.0.121", 
                "result": null, 
                "normalized": [], 
                "update": "20240328"
            }, 
            "BitDefenderTheta": {
                "detected": true, 
                "version": "7.2.37796.0", 
                "result": "Gen:NN.ZedlaF.36812.au8@aKpOPxbi", 
                "normalized": [
                    "ZedlaF", 
                    "au8@aKpOPxbi"
                ], 
                "update": "20240816"
            }, 
            "TACHYON": {
                "detected": true, 
                "version": "2024-08-21.02", 
                "result": "Trojan/W32.Sofacy.14848", 
                "normalized": [
                    "Sofacy"
                ], 
                "update": "20240821"
            }, 
            "DeepInstinct": {
                "detected": true, 
                "version": "5.0.0.8", 
                "result": "MALICIOUS", 
                "normalized": [
                    "MALICIOUS"
                ], 
                "update": "20240731"
            }, 
            "VBA32": {
                "detected": true, 
                "version": "5.0.0", 
                "result": "BScope.Trojan.MulDrop", 
                "normalized": [
                    "BScope", 
                    "MulDrop"
                ], 
                "update": "20240821"
            }, 
            "Malwarebytes": {
                "detected": false, 
                "version": "4.5.5.54", 
                "result": null, 
                "normalized": [], 
                "update": "20240821"
            }, 
            "Ikarus": {
                "detected": true, 
                "version": "6.3.12.0", 
                "result": "Trojan.Win32.Spy", 
                "normalized": [], 
                "update": "20240821"
            }, 
            "Panda": {
                "detected": true, 
                "version": "4.6.4.2", 
                "result": "Trj/GdSda.A", 
                "normalized": [
                    "GdSda"
                ], 
                "update": "20240820"
            }, 
            "Zoner": {
                "detected": false, 
                "version": "2.2.2.0", 
                "result": null, 
                "normalized": [], 
                "update": "20240821"
            }, 
            "TrendMicro-HouseCall": {
                "detected": true, 
                "version": "10.0.0.1040", 
                "result": "TROJ_SEDNIT.WVT", 
                "normalized": [
                    "SEDNIT"
                ], 
                "update": "20240821"
            }, 
            "Tencent": {
                "detected": true, 
                "version": "1.0.0.1", 
                "result": "Win32.Trojan.Sofacy.Nzfl", 
                "normalized": [
                    "Sofacy", 
                    "Nzfl"
                ], 
                "update": "20240821"
            }, 
            "Yandex": {
                "detected": false, 
                "version": "5.5.2.24", 
                "result": null, 
                "normalized": [], 
                "update": "20240821"
            }, 
            "huorong": {
                "detected": true, 
                "version": "2cf87de:2cf87de:996c2cb:996c2cb", 
                "result": "Trojan/Sefnit.b", 
                "normalized": [
                    "Sefnit"
                ], 
                "update": "20240820"
            }, 
            "MaxSecure": {
                "detected": true, 
                "version": "1.0.0.1", 
                "result": "Trojan.Malware.7559854.susgen", 
                "normalized": [
                    "susgen"
                ], 
                "update": "20240821"
            }, 
            "Fortinet": {
                "detected": true, 
                "version": "None", 
                "result": "W32/Sednit.B", 
                "normalized": [
                    "Sednit"
                ], 
                "update": "20240821"
            }, 
            "AVG": {
                "detected": true, 
                "version": "23.9.8494.0", 
                "result": "Win32:Malware-gen", 
                "normalized": [], 
                "update": "20240821"
            }, 
            "Paloalto": {
                "detected": true, 
                "version": "0.9.0.1003", 
                "result": "generic.ml", 
                "normalized": [], 
                "update": "20240821"
            }, 
            "CrowdStrike": {
                "detected": true, 
                "version": "1.0", 
                "result": "win/malicious_confidence_100% (W)", 
                "normalized": [
                    "malicious", 
                    "confidence", 
                    "100%"
                ], 
                "update": "20231026"
            }, 
            "alibabacloud": {
                "detected": true, 
                "version": "2.1.0", 
                "result": "Trojan:Win/Sednit.B", 
                "normalized": [
                    "Sednit"
                ], 
                "update": "20240801"
            }
        }
    }, 
    "network": {
        "udp": [], 
        "dns_servers": [], 
        "http": [], 
        "smtp": [], 
        "tcp": [], 
        "geoinfo": {}, 
        "mitm": [], 
        "https_ex": [], 
        "http_ex": [], 
        "sorted_pcap_sha256": "8c25ff8cf5af2e5c8f7b42b6d19eab81e544f2d9c8a9abb113911fd029862b9f", 
        "icmp": [], 
        "tls": [], 
        "dead_hosts": [], 
        "smtp_ex": [], 
        "hosts": [], 
        "pcap_sha256": "766da3d82171e5e7c64b12b2d8b7d065512032b42703e3d7db161cdb433725a4", 
        "dns": [], 
        "domains": [], 
        "irc": []
    }, 
    "resubmit": {
        "resubmit_ids": []
    }, 
    "static": {
        "pdb_path": null, 
        "pe_imports": [
            {
                "imports": [
                    {
                        "name": "GetProcAddress", 
                        "address": "0x10003000"
                    }, 
                    {
                        "name": "GetTempPathW", 
                        "address": "0x10003004"
                    }, 
                    {
                        "name": "FreeLibrary", 
                        "address": "0x10003008"
                    }, 
                    {
                        "name": "LoadLibraryW", 
                        "address": "0x1000300c"
                    }, 
                    {
                        "name": "LoadLibraryA", 
                        "address": "0x10003010"
                    }
                ], 
                "dll": "KERNEL32.dll"
            }, 
            {
                "imports": [
                    {
                        "name": "_local_unwind2", 
                        "address": "0x10003018"
                    }, 
                    {
                        "name": "__CxxFrameHandler", 
                        "address": "0x1000301c"
                    }, 
                    {
                        "name": "_except_handler3", 
                        "address": "0x10003020"
                    }
                ], 
                "dll": "MSVCRT.dll"
            }
        ], 
        "peid_signatures": null, 
        "keys": [], 
        "signature": [], 
        "pe_timestamp": "2013-08-06 10:53:03", 
        "pe_exports": [
            {
                "ordinal": 1, 
                "name": "Initialize", 
                "address": "0x10002740"
            }
        ], 
        "imported_dll_count": 2, 
        "pe_imphash": "73b428669d31eed895e212ebc1d61182", 
        "pe_resources": [
            {
                "name": "RT_VERSION", 
                "language": "LANG_ENGLISH", 
                "filetype": "SysEx File - OctavePlateau", 
                "sublanguage": "SUBLANG_ENGLISH_US", 
                "offset": "0x00005060", 
                "size": "0x000003f0"
            }
        ], 
        "pe_versioninfo": [], 
        "pe_sections": [
            {
                "size_of_data": "0x00002000", 
                "virtual_address": "0x00001000", 
                "entropy": 6.060967059569564, 
                "name": ".text", 
                "virtual_size": "0x00001e83"
            }, 
            {
                "size_of_data": "0x00000200", 
                "virtual_address": "0x00003000", 
                "entropy": 3.7060145504948023, 
                "name": ".rdata", 
                "virtual_size": "0x000001b5"
            }, 
            {
                "size_of_data": "0x00000a00", 
                "virtual_address": "0x00004000", 
                "entropy": 7.090156385128123, 
                "name": ".data", 
                "virtual_size": "0x0000092c"
            }, 
            {
                "size_of_data": "0x00000600", 
                "virtual_address": "0x00005000", 
                "entropy": 2.543082673424905, 
                "name": ".rsrc", 
                "virtual_size": "0x00000450"
            }, 
            {
                "size_of_data": "0x00000400", 
                "virtual_address": "0x00006000", 
                "entropy": 5.472562473666506, 
                "name": ".reloc", 
                "virtual_size": "0x0000031c"
            }
        ]
    }, 
    "snort": {
        "alerts": []
    }, 
    "behavior": {
        "generic": [
            {
                "process_path": "C:\\Windows\\System32\\lsass.exe", 
                "process_name": "lsass.exe", 
                "pid": 504, 
                "summary": {}, 
                "first_seen": 1728918085.96875, 
                "ppid": 388
            }
        ], 
        "processes": [
            {
                "process_path": "C:\\Windows\\System32\\lsass.exe", 
                "calls": [], 
                "track": false, 
                "pid": 504, 
                "process_name": "lsass.exe", 
                "command_line": "C:\\Windows\\system32\\lsass.exe", 
                "modules": [
                    {
                        "basename": "lsass.exe", 
                        "imgsize": 49152, 
                        "baseaddr": "0xffaf0000", 
                        "filepath": "C:\\Windows\\system32\\lsass.exe"
                    }, 
                    {
                        "basename": "ntdll.dll", 
                        "imgsize": 1740800, 
                        "baseaddr": "0x77ac0000", 
                        "filepath": "C:\\Windows\\SYSTEM32\\ntdll.dll"
                    }, 
                    {
                        "basename": "kernel32.dll", 
                        "imgsize": 1175552, 
                        "baseaddr": "0x778a0000", 
                        "filepath": "C:\\Windows\\system32\\kernel32.dll"
                    }, 
                    {
                        "basename": "KERNELBASE.dll", 
                        "imgsize": 438272, 
                        "baseaddr": "0x7fefda70000", 
                        "filepath": "C:\\Windows\\system32\\KERNELBASE.dll"
                    }, 
                    {
                        "basename": "msvcrt.dll", 
                        "imgsize": 651264, 
                        "baseaddr": "0x7feff3c0000", 
                        "filepath": "C:\\Windows\\system32\\msvcrt.dll"
                    }, 
                    {
                        "basename": "RPCRT4.dll", 
                        "imgsize": 1232896, 
                        "baseaddr": "0x7fefdca0000", 
                        "filepath": "C:\\Windows\\system32\\RPCRT4.dll"
                    }, 
                    {
                        "basename": "SspiSrv.dll", 
                        "imgsize": 45056, 
                        "baseaddr": "0x7fefd6c0000", 
                        "filepath": "C:\\Windows\\system32\\SspiSrv.dll"
                    }, 
                    {
                        "basename": "lsasrv.dll", 
                        "imgsize": 1470464, 
                        "baseaddr": "0x7fefd550000", 
                        "filepath": "C:\\Windows\\system32\\lsasrv.dll"
                    }, 
                    {
                        "basename": "sechost.dll", 
                        "imgsize": 126976, 
                        "baseaddr": "0x7feff680000", 
                        "filepath": "C:\\Windows\\SYSTEM32\\sechost.dll"
                    }, 
                    {
                        "basename": "SspiCli.dll", 
                        "imgsize": 151552, 
                        "baseaddr": "0x7fefd6d0000", 
                        "filepath": "C:\\Windows\\system32\\SspiCli.dll"
                    }, 
                    {
                        "basename": "ADVAPI32.dll", 
                        "imgsize": 897024, 
                        "baseaddr": "0x7fefddd0000", 
                        "filepath": "C:\\Windows\\system32\\ADVAPI32.dll"
                    }, 
                    {
                        "basename": "USER32.dll", 
                        "imgsize": 1024000, 
                        "baseaddr": "0x779c0000", 
                        "filepath": "C:\\Windows\\system32\\USER32.dll"
                    }, 
                    {
                        "basename": "GDI32.dll", 
                        "imgsize": 421888, 
                        "baseaddr": "0x7fefe0b0000", 
                        "filepath": "C:\\Windows\\system32\\GDI32.dll"
                    }, 
                    {
                        "basename": "LPK.dll", 
                        "imgsize": 57344, 
                        "baseaddr": "0x7feff500000", 
                        "filepath": "C:\\Windows\\system32\\LPK.dll"
                    }, 
                    {
                        "basename": "USP10.dll", 
                        "imgsize": 823296, 
                        "baseaddr": "0x7fefdfe0000", 
                        "filepath": "C:\\Windows\\system32\\USP10.dll"
                    }, 
                    {
                        "basename": "SAMSRV.dll", 
                        "imgsize": 774144, 
                        "baseaddr": "0x7fefd3a0000", 
                        "filepath": "C:\\Windows\\system32\\SAMSRV.dll"
                    }, 
                    {
                        "basename": "cryptdll.dll", 
                        "imgsize": 81920, 
                        "baseaddr": "0x7fefd380000", 
                        "filepath": "C:\\Windows\\system32\\cryptdll.dll"
                    }, 
                    {
                        "basename": "MSASN1.dll", 
                        "imgsize": 61440, 
                        "baseaddr": "0x7fefd910000", 
                        "filepath": "C:\\Windows\\system32\\MSASN1.dll"
                    }, 
                    {
                        "basename": "wevtapi.dll", 
                        "imgsize": 446464, 
                        "baseaddr": "0x7fefd310000", 
                        "filepath": "C:\\Windows\\system32\\wevtapi.dll"
                    }, 
                    {
                        "basename": "IMM32.DLL", 
                        "imgsize": 188416, 
                        "baseaddr": "0x7feffc70000", 
                        "filepath": "C:\\Windows\\system32\\IMM32.DLL"
                    }, 
                    {
                        "basename": "MSCTF.dll", 
                        "imgsize": 1085440, 
                        "baseaddr": "0x7feffcc0000", 
                        "filepath": "C:\\Windows\\system32\\MSCTF.dll"
                    }, 
                    {
                        "basename": "cngaudit.dll", 
                        "imgsize": 36864, 
                        "baseaddr": "0x7fefd300000", 
                        "filepath": "C:\\Windows\\system32\\cngaudit.dll"
                    }, 
                    {
                        "basename": "AUTHZ.dll", 
                        "imgsize": 192512, 
                        "baseaddr": "0x7fefd2d0000", 
                        "filepath": "C:\\Windows\\system32\\AUTHZ.dll"
                    }, 
                    {
                        "basename": "ncrypt.dll", 
                        "imgsize": 319488, 
                        "baseaddr": "0x7fefd280000", 
                        "filepath": "C:\\Windows\\system32\\ncrypt.dll"
                    }, 
                    {
                        "basename": "bcrypt.dll", 
                        "imgsize": 139264, 
                        "baseaddr": "0x7fefd250000", 
                        "filepath": "C:\\Windows\\system32\\bcrypt.dll"
                    }, 
                    {
                        "basename": "msprivs.DLL", 
                        "imgsize": 8192, 
                        "baseaddr": "0x756a0000", 
                        "filepath": "C:\\Windows\\system32\\msprivs.DLL"
                    }, 
                    {
                        "basename": "netjoin.dll", 
                        "imgsize": 204800, 
                        "baseaddr": "0x7fefd210000", 
                        "filepath": "C:\\Windows\\system32\\netjoin.dll"
                    }, 
                    {
                        "basename": "negoexts.DLL", 
                        "imgsize": 147456, 
                        "baseaddr": "0x7fefd1e0000", 
                        "filepath": "C:\\Windows\\system32\\negoexts.DLL"
                    }, 
                    {
                        "basename": "Secur32.dll", 
                        "imgsize": 45056, 
                        "baseaddr": "0x7fefd500000", 
                        "filepath": "C:\\Windows\\system32\\Secur32.dll"
                    }, 
                    {
                        "basename": "cryptbase.dll", 
                        "imgsize": 61440, 
                        "baseaddr": "0x7fefd760000", 
                        "filepath": "C:\\Windows\\system32\\cryptbase.dll"
                    }, 
                    {
                        "basename": "kerberos.DLL", 
                        "imgsize": 737280, 
                        "baseaddr": "0x7fefd120000", 
                        "filepath": "C:\\Windows\\system32\\kerberos.DLL"
                    }, 
                    {
                        "basename": "CRYPTSP.dll", 
                        "imgsize": 94208, 
                        "baseaddr": "0x7fefd100000", 
                        "filepath": "C:\\Windows\\system32\\CRYPTSP.dll"
                    }, 
                    {
                        "basename": "WS2_32.dll", 
                        "imgsize": 315392, 
                        "baseaddr": "0x7fefdf10000", 
                        "filepath": "C:\\Windows\\system32\\WS2_32.dll"
                    }, 
                    {
                        "basename": "NSI.dll", 
                        "imgsize": 32768, 
                        "baseaddr": "0x7feff670000", 
                        "filepath": "C:\\Windows\\system32\\NSI.dll"
                    }, 
                    {
                        "basename": "mswsock.dll", 
                        "imgsize": 348160, 
                        "baseaddr": "0x7fefd0a0000", 
                        "filepath": "C:\\Windows\\system32\\mswsock.dll"
                    }, 
                    {
                        "basename": "wship6.dll", 
                        "imgsize": 28672, 
                        "baseaddr": "0x7fefd090000", 
                        "filepath": "C:\\Windows\\System32\\wship6.dll"
                    }, 
                    {
                        "basename": "msv1_0.DLL", 
                        "imgsize": 331776, 
                        "baseaddr": "0x7fefd030000", 
                        "filepath": "C:\\Windows\\system32\\msv1_0.DLL"
                    }, 
                    {
                        "basename": "netlogon.DLL", 
                        "imgsize": 712704, 
                        "baseaddr": "0x7fefcf80000", 
                        "filepath": "C:\\Windows\\system32\\netlogon.DLL"
                    }, 
                    {
                        "basename": "DNSAPI.dll", 
                        "imgsize": 372736, 
                        "baseaddr": "0x7fefcf20000", 
                        "filepath": "C:\\Windows\\system32\\DNSAPI.dll"
                    }, 
                    {
                        "basename": "logoncli.dll", 
                        "imgsize": 196608, 
                        "baseaddr": "0x7fefcef0000", 
                        "filepath": "C:\\Windows\\system32\\logoncli.dll"
                    }, 
                    {
                        "basename": "schannel.DLL", 
                        "imgsize": 356352, 
                        "baseaddr": "0x7fefce90000", 
                        "filepath": "C:\\Windows\\system32\\schannel.DLL"
                    }, 
                    {
                        "basename": "CRYPT32.dll", 
                        "imgsize": 1470464, 
                        "baseaddr": "0x7fefdae0000", 
                        "filepath": "C:\\Windows\\system32\\CRYPT32.dll"
                    }, 
                    {
                        "basename": "wdigest.DLL", 
                        "imgsize": 221184, 
                        "baseaddr": "0x7fefce50000", 
                        "filepath": "C:\\Windows\\system32\\wdigest.DLL"
                    }, 
                    {
                        "basename": "rsaenh.dll", 
                        "imgsize": 290816, 
                        "baseaddr": "0x7fefce00000", 
                        "filepath": "C:\\Windows\\system32\\rsaenh.dll"
                    }, 
                    {
                        "basename": "tspkg.DLL", 
                        "imgsize": 98304, 
                        "baseaddr": "0x7fefcde0000", 
                        "filepath": "C:\\Windows\\system32\\tspkg.DLL"
                    }, 
                    {
                        "basename": "pku2u.DLL", 
                        "imgsize": 282624, 
                        "baseaddr": "0x7fefcd90000", 
                        "filepath": "C:\\Windows\\system32\\pku2u.DLL"
                    }, 
                    {
                        "basename": "bcryptprimitives.dll", 
                        "imgsize": 311296, 
                        "baseaddr": "0x7fefcd40000", 
                        "filepath": "C:\\Windows\\system32\\bcryptprimitives.dll"
                    }, 
                    {
                        "basename": "RpcRtRemote.dll", 
                        "imgsize": 81920, 
                        "baseaddr": "0x7fefd850000", 
                        "filepath": "C:\\Windows\\system32\\RpcRtRemote.dll"
                    }, 
                    {
                        "basename": "efslsaext.dll", 
                        "imgsize": 73728, 
                        "baseaddr": "0x7fefcd20000", 
                        "filepath": "C:\\Windows\\system32\\efslsaext.dll"
                    }, 
                    {
                        "basename": "scecli.DLL", 
                        "imgsize": 253952, 
                        "baseaddr": "0x7fefccc0000", 
                        "filepath": "C:\\Windows\\system32\\scecli.DLL"
                    }, 
                    {
                        "basename": "credssp.dll", 
                        "imgsize": 40960, 
                        "baseaddr": "0x7fefcd00000", 
                        "filepath": "C:\\Windows\\system32\\credssp.dll"
                    }, 
                    {
                        "basename": "WINSTA.dll", 
                        "imgsize": 249856, 
                        "baseaddr": "0x7fefd810000", 
                        "filepath": "C:\\Windows\\system32\\WINSTA.dll"
                    }, 
                    {
                        "basename": "IPHLPAPI.DLL", 
                        "imgsize": 159744, 
                        "baseaddr": "0x7fefb3f0000", 
                        "filepath": "C:\\Windows\\system32\\IPHLPAPI.DLL"
                    }, 
                    {
                        "basename": "WINNSI.DLL", 
                        "imgsize": 45056, 
                        "baseaddr": "0x7fefb3e0000", 
                        "filepath": "C:\\Windows\\system32\\WINNSI.DLL"
                    }, 
                    {
                        "basename": "netutils.dll", 
                        "imgsize": 49152, 
                        "baseaddr": "0x7fefb250000", 
                        "filepath": "C:\\Windows\\system32\\netutils.dll"
                    }, 
                    {
                        "basename": "USERENV.dll", 
                        "imgsize": 122880, 
                        "baseaddr": "0x7fefcbb0000", 
                        "filepath": "C:\\Windows\\system32\\USERENV.dll"
                    }, 
                    {
                        "basename": "profapi.dll", 
                        "imgsize": 61440, 
                        "baseaddr": "0x7fefd870000", 
                        "filepath": "C:\\Windows\\system32\\profapi.dll"
                    }, 
                    {
                        "basename": "wshtcpip.dll", 
                        "imgsize": 28672, 
                        "baseaddr": "0x7fefcaa0000", 
                        "filepath": "C:\\Windows\\System32\\wshtcpip.dll"
                    }, 
                    {
                        "basename": "dssenh.dll", 
                        "imgsize": 204800, 
                        "baseaddr": "0x7fef45f0000", 
                        "filepath": "C:\\Windows\\system32\\dssenh.dll"
                    }, 
                    {
                        "basename": "GPAPI.dll", 
                        "imgsize": 110592, 
                        "baseaddr": "0x7fefcb90000", 
                        "filepath": "C:\\Windows\\system32\\GPAPI.dll"
                    }, 
                    {
                        "basename": "monitor-x64.dll", 
                        "imgsize": 2269184, 
                        "baseaddr": "0x74580000", 
                        "filepath": "C:\\tmpmdfut4\\bin\\monitor-x64.dll"
                    }
                ], 
                "time": 0, 
                "tid": 2536, 
                "first_seen": 1728918085.96875, 
                "ppid": 388, 
                "type": "process"
            }
        ], 
        "processtree": [
            {
                "track": false, 
                "pid": 504, 
                "process_name": "lsass.exe", 
                "command_line": "C:\\Windows\\system32\\lsass.exe", 
                "first_seen": 1728918085.96875, 
                "ppid": 388, 
                "children": []
            }
        ]
    }, 
    "debug": {
        "action": [], 
        "dbgview": [], 
        "errors": [], 
        "log": [
            "2024-10-14 14:01:25,015 [analyzer] DEBUG: Starting analyzer from: C:\\tmpmdfut4\n", 
            "2024-10-14 14:01:25,015 [analyzer] DEBUG: Pipe server name: \\??\\PIPE\\zEwKrkqRhmleDcUSDiWOdSOgIzHVQ\n", 
            "2024-10-14 14:01:25,015 [analyzer] DEBUG: Log pipe server name: \\??\\PIPE\\ZPVghBZDweOmMqwtxiu\n", 
            "2024-10-14 14:01:25,342 [analyzer] DEBUG: Started auxiliary module Curtain\n", 
            "2024-10-14 14:01:25,342 [analyzer] DEBUG: Started auxiliary module DbgView\n", 
            "2024-10-14 14:01:25,828 [analyzer] DEBUG: Started auxiliary module Disguise\n", 
            "2024-10-14 14:01:26,030 [analyzer] DEBUG: Loaded monitor into process with pid 504\n", 
            "2024-10-14 14:01:26,030 [analyzer] DEBUG: Started auxiliary module DumpTLSMasterSecrets\n", 
            "2024-10-14 14:01:26,030 [analyzer] DEBUG: Started auxiliary module Human\n", 
            "2024-10-14 14:01:26,030 [analyzer] DEBUG: Started auxiliary module InstallCertificate\n", 
            "2024-10-14 14:01:26,030 [analyzer] DEBUG: Started auxiliary module Reboot\n", 
            "2024-10-14 14:01:26,140 [analyzer] DEBUG: Started auxiliary module RecentFiles\n", 
            "2024-10-14 14:01:26,140 [analyzer] DEBUG: Started auxiliary module Screenshots\n", 
            "2024-10-14 14:01:26,140 [analyzer] DEBUG: Started auxiliary module Sysmon\n", 
            "2024-10-14 14:01:26,155 [analyzer] DEBUG: Started auxiliary module LoadZer0m0n\n", 
            "2024-10-14 14:01:26,265 [lib.api.process] ERROR: Failed to execute process from path u'C:\\\\Users\\\\ADMINI~1\\\\AppData\\\\Local\\\\Temp\\\\03ed773bde6c6a1ac3b24bde6003322df8d41d3d1c85109b8669c430b58d2f69.exe' with arguments ['bin\\\\inject-x86.exe', '--app', u'C:\\\\Users\\\\ADMINI~1\\\\AppData\\\\Local\\\\Temp\\\\03ed773bde6c6a1ac3b24bde6003322df8d41d3d1c85109b8669c430b58d2f69.exe', '--only-start', '--curdir', 'C:\\\\Users\\\\ADMINI~1\\\\AppData\\\\Local\\\\Temp'] (Error: Command '['bin\\\\inject-x86.exe', '--app', u'C:\\\\Users\\\\ADMINI~1\\\\AppData\\\\Local\\\\Temp\\\\03ed773bde6c6a1ac3b24bde6003322df8d41d3d1c85109b8669c430b58d2f69.exe', '--only-start', '--curdir', 'C:\\\\Users\\\\ADMINI~1\\\\AppData\\\\Local\\\\Temp']' returned non-zero exit status 1)\n"
        ], 
        "cuckoo": [
            "2024-10-14 17:18:23,813 [cuckoo.core.scheduler] INFO: Task #5291080: acquired machine win7x644 (label=win7x644)\n", 
            "2024-10-14 17:18:23,814 [cuckoo.core.resultserver] DEBUG: Now tracking machine 192.168.168.204 for task #5291080\n", 
            "2024-10-14 17:18:24,608 [cuckoo.auxiliary.sniffer] INFO: Started sniffer with PID 1962570 (interface=vboxnet0, host=192.168.168.204)\n", 
            "2024-10-14 17:18:25,467 [cuckoo.machinery.virtualbox] DEBUG: Starting vm win7x644\n", 
            "2024-10-14 17:18:27,146 [cuckoo.machinery.virtualbox] DEBUG: Restoring virtual machine win7x644 to vmcloak\n", 
            "2024-10-14 17:20:13,217 [cuckoo.core.guest] INFO: Starting analysis #5291080 on guest (id=win7x644, ip=192.168.168.204)\n", 
            "2024-10-14 17:20:14,223 [cuckoo.core.guest] DEBUG: win7x644: not ready yet\n", 
            "2024-10-14 17:20:19,247 [cuckoo.core.guest] INFO: Guest is running Cuckoo Agent 0.10 (id=win7x644, ip=192.168.168.204)\n", 
            "2024-10-14 17:20:19,383 [cuckoo.core.guest] DEBUG: Uploading analyzer to guest (id=win7x644, ip=192.168.168.204, monitor=latest, size=6660546)\n", 
            "2024-10-14 17:20:20,695 [cuckoo.core.resultserver] DEBUG: Task #5291080: live log analysis.log initialized.\n", 
            "2024-10-14 17:20:21,796 [cuckoo.core.resultserver] DEBUG: Task #5291080 is sending a BSON stream\n", 
            "2024-10-14 17:20:23,017 [cuckoo.core.resultserver] DEBUG: Task #5291080: File upload for 'shots/0001.jpg'\n", 
            "2024-10-14 17:20:23,039 [cuckoo.core.resultserver] DEBUG: Task #5291080 uploaded file length: 133512\n", 
            "2024-10-14 17:20:23,253 [cuckoo.core.guest] WARNING: win7x644: analysis #5291080 caught an exception\n", 
            "Traceback (most recent call last):\n", 
            "  File \"C:/tmpmdfut4/analyzer.py\", line 824, in <module>\n", 
            "    success = analyzer.run()\n", 
            "  File \"C:/tmpmdfut4/analyzer.py\", line 673, in run\n", 
            "    pids = self.package.start(self.target)\n", 
            "  File \"C:\\tmpmdfut4\\modules\\packages\\exe.py\", line 34, in start\n", 
            "    return self.execute(path, args=shlex.split(args))\n", 
            "  File \"C:\\tmpmdfut4\\lib\\common\\abstracts.py\", line 205, in execute\n", 
            "    \"Unable to execute the initial process, analysis aborted.\"\n", 
            "CuckooPackageError: Unable to execute the initial process, analysis aborted.\n", 
            "\n", 
            "2024-10-14 17:20:23,263 [cuckoo.core.plugins] DEBUG: Stopped auxiliary module: Redsocks\n", 
            "2024-10-14 17:20:23,293 [cuckoo.core.plugins] DEBUG: Stopped auxiliary module: Sniffer\n", 
            "2024-10-14 17:20:24,870 [cuckoo.machinery.virtualbox] INFO: Successfully generated memory dump for virtual machine with label win7x644 to path /srv/cuckoo/cwd/storage/analyses/5291080/memory.dmp\n", 
            "2024-10-14 17:20:24,876 [cuckoo.machinery.virtualbox] DEBUG: Stopping vm win7x644\n", 
            "2024-10-14 17:22:56,887 [cuckoo.core.resultserver] DEBUG: Stopped tracking machine 192.168.168.204 for task #5291080\n", 
            "2024-10-14 17:22:56,887 [cuckoo.core.resultserver] DEBUG: Cancel <Context for LOG> for task 5291080\n", 
            "2024-10-14 17:22:57,203 [cuckoo.core.scheduler] DEBUG: Released database task #5291080\n", 
            "2024-10-14 17:22:57,225 [cuckoo.core.scheduler] INFO: Task #5291080: analysis procedure completed\n"
        ]
    }, 
    "misp": [
        {
            "info": "Cuckoo Sandbox analysis #4978338", 
            "level": "4", 
            "event_id": "2661923", 
            "iocs": [
                "8b92fe86c5b7a9e34f433a6fbac8bc3a", 
                "85522190958c82589fa290c0835805f3d9a2f8d6", 
                "03ed773bde6c6a1ac3b24bde6003322df8d41d3d1c85109b8669c430b58d2f69"
            ], 
            "url": "https://misp.cert.ee/events/view/2661923", 
            "date": "2024-06-02"
        }, 
        {
            "info": "Cuckoo Sandbox analysis #4978415", 
            "level": "4", 
            "event_id": "2661956", 
            "iocs": [
                "8b92fe86c5b7a9e34f433a6fbac8bc3a", 
                "85522190958c82589fa290c0835805f3d9a2f8d6", 
                "03ed773bde6c6a1ac3b24bde6003322df8d41d3d1c85109b8669c430b58d2f69"
            ], 
            "url": "https://misp.cert.ee/events/view/2661956", 
            "date": "2024-06-02"
        }, 
        {
            "info": "Cuckoo Sandbox analysis #4569527", 
            "level": "4", 
            "event_id": "2448424", 
            "iocs": [
                "8b92fe86c5b7a9e34f433a6fbac8bc3a", 
                "85522190958c82589fa290c0835805f3d9a2f8d6", 
                "03ed773bde6c6a1ac3b24bde6003322df8d41d3d1c85109b8669c430b58d2f69"
            ], 
            "url": "https://misp.cert.ee/events/view/2448424", 
            "date": "2024-03-20"
        }, 
        {
            "info": "OSINT APT28: A Window into Russia\u2019s Cyber Espionage Operations? blog post by FireEye", 
            "level": "2", 
            "event_id": "15517", 
            "iocs": [
                "8b92fe86c5b7a9e34f433a6fbac8bc3a", 
                "85522190958c82589fa290c0835805f3d9a2f8d6", 
                "03ed773bde6c6a1ac3b24bde6003322df8d41d3d1c85109b8669c430b58d2f69"
            ], 
            "url": "https://misp.cert.ee/events/view/15517", 
            "date": "2014-10-27"
        }
    ], 
    "strings": [
        "!This program cannot be run in DOS mode.", 
        "`.rdata", 
        "@.data", 
        "@.reloc", 
        "D$(AF;", 
        "D$$AF;", 
        "L$`PQR", 
        "L$ UQV", 
        "Pj@QSh", 
        "L$ PVRh", 
        "L$ PVRh", 
        "D$ RWP", 
        "L$$UQW", 
        "L$ RPQ", 
        "WSRPhGA", 
        "WSQRhXA", 
        "L$ QUhBE", 
        "GetProcAddress", 
        "GetTempPathW", 
        "FreeLibrary", 
        "LoadLibraryW", 
        "LoadLibraryA", 
        "KERNEL32.dll", 
        "_except_handler3", 
        "_local_unwind2", 
        "__CxxFrameHandler", 
        "MSVCRT.dll", 
        "dll.dll", 
        "Initialize", 
        "H%Hso\u001f0yh4", 
        "HSH.o[0\\h", 
        "rea\"ZF", 
        "\\,ast%", 
        "meA`1*$-/du", 
        "%Namsh", 
        "32.2Sl`Tra~", 
        "(Mese^g", 
        "`Intu4", 
        "T@Dwt\"w@cGJ)", 
        "N@;Qvf", 
        "&3+3D3K3R3X3", 
        "4,434F4", 
        "4(5B5k5u5", 
        "7)7.7>7L7", 
        "8$8V8^8j8o8{8", 
        "9!969B9H9O9", 
        "9,:4:::?:S:a:|:", 
        ";<<@<D<H<", 
        "<+=1=C=J=R=a=j=v=", 
        "?(?2?J?f?z?", 
        "1/1<1Y1e1z1", 
        "1(2A2I2O2Z2_2e2m2r2x2", 
        "3 3(3-323;3C3I3P3V3]3b3j3p3w3}3", 
        "4!4'4.444;4A4H4N4U4[4b4g4l4v4{4", 
        "42575>5E5K5R5d5k5p5", 
        "7'7G7Q7Z7}7", 
        "8#8(8-8;8D8J8O8", 
        "9#9=9F9", 
        "<'<2<7<><", 
        "=\"=6=<=}=", 
        "=\">(>b>z>", 
        "00@0\\0", 
        "VS_VERSION_INFO", 
        "StringFileInfo", 
        "040904e4", 
        "Comments", 
        "CompanyName", 
        "Microsoft Corporation", 
        "FileDescription", 
        "Core Shell Runtime Service", 
        "FileVersion", 
        "5.1.2600.6341", 
        "InternalName", 
        "coreshell.dll", 
        "LegalCopyright", 
        " Microsoft Corporation. All rights reserved.", 
        "LegalTrademarks", 
        "OriginalFilename", 
        "coreshell.dll", 
        "PrivateBuild", 
        "ProductName", 
        "Microsoft", 
        " Windows", 
        " Operating System", 
        "ProductVersion", 
        "5.1.2600.6341", 
        "SpecialBuild", 
        "VarFileInfo", 
        "Translation"
    ], 
    "intelmq": [
        {
            "classification_taxonomy": "malicious-code", 
            "classification_type": "infected-system", 
            "feed_provider": "CERT-EE", 
            "time_source": "2024-08-15T09:27:08.164961+00:00", 
            "feed_name": "Sandbox", 
            "ioc": "03ed773bde6c6a1ac3b24bde6003322df8d41d3d1c85109b8669c430b58d2f69", 
            "id": "Nw-BVZEBJ8b3ASlsZ9m9", 
            "index": "imq-2024-08", 
            "url": "https://kips.cert.ee/app/discover#/doc/imq/imq-2024-08/?id=Nw-BVZEBJ8b3ASlsZ9m9", 
            "time_observation": "2024-08-15T09:27:08+00:00", 
            "feed_accuracy": 50
        }, 
        {
            "classification_taxonomy": "malicious-code", 
            "classification_type": "infected-system", 
            "feed_provider": "CERT-EE", 
            "time_source": "2024-03-20T06:52:19.765338+00:00", 
            "feed_name": "Sandbox", 
            "ioc": "03ed773bde6c6a1ac3b24bde6003322df8d41d3d1c85109b8669c430b58d2f69", 
            "id": "9zyhWo4BJ8b3ASls2IMF", 
            "index": "imq-2024-03", 
            "url": "https://kips.cert.ee/app/discover#/doc/imq/imq-2024-03/?id=9zyhWo4BJ8b3ASls2IMF", 
            "time_observation": "2024-03-20T06:52:19+00:00", 
            "feed_accuracy": 50
        }, 
        {
            "classification_taxonomy": "malicious-code", 
            "classification_type": "infected-system", 
            "feed_provider": "CERT-EE", 
            "time_source": "2024-03-20T06:52:19.765508+00:00", 
            "feed_name": "Sandbox", 
            "ioc": "03ed773bde6c6a1ac3b24bde6003322df8d41d3d1c85109b8669c430b58d2f69", 
            "id": "-DyhWo4BJ8b3ASls2IMP", 
            "index": "imq-2024-03", 
            "url": "https://kips.cert.ee/app/discover#/doc/imq/imq-2024-03/?id=-DyhWo4BJ8b3ASls2IMP", 
            "time_observation": "2024-03-20T06:52:19+00:00", 
            "feed_accuracy": 50
        }, 
        {
            "classification_taxonomy": "malicious-code", 
            "classification_type": "infected-system", 
            "feed_provider": "CERT-EE", 
            "time_source": "2024-03-17T04:11:52.237775+00:00", 
            "feed_name": "Sandbox", 
            "ioc": "03ed773bde6c6a1ac3b24bde6003322df8d41d3d1c85109b8669c430b58d2f69", 
            "id": "kMGbSo4BJ8b3ASls3DZ9", 
            "index": "imq-2024-03", 
            "url": "https://kips.cert.ee/app/discover#/doc/imq/imq-2024-03/?id=kMGbSo4BJ8b3ASls3DZ9", 
            "time_observation": "2024-03-17T04:11:52+00:00", 
            "feed_accuracy": 50
        }, 
        {
            "classification_taxonomy": "malicious-code", 
            "classification_type": "infected-system", 
            "feed_provider": "CERT-EE", 
            "time_source": "2024-03-17T04:11:52.237865+00:00", 
            "feed_name": "Sandbox", 
            "ioc": "03ed773bde6c6a1ac3b24bde6003322df8d41d3d1c85109b8669c430b58d2f69", 
            "id": "kcGbSo4BJ8b3ASls3DaD", 
            "index": "imq-2024-03", 
            "url": "https://kips.cert.ee/app/discover#/doc/imq/imq-2024-03/?id=kcGbSo4BJ8b3ASls3DaD", 
            "time_observation": "2024-03-17T04:11:52+00:00", 
            "feed_accuracy": 50
        }, 
        {
            "classification_taxonomy": "malicious-code", 
            "classification_type": "infected-system", 
            "feed_provider": "CERT-EE", 
            "time_source": "2023-03-12T14:23:14.913013+00:00", 
            "feed_name": "CERT-EE own finding", 
            "ioc": "03ed773bde6c6a1ac3b24bde6003322df8d41d3d1c85109b8669c430b58d2f69", 
            "id": "qN2i1oYBMVxc0rr3IRgQ", 
            "index": "imq-2023-03", 
            "url": "https://kips.cert.ee/app/discover#/doc/imq/imq-2023-03/?id=qN2i1oYBMVxc0rr3IRgQ", 
            "time_observation": "2023-03-12T16:23:14+00:00", 
            "feed_accuracy": 50
        }, 
        {
            "classification_taxonomy": "malicious-code", 
            "classification_type": "infected-system", 
            "feed_provider": "CERT-EE", 
            "time_source": "2023-03-12T14:23:14.912953+00:00", 
            "feed_name": "CERT-EE own finding", 
            "ioc": "03ed773bde6c6a1ac3b24bde6003322df8d41d3d1c85109b8669c430b58d2f69", 
            "id": "p92i1oYBMVxc0rr3IRgB", 
            "index": "imq-2023-03", 
            "url": "https://kips.cert.ee/app/discover#/doc/imq/imq-2023-03/?id=p92i1oYBMVxc0rr3IRgB", 
            "time_observation": "2023-03-12T16:23:14+00:00", 
            "feed_accuracy": 50
        }, 
        {
            "classification_taxonomy": "malicious-code", 
            "classification_type": "infected-system", 
            "feed_provider": "CERT-EE", 
            "time_source": "2023-03-02T04:53:50.571253+00:00", 
            "feed_name": "CERT-EE own finding", 
            "ioc": "03ed773bde6c6a1ac3b24bde6003322df8d41d3d1c85109b8669c430b58d2f69", 
            "id": "y3gZoYYBuLkhmg6HOpaG", 
            "index": "imq-2023-03", 
            "url": "https://kips.cert.ee/app/discover#/doc/imq/imq-2023-03/?id=y3gZoYYBuLkhmg6HOpaG", 
            "time_observation": "2023-03-02T06:53:50+00:00", 
            "feed_accuracy": 50
        }, 
        {
            "classification_taxonomy": "malicious-code", 
            "classification_type": "infected-system", 
            "feed_provider": "CERT-EE", 
            "time_source": "2023-03-02T04:53:50.571316+00:00", 
            "feed_name": "CERT-EE own finding", 
            "ioc": "03ed773bde6c6a1ac3b24bde6003322df8d41d3d1c85109b8669c430b58d2f69", 
            "id": "zHgZoYYBuLkhmg6HOpaZ", 
            "index": "imq-2023-03", 
            "url": "https://kips.cert.ee/app/discover#/doc/imq/imq-2023-03/?id=zHgZoYYBuLkhmg6HOpaZ", 
            "time_observation": "2023-03-02T06:53:50+00:00", 
            "feed_accuracy": 50
        }
    ], 
    "metadata": {
        "output": {
            "pcap": {
                "basename": "dump.pcap", 
                "sha256": "766da3d82171e5e7c64b12b2d8b7d065512032b42703e3d7db161cdb433725a4", 
                "dirname": ""
            }
        }
    }
}