{"path": "shots/0001.jpg", "pids": [], "filepath": null}
{"path": "curtain/1728916199.61.curtain.log", "pids": [], "filepath": "C:\\curtain.log"}
{"path": "sysmon/1728916201.26.sysmon.xml", "pids": [], "filepath": "C:\\sysmon.xml"}
{"path": "files/da3b4e60cd5f70b2_vfp6.lnk", "pids": [2900], "filepath": "C:\\Users\\Administrator\\AppData\\Roaming\\Microsoft\\Windows\\Start Menu\\Programs\\Startup\\VFP6.lnk"}
{"path": "files/8d8a1a37ac67a16b_info.txt", "pids": [2900], "filepath": "C:\\Users\\Administrator\\Documents\\Visual Studio 2005\\MSDEV\\FoxPro\\Docs\\Info.txt"}
