{"started_on": {"$dt": "2024-10-14T17:21:20.906411"}, "duration": -1, "sample_id": 5139936, "owner": null, "id": 5291111, "category": "file", "priority": 2, "guest": {"status": "stopped", "name": "win7x647", "label": "win7x647", "manager": "VirtualBox", "started_on": "2024-10-14 17:21:55", "shutdown_on": "2024-10-14 17:32:40"}, "clock": {"$dt": "2024-10-14T14:03:02.235135"}, "custom": null, "machine": null, "platform": "windows", "memory": true, "status": "running", "tags": [], "processing": null, "enforce_timeout": false, "completed_on": null, "target": "/srv/cuckoo/cwd/storage/cuckoo-tmp/tmppic5Yc/10b94d3088a21b367c085e5f6493f022b47f279352e657719f7b8a5957964a1d", "package": "exe", "route": "internet", "timeout": 300, "submit_id": 5121428, "options": {"procmemdump": "yes", "route": "internet"}, "added_on": {"$dt": "2024-10-14T14:03:02.235174"}}