{"started_on": {"$dt": "2024-10-14T17:25:26.126281"}, "duration": -1, "sample_id": 5139953, "owner": null, "id": 5291128, "category": "file", "priority": 2, "guest": {"status": "stopped", "name": "win7x6415", "label": "win7x6415", "manager": "VirtualBox", "started_on": "2024-10-14 17:25:52", "shutdown_on": "2024-10-14 17:29:38"}, "clock": {"$dt": "2024-10-14T14:03:46.574353"}, "custom": null, "machine": null, "platform": "windows", "memory": true, "status": "running", "tags": [], "processing": null, "enforce_timeout": false, "completed_on": null, "target": "/srv/cuckoo/cwd/storage/cuckoo-tmp/tmpOXSVcT/6a47ef472356a856084006049c38b7a298b6f038460f492ce832e7d7e7de7b96", "package": "exe", "route": "internet", "timeout": 300, "submit_id": 5121430, "options": {"procmemdump": "yes", "route": "internet"}, "added_on": {"$dt": "2024-10-14T14:03:46.574402"}}