{"started_on": {"$dt": "2024-10-14T17:18:48.508178"}, "duration": -1, "sample_id": 5139908, "owner": null, "id": 5291083, "category": "file", "priority": 2, "guest": {"status": "stopped", "name": "win7x6424", "label": "win7x6424", "manager": "VirtualBox", "started_on": "2024-10-14 17:18:50", "shutdown_on": "2024-10-14 17:23:54"}, "clock": {"$dt": "2024-10-14T14:01:25.886913"}, "custom": null, "machine": null, "platform": "windows", "memory": true, "status": "running", "tags": [], "processing": null, "enforce_timeout": false, "completed_on": null, "target": "/srv/cuckoo/cwd/storage/cuckoo-tmp/tmpwwGKBM/5ab8ef93fdeaac9af258845ab52c24d31140c8fffc5fdcf465529c8e00c508ac", "package": "exe", "route": "internet", "timeout": 300, "submit_id": 5121425, "options": {"procmemdump": "yes", "route": "internet"}, "added_on": {"$dt": "2024-10-14T14:01:25.886981"}}