{"started_on": {"$dt": "2024-10-14T17:15:56.419190"}, "duration": -1, "sample_id": 5139899, "owner": null, "id": 5291074, "category": "file", "priority": 2, "guest": {"status": "stopped", "name": "win7x6427", "label": "win7x6427", "manager": "VirtualBox", "started_on": "2024-10-14 17:18:15", "shutdown_on": "2024-10-14 17:22:25"}, "clock": {"$dt": "2024-10-14T14:00:41.510264"}, "custom": null, "machine": null, "platform": "windows", "memory": true, "status": "running", "tags": [], "processing": null, "enforce_timeout": false, "completed_on": null, "target": "/srv/cuckoo/cwd/storage/cuckoo-tmp/tmpVNMtNI/9a0bab44fd1d1364621c4fa76a43cdc4f7d3ca5a1961dc202e5abe2147785f98", "package": "exe", "route": "internet", "timeout": 300, "submit_id": 5121424, "options": {"procmemdump": "yes", "route": "internet"}, "added_on": {"$dt": "2024-10-14T14:00:41.510307"}}