{"path": "shots/0001.jpg", "pids": [], "filepath": null}
{"path": "curtain/1728915993.12.curtain.log", "pids": [], "filepath": "C:\\curtain.log"}
{"path": "sysmon/1728915994.95.sysmon.xml", "pids": [], "filepath": "C:\\sysmon.xml"}
{"path": "files/a939510f362c50ca_mfxscom.dll", "pids": [1088], "filepath": "C:\\Program Files (x86)\\Common Files\\microsoft shared\\MSInfo\\mfxscom.dll"}
{"path": "files/b2a8a9785171efc4_msd", "pids": [1088], "filepath": "C:\\ProgramData\\msd"}
{"path": "files/892f9a510ee578d8___4964tmp.dat", "pids": [2740], "filepath": "C:\\Users\\Administrator\\AppData\\Local\\Temp\\__4964tmp.dat"}
