{"started_on": {"$dt": "2024-10-14T17:19:06.054459"}, "duration": -1, "sample_id": 5139910, "owner": null, "id": 5291085, "category": "file", "priority": 2, "guest": {"status": "stopped", "name": "win7x642", "label": "win7x642", "manager": "VirtualBox", "started_on": "2024-10-14 17:19:07", "shutdown_on": "2024-10-14 17:28:25"}, "clock": {"$dt": "2024-10-14T14:01:26.080561"}, "custom": null, "machine": null, "platform": "windows", "memory": true, "status": "running", "tags": [], "processing": null, "enforce_timeout": false, "completed_on": null, "target": "/srv/cuckoo/cwd/storage/cuckoo-tmp/tmpmiBQUT/6bbec6b2927325891cc008d3378d30941fe9d21e5c9bd6459e8e3ba8c78833c2", "package": "exe", "route": "internet", "timeout": 300, "submit_id": 5121425, "options": {"procmemdump": "yes", "route": "internet"}, "added_on": {"$dt": "2024-10-14T14:01:26.080625"}}