{"path": "files/e3b0c44298fc1c14___tmp_rar_sfx_access_check_6611328", "pids": [], "filepath": "C:\\Users\\Administrator\\AppData\\Roaming\\Microsoft\\Crypto\\DES64v7\\__tmp_rar_sfx_access_check_6611328"}
{"path": "shots/0001.jpg", "pids": [], "filepath": null}
{"path": "curtain/1728907430.11.curtain.log", "pids": [], "filepath": "C:\\curtain.log"}
{"path": "sysmon/1728907430.25.sysmon.xml", "pids": [], "filepath": "C:\\sysmon.xml"}
{"path": "files/96d98af88fcf36f0_googletoolbar.exe", "pids": [2556], "filepath": "C:\\Users\\Administrator\\AppData\\Roaming\\Microsoft\\Crypto\\DES64v7\\googletoolbar.exe"}
{"path": "files/0af925cd9d9a417f_active.dll", "pids": [2556], "filepath": "C:\\Users\\Administrator\\AppData\\Roaming\\Microsoft\\Crypto\\DES64v7\\active.dll"}
{"path": "files/a754eec020d6561f_detect.dll", "pids": [2556], "filepath": "C:\\Users\\Administrator\\AppData\\Roaming\\Microsoft\\Crypto\\DES64v7\\detect.dll"}
