{"started_on": {"$dt": "2024-10-14T17:25:36.129600"}, "duration": -1, "sample_id": 5139954, "owner": null, "id": 5291129, "category": "file", "priority": 2, "guest": {"status": "stopped", "name": "win7x6411", "label": "win7x6411", "manager": "VirtualBox", "started_on": "2024-10-14 17:25:50", "shutdown_on": "2024-10-14 17:29:23"}, "clock": {"$dt": "2024-10-14T14:03:46.620244"}, "custom": null, "machine": null, "platform": "windows", "memory": true, "status": "running", "tags": [], "processing": null, "enforce_timeout": false, "completed_on": null, "target": "/srv/cuckoo/cwd/storage/cuckoo-tmp/tmpRBffAt/6ba280ee1b4f0fa38d88e7b8a871a5e42aba7fcdc824ffabe810289d16286c36", "package": "exe", "route": "internet", "timeout": 300, "submit_id": 5121430, "options": {"procmemdump": "yes", "route": "internet"}, "added_on": {"$dt": "2024-10-14T14:03:46.620308"}}