{"category": "regkey_written", "args": ["HKEY_CURRENT_USER\\Software\\Microsoft\\Windows\\CurrentVersion\\Policies\\Explorer\\Run\\IEXPLORE.EXE", "REG_SZ", "C:\\Program Files\\Internet Exp1orer\\IEXPLORE.EXE"], "type": "reboot", "time": 14}
{"category": "regkey_written", "args": ["HKEY_LOCAL_MACHINE\\SOFTWARE\\Wow6432Node\\Microsoft\\CurrentNetInf\\hostid", "REG_DWORD", 4692], "type": "reboot", "time": 14}
{"category": "regkey_written", "args": ["HKEY_LOCAL_MACHINE\\SOFTWARE\\Wow6432Node\\Microsoft\\CurrentNetInf\\pid", "REG_SZ", "21e5def6816d1edf6d632dcfc43eb4ff33c6892ef986223fcb7315dgd64:5e::/fyf\u0000\u00e6\u00e4w\u0000\u00b8\u0087\u0000\u0000\u0000\u0000\u0000\u00e0\u00183w\u0000\u0000\u0000\u0000\u00e0\u00183wD\u0081@\u0000\u0000\u0000\u0000\u0000\u0094\u00fe\u0018\u0000\u00fcD2w\u00e0\u00183w\u00f94\u00e4u\u00c8\u0086@\u0000#t@\u0000\u00da71w"], "type": "reboot", "time": 14}
{"category": "regkey_written", "args": ["HKEY_LOCAL_MACHINE\\SOFTWARE\\Wow6432Node\\Microsoft\\CurrentNetInf\\pid", "REG_SZ", "JFYQMPSF/fyf\u0000edf6d632dcfc43eb4ff33c6892ef986223fcb7315dgd64:5e::/fyf\u0000\u00e6\u00e4w\u0000\u00b8\u0087\u0000\u0000\u0000\u0000\u0000\u00e0\u00183w\u0000\u0000\u0000\u0000\u00e0\u00183wD\u0081@\u0000\u0000\u0000\u0000\u0000\u0094\u00fe\u0018\u0000\u00fcD2w\u00e0\u00183w\u00f94\u00e4u\u00c8\u0086@\u0000#t@\u0000\u00da71w"], "type": "reboot", "time": 14}
{"category": "regkey_written", "args": ["HKEY_LOCAL_MACHINE\\SYSTEM\\ControlSet001\\Control\\Lsa\\forceguest", "REG_DWORD", 0], "type": "reboot", "time": 14}
