{"started_on": {"$dt": "2024-10-14T17:21:27.154257"}, "duration": -1, "sample_id": 5139937, "owner": null, "id": 5291112, "category": "file", "priority": 2, "guest": {"status": "stopped", "name": "win7x6428", "label": "win7x6428", "manager": "VirtualBox", "started_on": "2024-10-14 17:21:33", "shutdown_on": "2024-10-14 17:31:57"}, "clock": {"$dt": "2024-10-14T14:03:02.280940"}, "custom": null, "machine": null, "platform": "windows", "memory": true, "status": "running", "tags": [], "processing": null, "enforce_timeout": false, "completed_on": null, "target": "/srv/cuckoo/cwd/storage/cuckoo-tmp/tmpm05aB4/10d4cde5705c0dce5c521cbeb32da3ee22b5781de875112eba6204cfc5394d99", "package": "exe", "route": "internet", "timeout": 300, "submit_id": 5121428, "options": {"procmemdump": "yes", "route": "internet"}, "added_on": {"$dt": "2024-10-14T14:03:02.280987"}}