{"path": "shots/0001.jpg", "pids": [], "filepath": null}
{"path": "files/6ad91e399eca4253_6ad91e399eca4253b5871954aa23cf63b6ea2338a9e5c57e18cead0ab4b485c1.exe", "pids": [], "filepath": "C:\\Users\\Administrator\\AppData\\Local\\Temp\\6ad91e399eca4253b5871954aa23cf63b6ea2338a9e5c57e18cead0ab4b485c1.exe"}
{"path": "shots/0002.jpg", "pids": [], "filepath": null}
{"path": "shots/0003.jpg", "pids": [], "filepath": null}
{"path": "shots/0004.jpg", "pids": [], "filepath": null}
{"path": "shots/0005.jpg", "pids": [], "filepath": null}
{"path": "curtain/1728915445.02.curtain.log", "pids": [], "filepath": "C:\\curtain.log"}
{"path": "sysmon/1728915446.69.sysmon.xml", "pids": [], "filepath": "C:\\sysmon.xml"}
{"path": "files/fd08016e051ab107_wscrgb.icc", "pids": [2836], "filepath": "C:\\Users\\Administrator\\AppData\\Local\\Adobe\\Color\\Profiles\\wscRGB.icc"}
{"path": "files/65c97d3cad588775_wsrgb.icc", "pids": [2836], "filepath": "C:\\Users\\Administrator\\AppData\\Local\\Adobe\\Color\\Profiles\\wsRGB.icc"}
{"path": "files/029179179d3c8cd7_acecache10.lst", "pids": [2836], "filepath": "C:\\Users\\Administrator\\AppData\\Local\\Adobe\\Color\\ACECache10.lst"}
{"path": "files/12c55b28b8d91a62_6ad91e399eca4253b5871954aa23cf63b6ea2338a9e5c57e18cead0ab4b485c1.pdf", "pids": [220], "filepath": "C:\\Users\\Administrator\\AppData\\Local\\Temp\\6ad91e399eca4253b5871954aa23cf63b6ea2338a9e5c57e18cead0ab4b485c1.pdf"}
{"path": "files/1e486481f268527e_adobe_sl.lnk", "pids": [220], "filepath": "C:\\Users\\Administrator\\AppData\\Roaming\\Microsoft\\Windows\\Start Menu\\Programs\\Startup\\adobe_sl.lnk"}
{"path": "files/2cbbfbe12768f624_usercache.bin", "pids": [2836], "filepath": "C:\\Users\\Administrator\\AppData\\Roaming\\Adobe\\Acrobat\\9.0\\UserCache.bin"}
