{"category": "regkey_written", "args": ["HKEY_CURRENT_USER\\Local Settings\\MuiCache\\3C\\52C64B7E\\LanguageList", "REG_MULTI_SZ", "en-US\u0000en\u0000\u0000"], "type": "reboot", "time": 14}
{"category": "regkey_written", "args": ["HKEY_CURRENT_USER\\Local Settings\\MuiCache\\3C\\52C64B7E\\LanguageList", "REG_MULTI_SZ", "en-US\u0000en\u0000\u0000"], "type": "reboot", "time": 14}
{"category": "regkey_written", "args": ["HKEY_CURRENT_USER\\Local Settings\\MuiCache\\3C\\52C64B7E\\LanguageList", "REG_MULTI_SZ", "en-US\u0000en\u0000\u0000"], "type": "reboot", "time": 14}
{"category": "regkey_written", "args": ["HKEY_CURRENT_USER\\Local Settings\\MuiCache\\3C\\52C64B7E\\LanguageList", "REG_MULTI_SZ", "en-US\u0000en\u0000\u0000"], "type": "reboot", "time": 14}
{"category": "regkey_written", "args": ["HKEY_CURRENT_USER\\Local Settings\\MuiCache\\3C\\52C64B7E\\LanguageList", "REG_MULTI_SZ", "en-US\u0000en\u0000\u0000"], "type": "reboot", "time": 14}
{"category": "regkey_written", "args": ["HKEY_CURRENT_USER\\Local Settings\\MuiCache\\3C\\52C64B7E\\LanguageList", "REG_MULTI_SZ", "en-US\u0000en\u0000\u0000"], "type": "reboot", "time": 14}
{"category": "regkey_written", "args": ["HKEY_CURRENT_USER\\Local Settings\\MuiCache\\3C\\52C64B7E\\LanguageList", "REG_MULTI_SZ", "en-US\u0000en\u0000\u0000"], "type": "reboot", "time": 14}
{"category": "regkey_written", "args": ["HKEY_CURRENT_USER\\Software\\Adobe\\Acrobat Reader\\9.0\\AVGeneral\\bLastExitNormal", "REG_DWORD", 0], "type": "reboot", "time": 14}
{"category": "regkey_written", "args": ["HKEY_CURRENT_USER\\Software\\Adobe\\Acrobat Reader\\9.0\\Collab\\cDocumentCenter\\bAlwaysUseServer", "REG_DWORD", 0], "type": "reboot", "time": 14}
{"category": "regkey_written", "args": ["HKEY_CURRENT_USER\\Software\\Adobe\\Acrobat Reader\\9.0\\Collab\\cDocumentCenter\\bAlwaysUseServerFD", "REG_DWORD", 0], "type": "reboot", "time": 14}
{"category": "regkey_written", "args": ["HKEY_CURRENT_USER\\Software\\Adobe\\Acrobat Reader\\9.0\\Collab\\cDocumentCenter\\bDefault", "REG_DWORD", 1], "type": "reboot", "time": 14}
{"category": "regkey_written", "args": ["HKEY_CURRENT_USER\\Software\\Adobe\\Acrobat Reader\\9.0\\Collab\\cDocumentCenter\\bDefaultFD", "REG_DWORD", 1], "type": "reboot", "time": 14}
{"category": "regkey_written", "args": ["HKEY_CURRENT_USER\\Software\\Adobe\\Acrobat Reader\\9.0\\Collab\\cDocumentCenter\\cSettings\\tcSetting", "REG_SZ", "https://api.share.acrobat.com"], "type": "reboot", "time": 14}
{"category": "regkey_written", "args": ["HKEY_CURRENT_USER\\Software\\Adobe\\Acrobat Reader\\9.0\\Collab\\cDocumentCenter\\tDistMethod", "REG_SZ", "UPLOAD"], "type": "reboot", "time": 14}
{"category": "regkey_written", "args": ["HKEY_CURRENT_USER\\Software\\Adobe\\Acrobat Reader\\9.0\\Collab\\cDocumentCenter\\tUI", "REG_SZ", "Acrobat.com (Recommended)"], "type": "reboot", "time": 14}
{"category": "regkey_written", "args": ["HKEY_CURRENT_USER\\Software\\Adobe\\Acrobat Reader\\9.0\\Collab\\cDocumentCenter\\tURL", "REG_SZ", "urn://ns.adobe.com/Collaboration/SharedReview/Acrobat.com"], "type": "reboot", "time": 14}
{"category": "regkey_written", "args": ["HKEY_CURRENT_USER\\Software\\Adobe\\Acrobat Reader\\9.0\\Collab\\cEmailDistribution\\bAlwaysUseServerFD", "REG_DWORD", 0], "type": "reboot", "time": 14}
{"category": "regkey_written", "args": ["HKEY_CURRENT_USER\\Software\\Adobe\\Acrobat Reader\\9.0\\Collab\\cEmailDistribution\\bDefaultFD", "REG_DWORD", 0], "type": "reboot", "time": 14}
{"category": "regkey_written", "args": ["HKEY_CURRENT_USER\\Software\\Adobe\\Acrobat Reader\\9.0\\Collab\\cEmailDistribution\\cSettings\\tcSetting", "REG_SZ", ""], "type": "reboot", "time": 14}
{"category": "regkey_written", "args": ["HKEY_CURRENT_USER\\Software\\Adobe\\Acrobat Reader\\9.0\\Collab\\cEmailDistribution\\cSettings\\tcSetting", "REG_SZ", ""], "type": "reboot", "time": 14}
{"category": "regkey_written", "args": ["HKEY_CURRENT_USER\\Software\\Adobe\\Acrobat Reader\\9.0\\Collab\\cEmailDistribution\\tDistMethod", "REG_SZ", "EMAIL"], "type": "reboot", "time": 14}
{"category": "regkey_written", "args": ["HKEY_CURRENT_USER\\Software\\Adobe\\Acrobat Reader\\9.0\\Collab\\cEmailDistribution\\tUI", "REG_SZ", "Manually collect responses in my email inbox"], "type": "reboot", "time": 14}
{"category": "regkey_written", "args": ["HKEY_CURRENT_USER\\Software\\Adobe\\Acrobat Reader\\9.0\\Collab\\cEmailDistribution\\tURL", "REG_SZ", "urn://ns.adobe.com/Collaboration/Forms/Email"], "type": "reboot", "time": 14}
{"category": "regkey_written", "args": ["HKEY_CURRENT_USER\\Software\\Adobe\\Acrobat Reader\\9.0\\Collab\\cInitiationWizardFirstLaunch\\bIsFirstLaunchER", "REG_DWORD", 1], "type": "reboot", "time": 14}
{"category": "regkey_written", "args": ["HKEY_CURRENT_USER\\Software\\Adobe\\Acrobat Reader\\9.0\\Collab\\cInitiationWizardFirstLaunch\\bIsFirstLaunchFD", "REG_DWORD", 1], "type": "reboot", "time": 14}
{"category": "regkey_written", "args": ["HKEY_CURRENT_USER\\Software\\Adobe\\Acrobat Reader\\9.0\\Collab\\cInitiationWizardFirstLaunch\\bIsFirstLaunchSF", "REG_DWORD", 1], "type": "reboot", "time": 14}
{"category": "regkey_written", "args": ["HKEY_CURRENT_USER\\Software\\Adobe\\Acrobat Reader\\9.0\\Collab\\cInitiationWizardFirstLaunch\\bIsFirstLaunchSR", "REG_DWORD", 1], "type": "reboot", "time": 14}
{"category": "regkey_written", "args": ["HKEY_CURRENT_USER\\Software\\Adobe\\Acrobat Reader\\9.0\\Collab\\cInitiationWizardFirstLaunch\\bIsFirstLaunchUF", "REG_DWORD", 1], "type": "reboot", "time": 14}
{"category": "regkey_written", "args": ["HKEY_CURRENT_USER\\Software\\Adobe\\Acrobat Reader\\9.0\\Installer\\Migrated\\{AC76BA86-7AD7-1033-7B44-A90000000001}", "REG_DWORD", 1], "type": "reboot", "time": 14}
{"category": "regkey_written", "args": ["HKEY_CURRENT_USER\\Software\\Adobe\\Acrobat Reader\\9.0\\Originals\\bDisplayedSplash", "REG_DWORD", 1], "type": "reboot", "time": 14}
{"category": "regkey_written", "args": ["HKEY_CURRENT_USER\\Software\\Microsoft\\Windows\\CurrentVersion\\Explorer\\StartPage2\\ProgramsCache", "REG_BINARY", "\u0013\u0000\u0000\u0000\u00c3S[bH\u00ab\u00c1N\u00ba\u001f\u00a1\u00efAF\u00fc\u0019\u0000\u0080\u0000\u0000\u0000~\u00001\u0000\u0000\u0000\u0000\u0000\u00d0P<\u0007\u0011\u0000Programs\u0000\u0000f\u0000\b\u0000\u0004\u0000\u00ef\u00be\u00d0P5\u0007\u00d0P<\u0007*\u0000\u0000\u0000\u00df\u0001\u0000\u0000\u0000\u0000\u0002\u0000\u0000\u0000\u0000\u0000\u0000\u0000\u0000\u0000<\u0000\u0000\u0000\u0000\u0000P\u0000r\u0000o\u0000g\u0000r\u0000a\u0000m\u0000s\u0000\u0000\u0000@\u0000s\u0000h\u0000e\u0000l\u0000l\u00003\u00002\u0000.\u0000d\u0000l\u0000l\u0000,\u0000-\u00002\u00001\u00007\u00008\u00002\u0000\u0000\u0000\u0018\u0000\u0000\u0000\u0001.\u0002\u0000\u0000,\u00022\u0000\u008c\u0005\u0000\u0000\u00d0P\u0013\u000b \u0000INTERN~2.LNK\u0000\u0000\u00a6\u0000\b\u0000\u0004\u0000\u00ef\u00be\u00d0P;\u0007\u00d0P<\u0007*\u0000\u0000\u0000\fY\u0000\u0000\u0000\u0000\f\u0000\u0000\u0000\u0000\u0000\u0000\u0000\u0000\u0000V\u0000\u0000\u0000\u0000\u0000I\u0000n\u0000t\u0000e\u0000r\u0000n\u0000e\u0000t\u0000 \u0000E\u0000x\u0000p\u0000l\u0000o\u0000r\u0000e\u0000r\u0000.\u0000l\u0000n\u0000k\u0000\u0000\u0000@\u0000C\u0000:\u0000\\\u0000W\u0000i\u0000n\u0000d\u0000o\u0000w\u0000s\u0000\\\u0000S\u0000y\u0000s\u0000t\u0000e\u0000m\u00003\u00002\u0000\\\u0000i\u0000e\u00004\u0000u\u0000i\u0000n\u0000i\u0000t\u0000.\u0000e\u0000x\u0000e\u0000,\u0000-\u00007\u00003\u00004\u0000\u0000\u0000\u001c\u0000j\u0001\u0005\u0000\u000b\u0000\u00ef\u00be\u0000\u0000\u0000\u0000\u0000\u0000\u0000\u0000C\u0000:\u0000\\\u0000P\u0000r\u0000o\u0000g\u0000r\u0000a\u0000m\u0000 \u0000F\u0000i\u0000l\u0000e\u0000s\u0000\\\u0000I\u0000n\u0000t\u0000e\u0000r\u0000n\u0000e\u0000t\u0000 \u0000E\u0000x\u0000p\u0000l\u0000o\u0000r\u0000e\u0000r\u0000\\\u0000i\u0000e\u0000x\u0000p\u0000l\u0000o\u0000r\u0000e\u0000.\u0000e\u0000x\u0000e\u0000\u0000\u0000\u0000\u0000\u0000\u0000M\u0000i\u0000c\u0000r\u0000o\u0000s\u0000o\u0000f\u0000t\u0000.\u0000I\u0000n\u0000t\u0000e\u0000r\u0000n\u0000e\u0000t\u0000E\u0000x\u0000p\u0000l\u0000o\u0000r\u0000e\u0000r\u0000.\u0000D\u0000e\u0000f\u0000a\u0000u\u0000l\u0000t\u0000\u0000\u0000\u0000\u0000\u007fz\u00e8\u00b2+\u0089\u00cb\u0001\u00d0z\u008d)yC\u00d6\u0001\u0001\u0000\u0000\u0000\u0001\u0000\u0000\u0000\u0000\u0000\u0000\u0000{\u00006\u0000D\u00008\u00000\u00009\u00003\u00007\u00007\u0000-\u00006\u0000A\u0000F\u00000\u0000-\u00004\u00004\u00004\u0000B\u0000-\u00008\u00009\u00005\u00007\u0000-\u0000A\u00003\u00007\u00007\u00003\u0000F\u00000\u00002\u00002\u00000\u00000\u0000E\u0000}\u0000\\\u0000I\u0000n\u0000t\u0000e\u0000r\u0000n\u0000e\u0000t\u0000 \u0000E\u0000x\u0000p\u0000l\u0000o\u0000r\u0000e\u0000r\u0000\\\u0000i\u0000e\u0000x\u0000p\u0000l\u0000o\u0000r\u0000e\u0000.\u0000e\u0000x\u0000e\u0000\u0000\u0000\u0000\u0000\u0000\u0000\u001c\u0000\u0000\u0000\u0000\u0004\u0001\u0000\u0000~\u00001\u0000\u0000\u0000\u0000\u0000\u00d0P<\u0007\u0011\u0000Programs\u0000\u0000f\u0000\b\u0000\u0004\u0000\u00ef\u00be\u00d0P5\u0007\u00d0P<\u0007*\u0000\u0000\u0000\u00df\u0001\u0000\u0000\u0000\u0000\u0002\u0000\u0000\u0000\u0000\u0000\u0000\u0000\u0000\u0000<\u0000\u0000\u0000\u0000\u0000P\u0000r\u0000o\u0000g\u0000r\u0000a\u0000m\u0000s\u0000\u0000\u0000@\u0000s\u0000h\u0000e\u0000l\u0000l\u00003\u00002\u0000.\u0000d\u0000l\u0000l\u0000,\u0000-\u00002\u00001\u00007\u00008\u00002\u0000\u0000\u0000\u0018\u0000\u0084\u00001\u0000\u0000\u0000\u0000\u0000\u00ee:\u00d1&\u0011\u0000ACCESS~1\u0000\u0000l\u0000\b\u0000\u0004\u0000\u00ef\u00be\u00d0P5\u0007\u00d0P5\u0007*\u0000\u0000\u0000\u00e1\u0001\u0000\u0000\u0000\u0000\u0002\u0000\u0000\u0000\u0000\u0000\u0000\u0000\u0000\u0000B\u0000\u0000\u0000\u0000\u0000A\u0000c\u0000c\u0000e\u0000s\u0000s\u0000o\u0000r\u0000i\u0000e\u0000s\u0000\u0000\u0000@\u0000s\u0000h\u0000e\u0000l\u0000l\u00003\u00002\u0000.\u0000d\u0000l\u0000l\u0000,\u0000-\u00002\u00001\u00007\u00006\u00001\u0000\u0000\u0000\u0018\u0000\u0000\u0000\u0001\u00c0\u0001\u0000\u0000\u00be\u00012\u0000\u0000\u0005\u0000\u0000\u00ee:\u00ce& \u0000COMMAN~1.LNK\u0000\u0000z\u0000\b\u0000\u0004\u0000\u00ef\u00be\u00d0P5\u0007\u00d0P5\u0007*\u0000\u0000\u0000\u00f8\u0001\u0000\u0000\u0000\u0000\u0003\u0000\u0000\u0000\u0000\u0000\u0000\u0000\u0000\u0000P\u0000\u0000\u0000\u0000\u0000C\u0000o\u0000m\u0000m\u0000a\u0000n\u0000d\u0000 \u0000P\u0000r\u0000o\u0000m\u0000p\u0000t\u0000.\u0000l\u0000n\u0000k\u0000\u0000\u0000@\u0000s\u0000h\u0000e\u0000l\u0000l\u00003\u00002\u0000.\u0000d\u0000l\u0000l\u0000,\u0000-\u00002\u00002\u00000\u00002\u00002\u0000\u0000\u0000\u001c\u0000(\u0001\u0005\u0000\u000b\u0000\u00ef\u00be\u0000\u0000\u0000\u0000\u0000\u0000\u0000\u0000%\u0000w\u0000i\u0000n\u0000d\u0000i\u0000r\u0000%\u0000\\\u0000s\u0000y\u0000s\u0000t\u0000e\u0000m\u00003\u00002\u0000\\\u0000c\u0000m\u0000d\u0000.\u0000e\u0000x\u0000e\u0000\u0000\u0000\u0000\u0000\u0000\u0000{\u00001\u0000A\u0000C\u00001\u00004\u0000E\u00007\u00007\u0000-\u00000\u00002\u0000E\u00007\u0000-\u00004\u0000E\u00005\u0000D\u0000-\u0000B\u00007\u00004\u00004\u0000-\u00002\u0000E\u0000B\u00001\u0000A\u0000E\u00005\u00001\u00009\u00008\u0000B\u00007\u0000}\u0000\\\u0000c\u0000m\u0000d\u0000.\u0000e\u0000x\u0000e\u0000\u0000\u0000\u0000\u0000\u00f7\u00b64\u0087+\u0089\u00cb\u0001J\u008b'#yC\u00d6\u0001\u0000\u0000\u0000\u0000\u0001\u0000\u0000\u0000\u0000\u0000\u0000\u0000{\u00001\u0000A\u0000C\u00001\u00004\u0000E\u00007\u00007\u0000-\u00000\u00002\u0000E\u00007\u0000-\u00004\u0000E\u00005\u0000D\u0000-\u0000B\u00007\u00004\u00004\u0000-\u00002\u0000E\u0000B\u00001\u0000A\u0000E\u00005\u00001\u00009\u00008\u0000B\u00007\u0000}\u0000\\\u0000c\u0000m\u0000d\u0000.\u0000e\u0000x\u0000e\u0000\u0000\u0000\u0000\u0000\u0000\u0000\u001c\u0000\u0000\u0000\u0001\u00c8\u0001\u0000\u0000\u00c6\u00012\u0000\u0018\u0005\u0000\u0000\u00ee:\u00d1& \u0000Notepad.lnk\u0000l\u0000\b\u0000\u0004\u0000\u00ef\u00be\u00d0P5\u0007\u00d0P5\u0007*\u0000\u0000\u0000\u0002\u0002\u0000\u0000\u0000\u0000\u0002\u0000\u0000\u0000\u0000\u0000\u0000\u0000\u0000\u0000B\u0000\u0000\u0000\u0000\u0000N\u0000o\u0000t\u0000e\u0000p\u0000a\u0000d\u0000.\u0000l\u0000n\u0000k\u0000\u0000\u0000@\u0000s\u0000h\u0000e\u0000l\u0000l\u00003\u00002\u0000.\u0000d\u0000l\u0000l\u0000,\u0000-\u00002\u00002\u00000\u00005\u00001\u0000\u0000\u0000\u001a\u0000@\u0001\u0005\u0000\u000b\u0000\u00ef\u00be\u0000\u0000\u0000\u0000\u0000\u0000\u0000\u0000%\u0000w\u0000i\u0000n\u0000d\u0000i\u0000r\u0000%\u0000\\\u0000s\u0000y\u0000s\u0000t\u0000e\u0000m\u00003\u00002\u0000\\\u0000n\u0000o\u0000t\u0000e\u0000p\u0000a\u0000d\u0000.\u0000e\u0000x\u0000e\u0000\u0000\u0000\u0000\u0000\u0000\u0000{\u00001\u0000A\u0000C\u00001\u00004\u0000E\u00007\u00007\u0000-\u00000\u00002\u0000E\u00007\u0000-\u00004\u0000E\u00005\u0000D\u0000-\u0000B\u00007\u00004\u00004\u0000-\u00002\u0000E\u0000B\u00001\u0000A\u0000E\u00005\u00001\u00009\u00008\u0000B\u00007\u0000}\u0000\\\u0000n\u0000o\u0000t\u0000e\u0000p\u0000a\u0000d\u0000.\u0000e\u0000x\u0000e\u0000\u0000\u0000\u0000\u0000\u00f8\u00a6\u00c9\u00fe1\u0004\u00ca\u0001J\u008b'#yC\u00d6\u0001\u0000\u0000\u0000\u0000\u0001\u0000\u0000\u0000\u0000\u0000\u0000\u0000{\u00001\u0000A\u0000C\u00001\u00004\u0000E\u00007\u00007\u0000-\u00000\u00002\u0000E\u00007\u0000-\u00004\u0000E\u00005\u0000D\u0000-\u0000B\u00007\u00004\u00004\u0000-\u00002\u0000E\u0000B\u00001\u0000A\u0000E\u00005\u00001\u00009\u00008\u0000B\u00007\u0000}\u0000\\\u0000n\u0000o\u0000t\u0000e\u0000p\u0000a\u0000d\u0000.\u0000e\u0000x\u0000e\u0000\u0000\u0000\u0000\u0000\u0000\u0000\u001a\u0000\u0000\u0000\u0001\u00aa\u0001\u0000\u0000\u00a8\u00012\u0000\u0006\u0001\u0000\u0000\u00ee:4& \u0000Run.lnk\u0000d\u0000\b\u0000\u0004\u0000\u00ef\u00be\u00d0P5\u0007\u00d0P5\u0007*\u0000\u0000\u0000\u00ff\u0001\u0000\u0000\u0000\u0000\u0002\u0000\u0000\u0000\u0000\u0000\u0000\u0000\u0000\u0000:\u0000\u0000\u0000\u0000\u0000R\u0000u\u0000n\u0000.\u0000l\u0000n\u0000k\u0000\u0000\u0000@\u0000s\u0000h\u0000e\u0000l\u0000l\u00003\u00002\u0000.\u0000d\u0000l\u0000l\u0000,\u0000-\u00001\u00002\u00007\u00001\u00000\u0000\u0000\u0000\u0016\u0000.\u0001\u0005\u0000\u000b\u0000\u00ef\u00be\u0000\u0000\u0000\u0000\u0000\u0000\u0000\u0000:\u0000:\u0000{\u00002\u00005\u00005\u00009\u0000A\u00001\u0000F\u00003\u0000-\u00002\u00001\u0000D\u00007\u0000-\u00001\u00001\u0000D\u00004\u0000-\u0000B\u0000D\u0000A\u0000F\u0000-\u00000\u00000\u0000C\u00000\u00004\u0000F\u00006\u00000\u0000B\u00009\u0000F\u00000\u0000}\u0000\u0000\u0000\u0000\u0000\u0000\u0000:\u0000:\u0000{\u00002\u00005\u00005\u00009\u0000A\u00001\u0000F\u00003\u0000-\u00002\u00001\u0000D\u00007\u0000-\u00001\u00001\u0000D\u00004\u0000-\u0000B\u0000D\u0000A\u0000F\u0000-\u00000\u00000\u0000C\u00000\u00004\u0000F\u00006\u00000\u0000B\u00009\u0000F\u00000\u0000}\u0000\u0000\u0000\u0000\u0000\u0000\u0000\u0000\u0000\u0000\u0000\u0000\u0000J\u008b'#yC\u00d6\u0001\u0000\u0000\u0000\u0000\u0000\u0000\u0000\u0000\u0000\u0000\u0000\u0000:\u0000:\u0000{\u00002\u00005\u00005\u00009\u0000A\u00001\u0000F\u00003\u0000-\u00002\u00001\u0000D\u00007\u0000-\u00001\u00001\u0000D\u00004\u0000-\u0000B\u0000D\u0000A\u0000F\u0000-\u00000\u00000\u0000C\u00000\u00004\u0000F\u00006\u00000\u0000B\u00009\u0000F\u00000\u0000}\u0000\u0000\u0000\u0000\u0000\u0000\u0000\u0016\u0000\u0000\u0000\u0001\u00d0\u0001\u0000\u0000\u00ce\u00012\u0000\u00cc\u0004\u0000\u0000\u00ee:4& \u0000WINDOW~1.LNK\u0000\u0000~\u0000\b\u0000\u0004\u0000\u00ef\u00be\u00d0P5\u0007\u00d0P5\u0007*\u0000\u0000\u0000\u00f7\u0001\u0000\u0000\u0000\u0000\u0002\u0000\u0000\u0000\u0000\u0000\u0000\u0000\u0000\u0000T\u0000\u0000\u0000\u0000\u0000W\u0000i\u0000n\u0000d\u0000o\u0000w\u0000s\u0000 \u0000E\u0000x\u0000p\u0000l\u0000o\u0000r\u0000e\u0000r\u0000.\u0000l\u0000n\u0000k\u0000\u0000\u0000@\u0000s\u0000h\u0000e\u0000l\u0000l\u00003\u00002\u0000.\u0000d\u0000l\u0000l\u0000,\u0000-\u00002\u00002\u00000\u00006\u00007\u0000\u0000\u0000\u001c\u00004\u0001\u0005\u0000\u000b\u0000\u00ef\u00be\u0000\u0000\u0000\u0000\u0000\u0000\u0000\u0000%\u0000w\u0000i\u0000n\u0000d\u0000i\u0000r\u0000%\u0000\\\u0000e\u0000x\u0000p\u0000l\u0000o\u0000r\u0000e\u0000r\u0000.\u0000e\u0000x\u0000e\u0000\u0000\u0000\u0000\u0000\u0000\u0000{\u0000F\u00003\u00008\u0000B\u0000F\u00004\u00000\u00004\u0000-\u00001\u0000D\u00004\u00003\u0000-\u00004\u00002\u0000F\u00002\u0000-\u00009\u00003\u00000\u00005\u0000-\u00006\u00007\u0000D\u0000E\u00000\u0000B\u00002\u00008\u0000F\u0000C\u00002\u00003\u0000}\u0000\\\u0000e\u0000x\u0000p\u0000l\u0000o\u0000r\u0000e\u0000r\u0000.\u0000e\u0000x\u0000e\u0000\u0000\u0000\u0000\u0000\u0012C\u00cd\u0090+\u0089\u00cb\u0001\u00f0(%#yC\u00d6\u0001\u0000\u0000\u0000\u0000\u0001\u0000\u0000\u0000\u0000\u0000\u0000\u0000{\u0000F\u00003\u00008\u0000B\u0000F\u00004\u00000\u00004\u0000-\u00001\u0000D\u00004\u00003\u0000-\u00004\u00002\u0000F\u00002\u0000-\u00009\u00003\u00000\u00005\u0000-\u00006\u00007\u0000D\u0000E\u00000\u0000B\u00002\u00008\u0000F\u0000C\u00002\u00003\u0000}\u0000\\\u0000e\u0000x\u0000p\u0000l\u0000o\u0000r\u0000e\u0000r\u0000.\u0000e\u0000x\u0000e\u0000\u0000\u0000\u0000\u0000\u0000\u0000\u001c\u0000\u0000\u0000\u0000\u008c\u0001\u0000\u0000~\u00001\u0000\u0000\u0000\u0000\u0000\u00d0P<\u0007\u0011\u0000Programs\u0000\u0000f\u0000\b\u0000\u0004\u0000\u00ef\u00be\u00d0P5\u0007\u00d0P<\u0007*\u0000\u0000\u0000\u00df\u0001\u0000\u0000\u0000\u0000\u0002\u0000\u0000\u0000\u0000\u0000\u0000\u0000\u0000\u0000<\u0000\u0000\u0000\u0000\u0000P\u0000r\u0000o\u0000g\u0000r\u0000a\u0000m\u0000s\u0000\u0000\u0000@\u0000s\u0000h\u0000e\u0000l\u0000l\u00003\u00002\u0000.\u0000d\u0000l\u0000l\u0000,\u0000-\u00002\u00001\u00007\u00008\u00002\u0000\u0000\u0000\u0018\u0000\u0084\u00001\u0000\u0000\u0000\u0000\u0000\u00ee:\u00d1&\u0011\u0000ACCESS~1\u0000\u0000l\u0000\b\u0000\u0004\u0000\u00ef\u00be\u00d0P5\u0007\u00d0P5\u0007*\u0000\u0000\u0000\u00e1\u0001\u0000\u0000\u0000\u0000\u0002\u0000\u0000\u0000\u0000\u0000\u0000\u0000\u0000\u0000B\u0000\u0000\u0000\u0000\u0000A\u0000c\u0000c\u0000e\u0000s\u0000s\u0000o\u0000r\u0000i\u0000e\u0000s\u0000\u0000\u0000@\u0000s\u0000h\u0000e\u0000l\u0000l\u00003\u00002\u0000.\u0000d\u0000l\u0000l\u0000,\u0000-\u00002\u00001\u00007\u00006\u00001\u0000\u0000\u0000\u0018\u0000\u0088\u00001\u0000\u0000\u0000\u0000\u0000\u00ee:\u00c2&\u0011\u0000ACCESS~1\u0000\u0000p\u0000\b\u0000\u0004\u0000\u00ef\u00be\u00d0P5\u0007\u00d0P5\u0007*\u0000\u0000\u0000\u00e3\u0001\u0000\u0000\u0000\u0000\u0002\u0000\u0000\u0000\u0000\u0000\u0000\u0000\u0000\u0000F\u0000\u0000\u0000\u0000\u0000A\u0000c\u0000c\u0000e\u0000s\u0000s\u0000i\u0000b\u0000i\u0000l\u0000i\u0000t\u0000y\u0000\u0000\u0000@\u0000s\u0000h\u0000e\u0000l\u0000l\u00003\u00002\u0000.\u0000d\u0000l\u0000l\u0000,\u0000-\u00002\u00001\u00007\u00006\u00000\u0000\u0000\u0000\u0018\u0000\u0000\u0000\u0001h\u0002\u0000\u0000f\u00022\u0000N\u0005\u0000\u0000\u00ee:\u00c1& \u0000EASEOF~1.LNK\u0000\u0000\u00ae\u0000\b\u0000\u0004\u0000\u00ef\u00be\u00d0P5\u0007\u00d0P5\u0007*\u0000\u0000\u0000\u000b\u0002\u0000\u0000\u0000\u0000\u0002\u0000\u0000\u0000\u0000\u0000\u0000\u0000\u0000\u0000P\u0000\u0000\u0000\u0000\u0000E\u0000a\u0000s\u0000e\u0000 \u0000o\u0000f\u0000 \u0000A\u0000c\u0000c\u0000e\u0000s\u0000s\u0000.\u0000l\u0000n\u0000k\u0000\u0000\u0000@\u0000C\u0000:\u0000\\\u0000W\u0000i\u0000n\u0000d\u0000o\u0000w\u0000s\u0000\\\u0000s\u0000y\u0000s\u0000t\u0000e\u0000m\u00003\u00002\u0000\\\u0000A\u0000c\u0000c\u0000e\u0000s\u0000s\u0000i\u0000b\u0000i\u0000l\u0000i\u0000t\u0000y\u0000C\u0000p\u0000l\u0000.\u0000d\u0000l\u0000l\u0000,\u0000-\u00001\u00000\u0000\u0000\u0000\u001c\u0000\u009c\u0001\u0005\u0000\u000b\u0000\u00ef\u00be\u0000\u0000\u0000\u0000\u0000\u0000\u0000\u0000%\u0000w\u0000i\u0000n\u0000d\u0000i\u0000r\u0000%\u0000\\\u0000s\u0000y\u0000s\u0000t\u0000e\u0000m\u00003\u00002\u0000\\\u0000c\u0000o\u0000n\u0000t\u0000r\u0000o\u0000l\u0000.\u0000e\u0000x\u0000e\u0000\u0000\u0000\u0000\u0000\u0000\u0000M\u0000i\u0000c\u0000r\u0000o\u0000s\u0000o\u0000f\u0000t\u0000.\u0000A\u0000u\u0000t\u0000o\u0000G\u0000e\u0000n\u0000e\u0000r\u0000a\u0000t\u0000e\u0000d\u0000.\u0000{\u00004\u00004\u0000D\u00009\u00001\u00008\u00000\u00007\u0000-\u00001\u00009\u00006\u0000B\u0000-\u00007\u00004\u0000F\u00003\u0000-\u00007\u0000A\u00007\u0000F\u0000-\u00007\u00008\u0000C\u00006\u00005\u00009\u00002\u00001\u0000F\u00007\u00008\u00001\u0000}\u0000\u0000\u0000/\u0000n\u0000a\u0000m\u0000e\u0000 \u0000M\u0000i\u0000c\u0000r\u0000o\u0000s\u0000o\u0000f\u0000t\u0000.\u0000E\u0000a\u0000s\u0000e\u0000O\u0000f\u0000A\u0000c\u0000c\u0000e\u0000s\u0000s\u0000C\u0000e\u0000n\u0000t\u0000e\u0000r\u0000\u0000\u0000\u00f8\u00a6\u00c9\u00fe1\u0004\u00ca\u0001J\u008b'#yC\u00d6\u0001\u0000\u0000\u0000\u0000\u0000\u0000\u0000\u0000\u0000\u0000\u0000\u0000{\u00001\u0000A\u0000C\u00001\u00004\u0000E\u00007\u00007\u0000-\u00000\u00002\u0000E\u00007\u0000-\u00004\u0000E\u00005\u0000D\u0000-\u0000B\u00007\u00004\u00004\u0000-\u00002\u0000E\u0000B\u00001\u0000A\u0000E\u00005\u00001\u00009\u00008\u0000B\u00007\u0000}\u0000\\\u0000c\u0000o\u0000n\u0000t\u0000r\u0000o\u0000l\u0000.\u0000e\u0000x\u0000e\u0000\u0000\u0000\u0000\u0000\u0000\u0000\u001c\u0000\u0000\u0000\u0001\u00c8\u0001\u0000\u0000\u00c6\u00012\u0000\u00ea\u0004\u0000\u0000\u00ee:\u00c1& \u0000Magnify.lnk\u0000l\u0000\b\u0000\u0004\u0000\u00ef\u00be\u00d0P5\u0007\u00d0P5\u0007*\u0000\u0000\u0000\t\u0002\u0000\u0000\u0000\u0000\u0002\u0000\u0000\u0000\u0000\u0000\u0000\u0000\u0000\u0000B\u0000\u0000\u0000\u0000\u0000M\u0000a\u0000g\u0000n\u0000i\u0000f\u0000y\u0000.\u0000l\u0000n\u0000k\u0000\u0000\u0000@\u0000s\u0000h\u0000e\u0000l\u0000l\u00003\u00002\u0000.\u0000d\u0000l\u0000l\u0000,\u0000-\u00002\u00002\u00000\u00004\u00001\u0000\u0000\u0000\u001a\u0000@\u0001\u0005\u0000\u000b\u0000\u00ef\u00be\u0000\u0000\u0000\u0000\u0000\u0000\u0000\u0000%\u0000w\u0000i\u0000n\u0000d\u0000i\u0000r\u0000%\u0000\\\u0000s\u0000y\u0000s\u0000t\u0000e\u0000m\u00003\u00002\u0000\\\u0000m\u0000a\u0000g\u0000n\u0000i\u0000f\u0000y\u0000.\u0000e\u0000x\u0000e\u0000\u0000\u0000\u0000\u0000\u0000\u0000{\u00001\u0000A\u0000C\u00001\u00004\u0000E\u00007\u00007\u0000-\u00000\u00002\u0000E\u00007\u0000-\u00004\u0000E\u00005\u0000D\u0000-\u0000B\u00007\u00004\u00004\u0000-\u00002\u0000E\u0000B\u00001\u0000A\u0000"], "type": "reboot", "time": 14}
{"category": "regkey_written", "args": ["HKEY_CURRENT_USER\\Software\\Microsoft\\Windows\\CurrentVersion\\Internet Settings\\Connections\\SavedLegacySettings", "REG_BINARY", "F\u0000\u0000\u0000\f\u0000\u0000\u0000\t\u0000\u0000\u0000\u0000\u0000\u0000\u0000\u0000\u0000\u0000\u0000\u0000\u0000\u0000\u0000\u0004\u0000\u0000\u0000\u0000\u0000\u0000\u0000\u00f0\u00c0\u00997{C\u00d6\u0001\u0000\u0000\u0000\u0000\u0000\u0000\u0000\u0000\u0000\u0000\u0000\u0000\u0001\u0000\u0000\u0000\u0002\u0000\u0000\u0000\u00c0\u00a8\u00a8\u00ce\u0000\u0000\u0000\u0000\u0000\u0000\u0000\u0000\u0000\u0000\u0000\u0000\u0000\u0000\u0000\u0000\u0000\u0000\u0000\u0000\u0000\u0000\u0000\u0000\u0000\u0000\u0000\u0000\u0000\u0000\u0000\u0000\u0000\u0000\u0000\u0000\u0000\u0000\u0000\u0000\u0000\u0000\u0000\u0000\u0000\u0000\u0000\u0000\u0000\u0000\u0000\u0000\u0000\u0000\u0000\u0000\u0000\u0000\u0000\u0000\u0000\u0000\u0000\u0000\u0000\u0000\u0000\u0000\u0000\u0000\u0000\u0000\u0000\u0000\u0000\u0000\u0000\u0000\u0000\u0000\u0000\u0000\u0000\u0000\u0000\u0000\u0000\u0000\u0000\u0000\u0000\u0000\u0000\u0000\u0000\u0000\u0000\u0000\u0000\u0000\u0000\u0000\u0000\u0000\u0000\u0000\u0000\u0000\u0000\u0000\u0000\u0000\u0000\u0000\u0000\u0000\u0000\u0000\u0000\u0000"], "type": "reboot", "time": 14}
{"category": "regkey_written", "args": ["HKEY_CURRENT_USER\\Software\\Microsoft\\Windows\\CurrentVersion\\Internet Settings\\ProxyEnable", "REG_DWORD", 0], "type": "reboot", "time": 14}
{"category": "regkey_written", "args": ["HKEY_CURRENT_USER\\Software\\Microsoft\\Windows\\CurrentVersion\\Internet Settings\\Wpad\\0a-00-27-00-00-00\\WpadDecision", "REG_DWORD", 0], "type": "reboot", "time": 14}
{"category": "regkey_written", "args": ["HKEY_CURRENT_USER\\Software\\Microsoft\\Windows\\CurrentVersion\\Internet Settings\\Wpad\\0a-00-27-00-00-00\\WpadDecision", "REG_DWORD", 0], "type": "reboot", "time": 14}
{"category": "regkey_written", "args": ["HKEY_CURRENT_USER\\Software\\Microsoft\\Windows\\CurrentVersion\\Internet Settings\\Wpad\\0a-00-27-00-00-00\\WpadDecisionReason", "REG_DWORD", 1], "type": "reboot", "time": 14}
{"category": "regkey_written", "args": ["HKEY_CURRENT_USER\\Software\\Microsoft\\Windows\\CurrentVersion\\Internet Settings\\Wpad\\0a-00-27-00-00-00\\WpadDecisionReason", "REG_DWORD", 1], "type": "reboot", "time": 14}
{"category": "regkey_written", "args": ["HKEY_CURRENT_USER\\Software\\Microsoft\\Windows\\CurrentVersion\\Internet Settings\\Wpad\\0a-00-27-00-00-00\\WpadDecisionTime", "REG_BINARY", "\u0002j\u00be\u00f45\u001e\u00db\u0001"], "type": "reboot", "time": 14}
{"category": "regkey_written", "args": ["HKEY_CURRENT_USER\\Software\\Microsoft\\Windows\\CurrentVersion\\Internet Settings\\Wpad\\0a-00-27-00-00-00\\WpadDecisionTime", "REG_BINARY", "\u0002j\u00be\u00f45\u001e\u00db\u0001"], "type": "reboot", "time": 14}
{"category": "regkey_written", "args": ["HKEY_CURRENT_USER\\Software\\Microsoft\\Windows\\CurrentVersion\\Internet Settings\\Wpad\\{092F0E6C-7874-4263-8D41-969F2B667EA2}\\WpadDecision", "REG_DWORD", 0], "type": "reboot", "time": 14}
{"category": "regkey_written", "args": ["HKEY_CURRENT_USER\\Software\\Microsoft\\Windows\\CurrentVersion\\Internet Settings\\Wpad\\{092F0E6C-7874-4263-8D41-969F2B667EA2}\\WpadDecisionReason", "REG_DWORD", 1], "type": "reboot", "time": 14}
{"category": "regkey_written", "args": ["HKEY_CURRENT_USER\\Software\\Microsoft\\Windows\\CurrentVersion\\Internet Settings\\Wpad\\{092F0E6C-7874-4263-8D41-969F2B667EA2}\\WpadDecisionTime", "REG_BINARY", "\u0002j\u00be\u00f45\u001e\u00db\u0001"], "type": "reboot", "time": 14}
{"category": "regkey_written", "args": ["HKEY_CURRENT_USER\\Software\\Microsoft\\Windows\\CurrentVersion\\Internet Settings\\Wpad\\{092F0E6C-7874-4263-8D41-969F2B667EA2}\\WpadNetworkName", "REG_SZ", "Network"], "type": "reboot", "time": 14}
{"category": "regkey_written", "args": ["HKEY_CURRENT_USER\\Software\\Microsoft\\Windows\\CurrentVersion\\Internet Settings\\ZoneMap\\AutoDetect", "REG_DWORD", 1], "type": "reboot", "time": 14}
{"category": "regkey_written", "args": ["HKEY_CURRENT_USER\\Software\\Microsoft\\Windows\\CurrentVersion\\Internet Settings\\ZoneMap\\AutoDetect", "REG_DWORD", 1], "type": "reboot", "time": 14}
{"category": "regkey_written", "args": ["HKEY_CURRENT_USER\\Software\\Microsoft\\Windows\\CurrentVersion\\Internet Settings\\ZoneMap\\AutoDetect", "REG_DWORD", 1], "type": "reboot", "time": 14}
{"category": "regkey_written", "args": ["HKEY_CURRENT_USER\\Software\\Microsoft\\Windows\\CurrentVersion\\Internet Settings\\ZoneMap\\AutoDetect", "REG_DWORD", 1], "type": "reboot", "time": 14}
{"category": "regkey_written", "args": ["HKEY_CURRENT_USER\\Software\\Microsoft\\Windows\\CurrentVersion\\Internet Settings\\ZoneMap\\UNCAsIntranet", "REG_DWORD", 0], "type": "reboot", "time": 14}
{"category": "regkey_written", "args": ["HKEY_CURRENT_USER\\Software\\Microsoft\\Windows\\CurrentVersion\\Internet Settings\\ZoneMap\\UNCAsIntranet", "REG_DWORD", 0], "type": "reboot", "time": 14}
{"category": "regkey_written", "args": ["HKEY_CURRENT_USER\\Software\\Microsoft\\Windows\\CurrentVersion\\Internet Settings\\ZoneMap\\UNCAsIntranet", "REG_DWORD", 0], "type": "reboot", "time": 14}
{"category": "regkey_written", "args": ["HKEY_CURRENT_USER\\Software\\Microsoft\\Windows\\CurrentVersion\\Internet Settings\\ZoneMap\\UNCAsIntranet", "REG_DWORD", 0], "type": "reboot", "time": 14}
{"category": "regkey_deleted", "args": "HKEY_CURRENT_USER\\Software\\Microsoft\\Windows\\CurrentVersion\\Internet Settings\\AutoConfigURL", "type": "reboot", "time": 14}
{"category": "regkey_deleted", "args": "HKEY_CURRENT_USER\\Software\\Microsoft\\Windows\\CurrentVersion\\Internet Settings\\AutoDetect", "type": "reboot", "time": 14}
{"category": "regkey_deleted", "args": "HKEY_CURRENT_USER\\Software\\Microsoft\\Windows\\CurrentVersion\\Internet Settings\\ProxyOverride", "type": "reboot", "time": 14}
{"category": "regkey_deleted", "args": "HKEY_CURRENT_USER\\Software\\Microsoft\\Windows\\CurrentVersion\\Internet Settings\\ProxyServer", "type": "reboot", "time": 14}
{"category": "regkey_deleted", "args": "HKEY_CURRENT_USER\\Software\\Microsoft\\Windows\\CurrentVersion\\Internet Settings\\Wpad\\0a-00-27-00-00-00\\WpadDetectedUrl", "type": "reboot", "time": 14}
{"category": "regkey_deleted", "args": "HKEY_CURRENT_USER\\Software\\Microsoft\\Windows\\CurrentVersion\\Internet Settings\\Wpad\\0a-00-27-00-00-00\\WpadDetectedUrl", "type": "reboot", "time": 14}
{"category": "regkey_deleted", "args": "HKEY_CURRENT_USER\\Software\\Microsoft\\Windows\\CurrentVersion\\Internet Settings\\Wpad\\{092F0E6C-7874-4263-8D41-969F2B667EA2}\\WpadDetectedUrl", "type": "reboot", "time": 14}
{"category": "regkey_deleted", "args": "HKEY_CURRENT_USER\\Software\\Microsoft\\Windows\\CurrentVersion\\Internet Settings\\ZoneMap\\IntranetName", "type": "reboot", "time": 14}
{"category": "regkey_deleted", "args": "HKEY_CURRENT_USER\\Software\\Microsoft\\Windows\\CurrentVersion\\Internet Settings\\ZoneMap\\IntranetName", "type": "reboot", "time": 14}
{"category": "regkey_deleted", "args": "HKEY_CURRENT_USER\\Software\\Microsoft\\Windows\\CurrentVersion\\Internet Settings\\ZoneMap\\IntranetName", "type": "reboot", "time": 14}
{"category": "regkey_deleted", "args": "HKEY_CURRENT_USER\\Software\\Microsoft\\Windows\\CurrentVersion\\Internet Settings\\ZoneMap\\IntranetName", "type": "reboot", "time": 14}
{"category": "regkey_deleted", "args": "HKEY_CURRENT_USER\\Software\\Microsoft\\Windows\\CurrentVersion\\Internet Settings\\ZoneMap\\ProxyBypass", "type": "reboot", "time": 14}
{"category": "regkey_deleted", "args": "HKEY_CURRENT_USER\\Software\\Microsoft\\Windows\\CurrentVersion\\Internet Settings\\ZoneMap\\ProxyBypass", "type": "reboot", "time": 14}
{"category": "regkey_deleted", "args": "HKEY_CURRENT_USER\\Software\\Microsoft\\Windows\\CurrentVersion\\Internet Settings\\ZoneMap\\ProxyBypass", "type": "reboot", "time": 14}
{"category": "regkey_deleted", "args": "HKEY_CURRENT_USER\\Software\\Microsoft\\Windows\\CurrentVersion\\Internet Settings\\ZoneMap\\ProxyBypass", "type": "reboot", "time": 14}
{"category": "regkey_deleted", "args": "HKEY_LOCAL_MACHINE\\SOFTWARE\\Wow6432Node\\Microsoft\\Windows\\CurrentVersion\\Internet Settings\\ZoneMap\\IntranetName", "type": "reboot", "time": 14}
{"category": "regkey_deleted", "args": "HKEY_LOCAL_MACHINE\\SOFTWARE\\Wow6432Node\\Microsoft\\Windows\\CurrentVersion\\Internet Settings\\ZoneMap\\IntranetName", "type": "reboot", "time": 14}
{"category": "regkey_deleted", "args": "HKEY_LOCAL_MACHINE\\SOFTWARE\\Wow6432Node\\Microsoft\\Windows\\CurrentVersion\\Internet Settings\\ZoneMap\\IntranetName", "type": "reboot", "time": 14}
{"category": "regkey_deleted", "args": "HKEY_LOCAL_MACHINE\\SOFTWARE\\Wow6432Node\\Microsoft\\Windows\\CurrentVersion\\Internet Settings\\ZoneMap\\IntranetName", "type": "reboot", "time": 14}
{"category": "regkey_deleted", "args": "HKEY_LOCAL_MACHINE\\SOFTWARE\\Wow6432Node\\Microsoft\\Windows\\CurrentVersion\\Internet Settings\\ZoneMap\\ProxyBypass", "type": "reboot", "time": 14}
{"category": "regkey_deleted", "args": "HKEY_LOCAL_MACHINE\\SOFTWARE\\Wow6432Node\\Microsoft\\Windows\\CurrentVersion\\Internet Settings\\ZoneMap\\ProxyBypass", "type": "reboot", "time": 14}
{"category": "regkey_deleted", "args": "HKEY_LOCAL_MACHINE\\SOFTWARE\\Wow6432Node\\Microsoft\\Windows\\CurrentVersion\\Internet Settings\\ZoneMap\\ProxyBypass", "type": "reboot", "time": 14}
{"category": "regkey_deleted", "args": "HKEY_LOCAL_MACHINE\\SOFTWARE\\Wow6432Node\\Microsoft\\Windows\\CurrentVersion\\Internet Settings\\ZoneMap\\ProxyBypass", "type": "reboot", "time": 14}
{"category": "regkey_deleted", "args": "HKEY_LOCAL_MACHINE\\System\\Acrobatviewercpp304", "type": "reboot", "time": 14}
