{"started_on": {"$dt": "2024-10-14T17:09:07.162575"}, "duration": -1, "sample_id": 5139861, "owner": null, "id": 5291036, "category": "file", "priority": 2, "guest": {"status": "stopped", "name": "win7x646", "label": "win7x646", "manager": "VirtualBox", "started_on": "2024-10-14 17:09:29", "shutdown_on": "2024-10-14 17:18:13"}, "clock": {"$dt": "2024-10-14T13:58:16.368092"}, "custom": null, "machine": null, "platform": "windows", "memory": true, "status": "running", "tags": [], "processing": null, "enforce_timeout": false, "completed_on": null, "target": "/srv/cuckoo/cwd/storage/cuckoo-tmp/tmpbUcAJ9/6ad91e399eca4253b5871954aa23cf63b6ea2338a9e5c57e18cead0ab4b485c1", "package": "exe", "route": "internet", "timeout": 300, "submit_id": 5121420, "options": {"procmemdump": "yes", "route": "internet"}, "added_on": {"$dt": "2024-10-14T13:58:16.368130"}}