{"path": "shots/0001.jpg", "pids": [], "filepath": null}
{"path": "files/6544f1c96003d682_w7e157D.tmp", "pids": [2052], "filepath": "C:\\ProgramData\\w7e157D.tmp"}
{"path": "files/e03145fefe7fef82_temp.exe", "pids": [496], "filepath": "C:\\Users\\Administrator\\AppData\\Local\\Temp\\temp.exe"}
{"path": "files/23f765758b3071fd_net.exe", "pids": [496], "filepath": "C:\\Users\\Administrator\\AppData\\Local\\Temp\\net.exe"}
{"path": "shots/0002.jpg", "pids": [], "filepath": null}
{"path": "curtain/1728915885.51.curtain.log", "pids": [], "filepath": "C:\\curtain.log"}
{"path": "sysmon/1728915886.85.sysmon.xml", "pids": [], "filepath": "C:\\sysmon.xml"}
{"path": "files/6efdfb081fa84c60_config_t.dat", "pids": [2624], "filepath": "C:\\Windows\\system\\config_t.dat"}
{"path": "files/e5f0e0a014e19a8a_fastuserswitchingcompatibilityex.dll", "pids": [2624], "filepath": "C:\\Windows\\SysWOW64\\FastUserSwitchingCompatibilityex.dll"}
