{"started_on": {"$dt": "2024-10-14T17:15:10.922854"}, "duration": -1, "sample_id": 5139895, "owner": null, "id": 5291070, "category": "file", "priority": 2, "guest": {"status": "stopped", "name": "win7x6416", "label": "win7x6416", "manager": "VirtualBox", "started_on": "2024-10-14 17:18:17", "shutdown_on": "2024-10-14 17:26:17"}, "clock": {"$dt": "2024-10-14T14:00:41.365723"}, "custom": null, "machine": null, "platform": "windows", "memory": true, "status": "running", "tags": [], "processing": null, "enforce_timeout": false, "completed_on": null, "target": "/srv/cuckoo/cwd/storage/cuckoo-tmp/tmpINfTyq/5b3e07ff6d930392b8749e68a54b1e04062794d1dafff226fb61ba4baf8bbfc6", "package": "exe", "route": "internet", "timeout": 300, "submit_id": 5121424, "options": {"procmemdump": "yes", "route": "internet"}, "added_on": {"$dt": "2024-10-14T14:00:41.365768"}}