{"started_on": {"$dt": "2024-10-14T17:27:22.723627"}, "duration": -1, "sample_id": 5139963, "owner": null, "id": 5291138, "category": "file", "priority": 2, "guest": {"status": "stopped", "name": "win7x6424", "label": "win7x6424", "manager": "VirtualBox", "started_on": "2024-10-14 17:27:56", "shutdown_on": "2024-10-14 17:31:57"}, "clock": {"$dt": "2024-10-14T14:04:34.772061"}, "custom": null, "machine": null, "platform": "windows", "memory": true, "status": "running", "tags": [], "processing": null, "enforce_timeout": false, "completed_on": null, "target": "/srv/cuckoo/cwd/storage/cuckoo-tmp/tmpJJKqxn/7081455301e756d6459ea7f03cd55f7e490622d36a5a019861e6b17141f69bd0", "package": "exe", "route": "internet", "timeout": 300, "submit_id": 5121431, "options": {"procmemdump": "yes", "route": "internet"}, "added_on": {"$dt": "2024-10-14T14:04:34.772107"}}