{"started_on": {"$dt": "2024-10-14T17:09:35.359750"}, "duration": -1, "sample_id": 5139867, "owner": null, "id": 5291042, "category": "file", "priority": 2, "guest": {"status": "stopped", "name": "win7x6414", "label": "win7x6414", "manager": "VirtualBox", "started_on": "2024-10-14 17:09:41", "shutdown_on": "2024-10-14 17:18:58"}, "clock": {"$dt": "2024-10-14T13:59:15.665052"}, "custom": null, "machine": null, "platform": "windows", "memory": true, "status": "running", "tags": [], "processing": null, "enforce_timeout": false, "completed_on": null, "target": "/srv/cuckoo/cwd/storage/cuckoo-tmp/tmpmEg372/0ba8f399daf0e85789ac415274ef578e528dd2d68f3dc70e18243c34d18f276e", "package": "exe", "route": "internet", "timeout": 300, "submit_id": 5121421, "options": {"procmemdump": "yes", "route": "internet"}, "added_on": {"$dt": "2024-10-14T13:59:15.665087"}}