{"category": "regkey_written", "args": ["HKEY_CURRENT_USER\\Software\\Microsoft\\Windows\\CurrentVersion\\Explorer\\Path", "REG_BINARY", "\u00d6\u00e9\u00df_\u00e5\u00ae\u0000\u0000\u0000\u0000\u0000\u0000\u0000\u0000\u0000\u0000\u0000\u0000\u0000\u0000\u0000\u0000\u0000\u0000\u0000\u0000"], "type": "reboot", "time": 14}
{"category": "regkey_written", "args": ["HKEY_CURRENT_USER\\Software\\Microsoft\\Windows\\CurrentVersion\\Explorer\\Path", "REG_BINARY", "\u00d6\u00e9\u00df_\u00e5\u00ae\u0006\u0000\u0000\u0000\u0000\u0000\u0000\u0000\u0000\u0000\u0000\u0000\u0000\u0000\u0000\u0000\u0000\u0000\u0000\u0000~\u00120[]\u00a8"], "type": "reboot", "time": 14}
{"category": "regkey_written", "args": ["HKEY_CURRENT_USER\\Software\\Microsoft\\Windows\\CurrentVersion\\Explorer\\Path", "REG_BINARY", "\u00d6\u00e9\u00df_\u00e5\u00ae\u0006\u0006\u0000\u0000\u0000\u0000\u0000\u0000\u0000\u0000\u0000\u0000\u0000\u0000\u0000\u0000\u0000\u0000\u0000\u0000~\u00120[]\u00a8\n%\u00c6A\u00b1\u00a8"], "type": "reboot", "time": 14}
{"category": "regkey_written", "args": ["HKEY_CURRENT_USER\\Software\\Microsoft\\Windows\\CurrentVersion\\Explorer\\Path", "REG_BINARY", "\u00d6\u00e9\u00df_\u00e5\u00ae\u0006\u0006\u0012\u0000\u0000\u0000\u0000\u0000\u0000\u0000\u0000\u0000\u0000\u0000\u0000\u0000\u0000\u0000\u0000\u0000~\u00120[]\u00a8\n%\u00c6A\u00b1\u00a8\u001bW\u00b3%\u00c4\u00c0\u0013\u0010S:o\u00a58}&K@\u0080"], "type": "reboot", "time": 14}
{"category": "regkey_written", "args": ["HKEY_CURRENT_USER\\Software\\Microsoft\\Windows\\CurrentVersion\\Explorer\\Path", "REG_BINARY", "\u00d6\u00e9\u00df_\u00e5\u00ae\u0006\u0006\u0012\u0011\u0000\u0000\u0000\u0000\u0000\u0000\u0000\u0000\u0000\u0000\u0000\u0000\u0000\u0000\u0000\u0000~\u00120[]\u00a8\n%\u00c6A\u00b1\u00a8\u001bW\u00b3%\u00c4\u00c0\u0013\u0010S:o\u00a58}&K@\u0080i1\u0088\u00c2 \u0084S\u00b9\u00f3\u00ed\u00cc\u00b3*\u00b1\u00f2\u0003\u00a7"], "type": "reboot", "time": 14}
{"category": "regkey_written", "args": ["HKEY_CURRENT_USER\\Software\\Microsoft\\Windows\\CurrentVersion\\Explorer\\Path", "REG_BINARY", "\u00d6\u00e9\u00df_\u00e5\u00ae\u0006\u0006\u0012\u0011\u0011\u0000\u0000\u0000\u0000\u0000\u0000\u0000\u0000\u0000\u0000\u0000\u0000\u0000\u0000\u0000~\u00120[]\u00a8\n%\u00c6A\u00b1\u00a8\u001bW\u00b3%\u00c4\u00c0\u0013\u0010S:o\u00a58}&K@\u0080i1\u0088\u00c2 \u0084S\u00b9\u00f3\u00ed\u00cc\u00b3*\u00b1\u00f2\u0003\u00a7\u00bag\u00bc\u00f8I\u00b4\u00f2\u0093\u007f\u00a3\u001a\u00feH\u00b3g\u00de]"], "type": "reboot", "time": 14}
{"category": "regkey_written", "args": ["HKEY_CURRENT_USER\\Software\\Microsoft\\Windows\\CurrentVersion\\Explorer\\Path", "REG_BINARY", "\u00d6\u00e9\u00df_\u00e5\u00ae\u0006\u0006\u0012\u0011\u0011\u0004\u0000\u0000\u0000\u0000\u0000\u0000\u0000\u0000\u0000\u0000\u0000\u0000\u0000\u0000~\u00120[]\u00a8\n%\u00c6A\u00b1\u00a8\u001bW\u00b3%\u00c4\u00c0\u0013\u0010S:o\u00a58}&K@\u0080i1\u0088\u00c2 \u0084S\u00b9\u00f3\u00ed\u00cc\u00b3*\u00b1\u00f2\u0003\u00a7\u00bag\u00bc\u00f8I\u00b4\u00f2\u0093\u007f\u00a3\u001a\u00feH\u00b3g\u00de]1b\u00c7\u00ca"], "type": "reboot", "time": 14}
{"category": "regkey_written", "args": ["HKEY_CURRENT_USER\\Software\\Microsoft\\Windows\\CurrentVersion\\Explorer\\Path", "REG_BINARY", "\u00d6\u00e9\u00df_\u00e5\u00ae\u0006\u0006\u0012\u0011\u0011\u0004\u0005\u0000\u0000\u0000\u0000\u0000\u0000\u0000\u0000\u0000\u0000\u0000\u0000\u0000~\u00120[]\u00a8\n%\u00c6A\u00b1\u00a8\u001bW\u00b3%\u00c4\u00c0\u0013\u0010S:o\u00a58}&K@\u0080i1\u0088\u00c2 \u0084S\u00b9\u00f3\u00ed\u00cc\u00b3*\u00b1\u00f2\u0003\u00a7\u00bag\u00bc\u00f8I\u00b4\u00f2\u0093\u007f\u00a3\u001a\u00feH\u00b3g\u00de]1b\u00c7\u00ca8hi\u000e\u0098"], "type": "reboot", "time": 14}
{"category": "regkey_written", "args": ["HKEY_CURRENT_USER\\Software\\Microsoft\\Windows\\CurrentVersion\\Explorer\\Path", "REG_BINARY", "\u00d6\u00e9\u00df_\u00e5\u00ae\u0006\u0006\u0012\u0011\u0011\u0004\u0005\u0006\u0000\u0000\u0000\u0000\u0000\u0000\u0000\u0000\u0000\u0000\u0000\u0000~\u00120[]\u00a8\n%\u00c6A\u00b1\u00a8\u001bW\u00b3%\u00c4\u00c0\u0013\u0010S:o\u00a58}&K@\u0080i1\u0088\u00c2 \u0084S\u00b9\u00f3\u00ed\u00cc\u00b3*\u00b1\u00f2\u0003\u00a7\u00bag\u00bc\u00f8I\u00b4\u00f2\u0093\u007f\u00a3\u001a\u00feH\u00b3g\u00de]1b\u00c7\u00ca8hi\u000e\u0098Q\u00f3n\u009d\u000eL"], "type": "reboot", "time": 14}
{"category": "regkey_written", "args": ["HKEY_CURRENT_USER\\Software\\Microsoft\\Windows\\CurrentVersion\\Explorer\\Path", "REG_BINARY", "\u00d6\u00e9\u00df_\u00e5\u00ae\u0006\u0006\u0012\u0011\u0011\u0004\u0005\u0006\u0001\u0000\u0000\u0000\u0000\u0000\u0000\u0000\u0000\u0000\u0000\u0000~\u00120[]\u00a8\n%\u00c6A\u00b1\u00a8\u001bW\u00b3%\u00c4\u00c0\u0013\u0010S:o\u00a58}&K@\u0080i1\u0088\u00c2 \u0084S\u00b9\u00f3\u00ed\u00cc\u00b3*\u00b1\u00f2\u0003\u00a7\u00bag\u00bc\u00f8I\u00b4\u00f2\u0093\u007f\u00a3\u001a\u00feH\u00b3g\u00de]1b\u00c7\u00ca8hi\u000e\u0098Q\u00f3n\u009d\u000eLk"], "type": "reboot", "time": 14}
{"category": "regkey_written", "args": ["HKEY_CURRENT_USER\\Software\\Microsoft\\Windows\\CurrentVersion\\Explorer\\Path", "REG_BINARY", "\u00d6\u00e9\u00df_\u00e5\u00ae\u0006\u0006\u0012\u0011\u0011\u0004\u0005\u0006\u0001\u0000\u0000\u0000\u0000\u0000\u0000\u0000\u0000\u0000\u0000\u0000~\u00120[]\u00a8\n%\u00c6A\u00b1\u00a8\u001bW\u00b3%\u00c4\u00c0\u0013\u0010S:o\u00a58}&K@\u0080i1\u0088\u00c2 \u0084S\u00b9\u00f3\u00ed\u00cc\u00b3*\u00b1\u00f2\u0003\u00a7\u00bag\u00bc\u00f8I\u00b4\u00f2\u0093\u007f\u00a3\u001a\u00feH\u00b3g\u00de]1b\u00c7\u00ca8hi\u000e\u0098Q\u00f3n\u009d\u000eLk"], "type": "reboot", "time": 14}
{"category": "regkey_written", "args": ["HKEY_LOCAL_MACHINE\\SOFTWARE\\Classes\\Wow6432Node\\CLSID\\{2D876AE9-4412-7513-29A6-9436AE031980}\\InProcServer32\\(Default)", "REG_SZ", "C:\\Program Files (x86)\\Common Files\\Microsoft Shared\\MSInfo\\advstorshell.dll"], "type": "reboot", "time": 14}
{"category": "regkey_written", "args": ["HKEY_LOCAL_MACHINE\\SOFTWARE\\Classes\\Wow6432Node\\CLSID\\{2D876AE9-4412-7513-29A6-9436AE031980}\\InProcServer32\\ThreadingModel", "REG_SZ", "Apartment"], "type": "reboot", "time": 14}
{"category": "regkey_written", "args": ["HKEY_LOCAL_MACHINE\\SOFTWARE\\Wow6432Node\\Microsoft\\Windows\\CurrentVersion\\explorer\\ShellIconOverlayIdentifiers\\AdvancedStorageShell\\(Default)", "REG_SZ", "{2D876AE9-4412-7513-29A6-9436AE031980}"], "type": "reboot", "time": 14}
