{"started_on": {"$dt": "2024-10-14T17:19:46.715166"}, "duration": -1, "sample_id": 5139914, "owner": null, "id": 5291089, "category": "file", "priority": 2, "guest": {"status": "stopped", "name": "win7x6420", "label": "win7x6420", "manager": "VirtualBox", "started_on": "2024-10-14 17:19:48", "shutdown_on": "2024-10-14 17:28:52"}, "clock": {"$dt": "2024-10-14T14:01:26.264304"}, "custom": null, "machine": null, "platform": "windows", "memory": true, "status": "running", "tags": [], "processing": null, "enforce_timeout": false, "completed_on": null, "target": "/srv/cuckoo/cwd/storage/cuckoo-tmp/tmp91Ek6n/378ef276eeaa4a29dab46d114710fc14ba0a9f964f6d949bcbc5ed3267579892", "package": "exe", "route": "internet", "timeout": 300, "submit_id": 5121425, "options": {"procmemdump": "yes", "route": "internet"}, "added_on": {"$dt": "2024-10-14T14:01:26.264352"}}