{"started_on": {"$dt": "2024-10-14T17:28:48.206633"}, "duration": -1, "sample_id": 5139971, "owner": null, "id": 5291146, "category": "file", "priority": 2, "guest": {"status": "stopped", "name": "win7x6411", "label": "win7x6411", "manager": "VirtualBox", "started_on": "2024-10-14 17:29:25", "shutdown_on": "2024-10-14 17:34:10"}, "clock": {"$dt": "2024-10-14T14:05:30.111451"}, "custom": null, "machine": null, "platform": "windows", "memory": true, "status": "running", "tags": [], "processing": null, "enforce_timeout": false, "completed_on": null, "target": "/srv/cuckoo/cwd/storage/cuckoo-tmp/tmplhPwkL/4a7262c1489d0d3c6109eed6c6b43052dcb294566dd2f9e21b3711d1681b0bd6", "package": "exe", "route": "internet", "timeout": 300, "submit_id": 5121432, "options": {"procmemdump": "yes", "route": "internet"}, "added_on": {"$dt": "2024-10-14T14:05:30.111525"}}