{"started_on": {"$dt": "2024-10-14T17:08:24.462174"}, "duration": -1, "sample_id": 5139858, "owner": null, "id": 5291033, "category": "file", "priority": 2, "guest": {"status": "stopped", "name": "win7x6420", "label": "win7x6420", "manager": "VirtualBox", "started_on": "2024-10-14 17:09:01", "shutdown_on": "2024-10-14 17:18:12"}, "clock": {"$dt": "2024-10-14T13:58:16.272166"}, "custom": null, "machine": null, "platform": "windows", "memory": true, "status": "running", "tags": [], "processing": null, "enforce_timeout": false, "completed_on": null, "target": "/srv/cuckoo/cwd/storage/cuckoo-tmp/tmpVgxXm_/1cc1a6f131617e0a15380e327e96d903ba4512dca45b63b9a456751495ede76c", "package": "exe", "route": "internet", "timeout": 300, "submit_id": 5121420, "options": {"procmemdump": "yes", "route": "internet"}, "added_on": {"$dt": "2024-10-14T13:58:16.272224"}}