{"category": "create_process", "args": ["C:\\Users\\Administrator\\AppData\\Local\\Temp\\2e373e199d2b6dea0241c672bbcbccedac86cba2ed2fdefc84a5d8187acb896f.exe", [], "explorer.exe"], "type": "reboot", "time": 14}
{"category": "regkey_written", "args": ["HKEY_CURRENT_USER\\Software\\Microsoft\\Windows\\CurrentVersion\\Internet Settings\\Wpad\\0a-00-27-00-00-00\\WpadDecision", "REG_DWORD", 0], "type": "reboot", "time": 14}
{"category": "regkey_written", "args": ["HKEY_CURRENT_USER\\Software\\Microsoft\\Windows\\CurrentVersion\\Internet Settings\\Wpad\\0a-00-27-00-00-00\\WpadDecision", "REG_DWORD", 0], "type": "reboot", "time": 14}
{"category": "regkey_written", "args": ["HKEY_CURRENT_USER\\Software\\Microsoft\\Windows\\CurrentVersion\\Internet Settings\\Wpad\\0a-00-27-00-00-00\\WpadDecision", "REG_DWORD", 0], "type": "reboot", "time": 14}
{"category": "regkey_written", "args": ["HKEY_CURRENT_USER\\Software\\Microsoft\\Windows\\CurrentVersion\\Internet Settings\\Wpad\\0a-00-27-00-00-00\\WpadDecision", "REG_DWORD", 0], "type": "reboot", "time": 14}
{"category": "regkey_written", "args": ["HKEY_CURRENT_USER\\Software\\Microsoft\\Windows\\CurrentVersion\\Internet Settings\\Wpad\\0a-00-27-00-00-00\\WpadDecision", "REG_DWORD", 0], "type": "reboot", "time": 14}
{"category": "regkey_written", "args": ["HKEY_CURRENT_USER\\Software\\Microsoft\\Windows\\CurrentVersion\\Internet Settings\\Wpad\\0a-00-27-00-00-00\\WpadDecision", "REG_DWORD", 0], "type": "reboot", "time": 14}
{"category": "regkey_written", "args": ["HKEY_CURRENT_USER\\Software\\Microsoft\\Windows\\CurrentVersion\\Internet Settings\\Wpad\\0a-00-27-00-00-00\\WpadDecision", "REG_DWORD", 0], "type": "reboot", "time": 14}
{"category": "regkey_written", "args": ["HKEY_CURRENT_USER\\Software\\Microsoft\\Windows\\CurrentVersion\\Internet Settings\\Wpad\\0a-00-27-00-00-00\\WpadDecision", "REG_DWORD", 0], "type": "reboot", "time": 14}
{"category": "regkey_written", "args": ["HKEY_CURRENT_USER\\Software\\Microsoft\\Windows\\CurrentVersion\\Internet Settings\\Wpad\\0a-00-27-00-00-00\\WpadDecisionReason", "REG_DWORD", 1], "type": "reboot", "time": 14}
{"category": "regkey_written", "args": ["HKEY_CURRENT_USER\\Software\\Microsoft\\Windows\\CurrentVersion\\Internet Settings\\Wpad\\0a-00-27-00-00-00\\WpadDecisionReason", "REG_DWORD", 1], "type": "reboot", "time": 14}
{"category": "regkey_written", "args": ["HKEY_CURRENT_USER\\Software\\Microsoft\\Windows\\CurrentVersion\\Internet Settings\\Wpad\\0a-00-27-00-00-00\\WpadDecisionReason", "REG_DWORD", 1], "type": "reboot", "time": 14}
{"category": "regkey_written", "args": ["HKEY_CURRENT_USER\\Software\\Microsoft\\Windows\\CurrentVersion\\Internet Settings\\Wpad\\0a-00-27-00-00-00\\WpadDecisionReason", "REG_DWORD", 1], "type": "reboot", "time": 14}
{"category": "regkey_written", "args": ["HKEY_CURRENT_USER\\Software\\Microsoft\\Windows\\CurrentVersion\\Internet Settings\\Wpad\\0a-00-27-00-00-00\\WpadDecisionReason", "REG_DWORD", 1], "type": "reboot", "time": 14}
{"category": "regkey_written", "args": ["HKEY_CURRENT_USER\\Software\\Microsoft\\Windows\\CurrentVersion\\Internet Settings\\Wpad\\0a-00-27-00-00-00\\WpadDecisionReason", "REG_DWORD", 1], "type": "reboot", "time": 14}
{"category": "regkey_written", "args": ["HKEY_CURRENT_USER\\Software\\Microsoft\\Windows\\CurrentVersion\\Internet Settings\\Wpad\\0a-00-27-00-00-00\\WpadDecisionReason", "REG_DWORD", 1], "type": "reboot", "time": 14}
{"category": "regkey_written", "args": ["HKEY_CURRENT_USER\\Software\\Microsoft\\Windows\\CurrentVersion\\Internet Settings\\Wpad\\0a-00-27-00-00-00\\WpadDecisionReason", "REG_DWORD", 1], "type": "reboot", "time": 14}
{"category": "regkey_written", "args": ["HKEY_CURRENT_USER\\Software\\Microsoft\\Windows\\CurrentVersion\\Internet Settings\\Wpad\\0a-00-27-00-00-00\\WpadDecisionTime", "REG_BINARY", "\\\u00c0\u009c\u001ca\u001e\u00db\u0001"], "type": "reboot", "time": 14}
{"category": "regkey_written", "args": ["HKEY_CURRENT_USER\\Software\\Microsoft\\Windows\\CurrentVersion\\Internet Settings\\Wpad\\0a-00-27-00-00-00\\WpadDecisionTime", "REG_BINARY", "\\\u00c0\u009c\u001ca\u001e\u00db\u0001"], "type": "reboot", "time": 14}
{"category": "regkey_written", "args": ["HKEY_CURRENT_USER\\Software\\Microsoft\\Windows\\CurrentVersion\\Internet Settings\\Wpad\\0a-00-27-00-00-00\\WpadDecisionTime", "REG_BINARY", "\\\u00c0\u009c\u001ca\u001e\u00db\u0001"], "type": "reboot", "time": 14}
{"category": "regkey_written", "args": ["HKEY_CURRENT_USER\\Software\\Microsoft\\Windows\\CurrentVersion\\Internet Settings\\Wpad\\0a-00-27-00-00-00\\WpadDecisionTime", "REG_BINARY", "`\u00fe_0a\u001e\u00db\u0001"], "type": "reboot", "time": 14}
{"category": "regkey_written", "args": ["HKEY_CURRENT_USER\\Software\\Microsoft\\Windows\\CurrentVersion\\Internet Settings\\Wpad\\0a-00-27-00-00-00\\WpadDecisionTime", "REG_BINARY", "`\u00fe_0a\u001e\u00db\u0001"], "type": "reboot", "time": 14}
{"category": "regkey_written", "args": ["HKEY_CURRENT_USER\\Software\\Microsoft\\Windows\\CurrentVersion\\Internet Settings\\Wpad\\0a-00-27-00-00-00\\WpadDecisionTime", "REG_BINARY", "\u00bc\u001b\u001d\u0018M\u001e\u00db\u0001"], "type": "reboot", "time": 14}
{"category": "regkey_written", "args": ["HKEY_CURRENT_USER\\Software\\Microsoft\\Windows\\CurrentVersion\\Internet Settings\\Wpad\\0a-00-27-00-00-00\\WpadDecisionTime", "REG_BINARY", "\u00bc\u001b\u001d\u0018M\u001e\u00db\u0001"], "type": "reboot", "time": 14}
{"category": "regkey_written", "args": ["HKEY_CURRENT_USER\\Software\\Microsoft\\Windows\\CurrentVersion\\Internet Settings\\Wpad\\0a-00-27-00-00-00\\WpadDecisionTime", "REG_BINARY", "\u00bc\u001b\u001d\u0018M\u001e\u00db\u0001"], "type": "reboot", "time": 14}
{"category": "regkey_written", "args": ["HKEY_CURRENT_USER\\Software\\Microsoft\\Windows\\CurrentVersion\\Internet Settings\\Wpad\\0a-00-27-00-00-00\\WpadDetectedUrl", "REG_SZ", ""], "type": "reboot", "time": 14}
{"category": "regkey_written", "args": ["HKEY_CURRENT_USER\\Software\\Microsoft\\Windows\\CurrentVersion\\Internet Settings\\Wpad\\0a-00-27-00-00-00\\WpadDetectedUrl", "REG_SZ", ""], "type": "reboot", "time": 14}
{"category": "regkey_written", "args": ["HKEY_CURRENT_USER\\Software\\Microsoft\\Windows\\CurrentVersion\\Internet Settings\\Wpad\\{092F0E6C-7874-4263-8D41-969F2B667EA2}\\WpadDecision", "REG_DWORD", 0], "type": "reboot", "time": 14}
{"category": "regkey_written", "args": ["HKEY_CURRENT_USER\\Software\\Microsoft\\Windows\\CurrentVersion\\Internet Settings\\Wpad\\{092F0E6C-7874-4263-8D41-969F2B667EA2}\\WpadDecision", "REG_DWORD", 0], "type": "reboot", "time": 14}
{"category": "regkey_written", "args": ["HKEY_CURRENT_USER\\Software\\Microsoft\\Windows\\CurrentVersion\\Internet Settings\\Wpad\\{092F0E6C-7874-4263-8D41-969F2B667EA2}\\WpadDecision", "REG_DWORD", 0], "type": "reboot", "time": 14}
{"category": "regkey_written", "args": ["HKEY_CURRENT_USER\\Software\\Microsoft\\Windows\\CurrentVersion\\Internet Settings\\Wpad\\{092F0E6C-7874-4263-8D41-969F2B667EA2}\\WpadDecisionReason", "REG_DWORD", 1], "type": "reboot", "time": 14}
{"category": "regkey_written", "args": ["HKEY_CURRENT_USER\\Software\\Microsoft\\Windows\\CurrentVersion\\Internet Settings\\Wpad\\{092F0E6C-7874-4263-8D41-969F2B667EA2}\\WpadDecisionReason", "REG_DWORD", 1], "type": "reboot", "time": 14}
{"category": "regkey_written", "args": ["HKEY_CURRENT_USER\\Software\\Microsoft\\Windows\\CurrentVersion\\Internet Settings\\Wpad\\{092F0E6C-7874-4263-8D41-969F2B667EA2}\\WpadDecisionReason", "REG_DWORD", 1], "type": "reboot", "time": 14}
{"category": "regkey_written", "args": ["HKEY_CURRENT_USER\\Software\\Microsoft\\Windows\\CurrentVersion\\Internet Settings\\Wpad\\{092F0E6C-7874-4263-8D41-969F2B667EA2}\\WpadDecisionTime", "REG_BINARY", "\\\u00c0\u009c\u001ca\u001e\u00db\u0001"], "type": "reboot", "time": 14}
{"category": "regkey_written", "args": ["HKEY_CURRENT_USER\\Software\\Microsoft\\Windows\\CurrentVersion\\Internet Settings\\Wpad\\{092F0E6C-7874-4263-8D41-969F2B667EA2}\\WpadDecisionTime", "REG_BINARY", "`\u00fe_0a\u001e\u00db\u0001"], "type": "reboot", "time": 14}
{"category": "regkey_written", "args": ["HKEY_CURRENT_USER\\Software\\Microsoft\\Windows\\CurrentVersion\\Internet Settings\\Wpad\\{092F0E6C-7874-4263-8D41-969F2B667EA2}\\WpadDecisionTime", "REG_BINARY", "\u00bc\u001b\u001d\u0018M\u001e\u00db\u0001"], "type": "reboot", "time": 14}
{"category": "regkey_written", "args": ["HKEY_CURRENT_USER\\Software\\Microsoft\\Windows\\CurrentVersion\\Internet Settings\\Wpad\\{092F0E6C-7874-4263-8D41-969F2B667EA2}\\WpadNetworkName", "REG_SZ", "Network"], "type": "reboot", "time": 14}
{"category": "regkey_written", "args": ["HKEY_CURRENT_USER\\Software\\Microsoft\\Windows\\CurrentVersion\\Internet Settings\\Wpad\\{092F0E6C-7874-4263-8D41-969F2B667EA2}\\WpadNetworkName", "REG_SZ", "Network"], "type": "reboot", "time": 14}
{"category": "regkey_written", "args": ["HKEY_CURRENT_USER\\Software\\Microsoft\\Windows\\CurrentVersion\\Internet Settings\\Wpad\\{092F0E6C-7874-4263-8D41-969F2B667EA2}\\WpadNetworkName", "REG_SZ", "Network"], "type": "reboot", "time": 14}
{"category": "regkey_written", "args": ["HKEY_CURRENT_USER\\Software\\Microsoft\\Windows\\CurrentVersion\\RunOnce\\2e373e199d2b6dea0241c672bbcbccedac86cba2ed2fdefc84a5d8187acb896f.exe", "REG_SZ", "C:\\Users\\Administrator\\AppData\\Local\\Temp\\2e373e199d2b6dea0241c672bbcbccedac86cba2ed2fdefc84a5d8187acb896f.exe"], "type": "reboot", "time": 14}
{"category": "regkey_deleted", "args": "HKEY_CURRENT_USER\\Software\\Microsoft\\Windows\\CurrentVersion\\Internet Settings\\Wpad\\0a-00-27-00-00-00\\WpadDetectedUrl", "type": "reboot", "time": 14}
{"category": "regkey_deleted", "args": "HKEY_CURRENT_USER\\Software\\Microsoft\\Windows\\CurrentVersion\\Internet Settings\\Wpad\\0a-00-27-00-00-00\\WpadDetectedUrl", "type": "reboot", "time": 14}
{"category": "regkey_deleted", "args": "HKEY_CURRENT_USER\\Software\\Microsoft\\Windows\\CurrentVersion\\Internet Settings\\Wpad\\0a-00-27-00-00-00\\WpadDetectedUrl", "type": "reboot", "time": 14}
{"category": "regkey_deleted", "args": "HKEY_CURRENT_USER\\Software\\Microsoft\\Windows\\CurrentVersion\\Internet Settings\\Wpad\\0a-00-27-00-00-00\\WpadDetectedUrl", "type": "reboot", "time": 14}
{"category": "regkey_deleted", "args": "HKEY_CURRENT_USER\\Software\\Microsoft\\Windows\\CurrentVersion\\Internet Settings\\Wpad\\0a-00-27-00-00-00\\WpadDetectedUrl", "type": "reboot", "time": 14}
{"category": "regkey_deleted", "args": "HKEY_CURRENT_USER\\Software\\Microsoft\\Windows\\CurrentVersion\\Internet Settings\\Wpad\\0a-00-27-00-00-00\\WpadDetectedUrl", "type": "reboot", "time": 14}
{"category": "regkey_deleted", "args": "HKEY_CURRENT_USER\\Software\\Microsoft\\Windows\\CurrentVersion\\Internet Settings\\Wpad\\{092F0E6C-7874-4263-8D41-969F2B667EA2}\\WpadDetectedUrl", "type": "reboot", "time": 14}
{"category": "regkey_deleted", "args": "HKEY_CURRENT_USER\\Software\\Microsoft\\Windows\\CurrentVersion\\Internet Settings\\Wpad\\{092F0E6C-7874-4263-8D41-969F2B667EA2}\\WpadDetectedUrl", "type": "reboot", "time": 14}
{"category": "regkey_deleted", "args": "HKEY_CURRENT_USER\\Software\\Microsoft\\Windows\\CurrentVersion\\Internet Settings\\Wpad\\{092F0E6C-7874-4263-8D41-969F2B667EA2}\\WpadDetectedUrl", "type": "reboot", "time": 14}
