{"started_on": {"$dt": "2024-10-14T17:24:01.268416"}, "duration": -1, "sample_id": 5139948, "owner": null, "id": 5291123, "category": "file", "priority": 2, "guest": {"status": "stopped", "name": "win7x649", "label": "win7x649", "manager": "VirtualBox", "started_on": "2024-10-14 17:25:02", "shutdown_on": "2024-10-14 17:29:35"}, "clock": {"$dt": "2024-10-14T14:03:46.024654"}, "custom": null, "machine": null, "platform": "windows", "memory": true, "status": "running", "tags": [], "processing": null, "enforce_timeout": false, "completed_on": null, "target": "/srv/cuckoo/cwd/storage/cuckoo-tmp/tmpWgW30z/2e373e199d2b6dea0241c672bbcbccedac86cba2ed2fdefc84a5d8187acb896f", "package": "exe", "route": "internet", "timeout": 300, "submit_id": 5121430, "options": {"procmemdump": "yes", "route": "internet"}, "added_on": {"$dt": "2024-10-14T14:03:46.024695"}}