{"started_on": {"$dt": "2024-10-14T17:30:04.501368"}, "duration": -1, "sample_id": 5139979, "owner": null, "id": 5291154, "category": "file", "priority": 2, "guest": {"status": "stopped", "name": "win7x6415", "label": "win7x6415", "manager": "VirtualBox", "started_on": "2024-10-14 17:30:19", "shutdown_on": "2024-10-14 17:36:06"}, "clock": {"$dt": "2024-10-14T14:05:30.563124"}, "custom": null, "machine": null, "platform": "windows", "memory": true, "status": "running", "tags": [], "processing": null, "enforce_timeout": false, "completed_on": null, "target": "/srv/cuckoo/cwd/storage/cuckoo-tmp/tmpKriOmG/2205bd97f8bf9a4a4b423d5b06f75bd8e3c30970431a8c4bcaff30c098c30df4", "package": "exe", "route": "internet", "timeout": 300, "submit_id": 5121432, "options": {"procmemdump": "yes", "route": "internet"}, "added_on": {"$dt": "2024-10-14T14:05:30.563174"}}