{"started_on": {"$dt": "2024-10-14T17:25:43.368496"}, "duration": -1, "sample_id": 5139957, "owner": null, "id": 5291132, "category": "file", "priority": 2, "guest": {"status": "stopped", "name": "win7x6416", "label": "win7x6416", "manager": "VirtualBox", "started_on": "2024-10-14 17:26:19", "shutdown_on": "2024-10-14 17:29:39"}, "clock": {"$dt": "2024-10-14T14:04:34.414966"}, "custom": null, "machine": null, "platform": "windows", "memory": true, "status": "running", "tags": [], "processing": null, "enforce_timeout": false, "completed_on": null, "target": "/srv/cuckoo/cwd/storage/cuckoo-tmp/tmp5adh_C/6122db2cdac0373cc8513c57786088a5548721d01e7674e78082774044e92980", "package": "exe", "route": "internet", "timeout": 300, "submit_id": 5121431, "options": {"procmemdump": "yes", "route": "internet"}, "added_on": {"$dt": "2024-10-14T14:04:34.415011"}}