{"started_on": {"$dt": "2024-10-14T17:10:36.965528"}, "duration": -1, "sample_id": 5139876, "owner": null, "id": 5291051, "category": "file", "priority": 2, "guest": {"status": "stopped", "name": "win7x6410", "label": "win7x6410", "manager": "VirtualBox", "started_on": "2024-10-14 17:11:43", "shutdown_on": "2024-10-14 17:22:25"}, "clock": {"$dt": "2024-10-14T13:59:16.106692"}, "custom": null, "machine": null, "platform": "windows", "memory": true, "status": "running", "tags": [], "processing": null, "enforce_timeout": false, "completed_on": null, "target": "/srv/cuckoo/cwd/storage/cuckoo-tmp/tmpngFT8a/4f7684e8a44267d4f954681a0840fb4d8b125684c13c5593c4b73795b3787154", "package": "exe", "route": "internet", "timeout": 300, "submit_id": 5121421, "options": {"procmemdump": "yes", "route": "internet"}, "added_on": {"$dt": "2024-10-14T13:59:16.106728"}}