{"path": "shots/0001.jpg", "pids": [], "filepath": null}
{"path": "files/6544f1c96003d682_w7eEEBC.tmp", "pids": [1820, 2024], "filepath": "C:\\ProgramData\\w7eEEBC.tmp"}
{"path": "files/e03145fefe7fef82_temp.exe", "pids": [1180], "filepath": "C:\\Users\\Administrator\\AppData\\Local\\Temp\\temp.exe"}
{"path": "files/e2ff053ae52d37c2_net.exe", "pids": [1180], "filepath": "C:\\Users\\Administrator\\AppData\\Local\\Temp\\net.exe"}
{"path": "curtain/1728915909.48.curtain.log", "pids": [], "filepath": "C:\\curtain.log"}
{"path": "sysmon/1728915911.04.sysmon.xml", "pids": [], "filepath": "C:\\sysmon.xml"}
{"path": "files/f3e51e226ba602bb_config_t.dat", "pids": [2024], "filepath": "C:\\Windows\\system\\config_t.dat"}
{"path": "files/e5f0e0a014e19a8a_fastuserswitchingcompatibilityex.dll", "pids": [2024], "filepath": "C:\\Windows\\SysWOW64\\FastUserSwitchingCompatibilityex.dll"}
