{"started_on": {"$dt": "2024-10-14T17:14:57.481376"}, "duration": -1, "sample_id": 5139893, "owner": null, "id": 5291068, "category": "file", "priority": 2, "guest": {"status": "stopped", "name": "win7x6413", "label": "win7x6413", "manager": "VirtualBox", "started_on": "2024-10-14 17:18:17", "shutdown_on": "2024-10-14 17:27:05"}, "clock": {"$dt": "2024-10-14T14:00:41.273076"}, "custom": null, "machine": null, "platform": "windows", "memory": true, "status": "running", "tags": [], "processing": null, "enforce_timeout": false, "completed_on": null, "target": "/srv/cuckoo/cwd/storage/cuckoo-tmp/tmpS0VTbf/4e6531aa7f8fdb4c21f0559b2b7951afbc2624e9a69a0588c1633508a173ab38", "package": "exe", "route": "internet", "timeout": 300, "submit_id": 5121424, "options": {"procmemdump": "yes", "route": "internet"}, "added_on": {"$dt": "2024-10-14T14:00:41.273132"}}