{"started_on": {"$dt": "2024-10-14T17:15:42.370393"}, "duration": -1, "sample_id": 5139897, "owner": null, "id": 5291072, "category": "file", "priority": 2, "guest": {"status": "stopped", "name": "win7x643", "label": "win7x643", "manager": "VirtualBox", "started_on": "2024-10-14 17:17:44", "shutdown_on": "2024-10-14 17:20:36"}, "clock": {"$dt": "2024-10-14T14:00:41.442863"}, "custom": null, "machine": null, "platform": "windows", "memory": true, "status": "running", "tags": [], "processing": null, "enforce_timeout": false, "completed_on": null, "target": "/srv/cuckoo/cwd/storage/cuckoo-tmp/tmpKeeeFP/6fd002fdcdc1a8447f03c227abd3e6551f9179ed79e39591069bca4b9fc9d6a8", "package": "exe", "route": "internet", "timeout": 300, "submit_id": 5121424, "options": {"procmemdump": "yes", "route": "internet"}, "added_on": {"$dt": "2024-10-14T14:00:41.442901"}}