{"started_on": {"$dt": "2024-10-14T17:23:06.954644"}, "duration": -1, "sample_id": 5139947, "owner": null, "id": 5291122, "category": "file", "priority": 2, "guest": {"status": "stopped", "name": "win7x6424", "label": "win7x6424", "manager": "VirtualBox", "started_on": "2024-10-14 17:23:57", "shutdown_on": "2024-10-14 17:27:53"}, "clock": {"$dt": "2024-10-14T14:03:45.995817"}, "custom": null, "machine": null, "platform": "windows", "memory": true, "status": "running", "tags": [], "processing": null, "enforce_timeout": false, "completed_on": null, "target": "/srv/cuckoo/cwd/storage/cuckoo-tmp/tmp29niM0/2e8d265191a86af4195ff0cdc24113d74369a05128a72b5212cbac6d7f94306c", "package": "exe", "route": "internet", "timeout": 300, "submit_id": 5121430, "options": {"procmemdump": "yes", "route": "internet"}, "added_on": {"$dt": "2024-10-14T14:03:45.995876"}}