{"path": "shots/0001.jpg", "pids": [], "filepath": null}
{"path": "curtain/1728907244.42.curtain.log", "pids": [], "filepath": "C:\\curtain.log"}
{"path": "sysmon/1728907244.52.sysmon.xml", "pids": [], "filepath": "C:\\sysmon.xml"}
{"path": "files/56641de686bab6fd_fastuserswitchingcompatibilityex.dll", "pids": [788], "filepath": "c:\\windows\\system\\fastuserswitchingcompatibilityex.dll"}
{"path": "files/7aecee75a84d9e65_config_t.dat", "pids": [788], "filepath": "C:\\Windows\\system\\config_t.dat"}
