{"started_on": {"$dt": "2024-10-14T17:16:23.283424"}, "duration": -1, "sample_id": 5139901, "owner": null, "id": 5291076, "category": "file", "priority": 2, "guest": {"status": "stopped", "name": "win7x6425", "label": "win7x6425", "manager": "VirtualBox", "started_on": "2024-10-14 17:18:13", "shutdown_on": "2024-10-14 17:21:30"}, "clock": {"$dt": "2024-10-14T14:00:41.582176"}, "custom": null, "machine": null, "platform": "windows", "memory": true, "status": "running", "tags": [], "processing": null, "enforce_timeout": false, "completed_on": null, "target": "/srv/cuckoo/cwd/storage/cuckoo-tmp/tmpjE86ir/e50407b62502bfc2fe94c97e0d1af3871269596b8de3384df4dbb92f90de17c6", "package": "exe", "route": "internet", "timeout": 300, "submit_id": 5121424, "options": {"procmemdump": "yes", "route": "internet"}, "added_on": {"$dt": "2024-10-14T14:00:41.582207"}}