{"started_on": {"$dt": "2024-10-14T17:10:02.543705"}, "duration": -1, "sample_id": 5139871, "owner": null, "id": 5291046, "category": "file", "priority": 2, "guest": {"status": "stopped", "name": "win7x649", "label": "win7x649", "manager": "VirtualBox", "started_on": "2024-10-14 17:10:07", "shutdown_on": "2024-10-14 17:15:47"}, "clock": {"$dt": "2024-10-14T13:59:15.859277"}, "custom": null, "machine": null, "platform": "windows", "memory": true, "status": "running", "tags": [], "processing": null, "enforce_timeout": false, "completed_on": null, "target": "/srv/cuckoo/cwd/storage/cuckoo-tmp/tmpqp11oO/2e933b9823f15038eaf786f0898df03508a17ace8620a404edf5229aea0b9f18", "package": "exe", "route": "internet", "timeout": 300, "submit_id": 5121421, "options": {"procmemdump": "yes", "route": "internet"}, "added_on": {"$dt": "2024-10-14T13:59:15.859337"}}