{"category": "regkey_written", "args": ["HKEY_CURRENT_USER\\Software\\Microsoft\\Windows\\CurrentVersion\\Policies\\Explorer\\Run\\IEXPLORE.EXE", "REG_SZ", "C:\\Program Files\\Internet Exp1orer\\IEXPLORE.EXE"], "type": "reboot", "time": 14}
{"category": "regkey_written", "args": ["HKEY_LOCAL_MACHINE\\SOFTWARE\\Microsoft\\Windows\\CurrentVersion\\Policies\\Explorer\\Run\\IEXPLORE.EXE", "REG_SZ", "C:\\Program Files\\Internet Exp1orer\\IEXPLORE.EXE"], "type": "reboot", "time": 14}
{"category": "regkey_written", "args": ["HKEY_LOCAL_MACHINE\\SOFTWARE\\Wow6432Node\\Microsoft\\CurrentNetInf\\hostid", "REG_DWORD", 16448], "type": "reboot", "time": 14}
{"category": "regkey_written", "args": ["HKEY_LOCAL_MACHINE\\SOFTWARE\\Wow6432Node\\Microsoft\\CurrentNetInf\\pid", "REG_SZ", "7bg8fe9:92g:f99f2c7dc885cdgf:77gd7bfb:f8123f57bbce5d3f9de76647:2/fyf\u0000\u0000\u0000\u0000\u0000\u0000\u0000\u0000\u0000\u0000\u0000\u0000\u0000\u0000\u0000\u0000\u0000\u0000\u0000\u0000\u0000\u0000\u0000\u0000\u0000\u0000\u0000\u0000\u0000\u0000\u0000\u0000\u0000\u0000\u0000\u0000\u0000\u0000\u0000\u00002\u0000\u0000\u0000t\u00fd\u0018\u0000\u00dc\u00fc\u0018\u0000 \u009b\u00a0s\u0004\u00fd\u0018\u0000"], "type": "reboot", "time": 14}
{"category": "regkey_written", "args": ["HKEY_LOCAL_MACHINE\\SOFTWARE\\Wow6432Node\\Microsoft\\CurrentNetInf\\pid", "REG_SZ", "JFYQMPSF/fyf\u000099f2c7dc885cdgf:77gd7bfb:f8123f57bbce5d3f9de76647:2/fyf\u0000\u0000\u0000\u0000\u0000\u0000\u0000\u0000\u0000\u0000\u0000\u0000\u0000\u0000\u0000\u0000\u0000\u0000\u0000\u0000\u0000\u0000\u0000\u0000\u0000\u0000\u0000\u0000\u0000\u0000\u0000\u0000\u0000\u0000\u0000\u0000\u0000\u0000\u0000\u00002\u0000\u0000\u0000t\u00fd\u0018\u0000\u00dc\u00fc\u0018\u0000 \u009b\u00a0s\u0004\u00fd\u0018\u0000"], "type": "reboot", "time": 14}
