{"started_on": {"$dt": "2024-10-14T17:21:07.271065"}, "duration": -1, "sample_id": 5139934, "owner": null, "id": 5291109, "category": "file", "priority": 2, "guest": {"status": "stopped", "name": "win7x6429", "label": "win7x6429", "manager": "VirtualBox", "started_on": "2024-10-14 17:21:11", "shutdown_on": "2024-10-14 17:30:43"}, "clock": {"$dt": "2024-10-14T14:03:02.087050"}, "custom": null, "machine": null, "platform": "windows", "memory": true, "status": "running", "tags": [], "processing": null, "enforce_timeout": false, "completed_on": null, "target": "/srv/cuckoo/cwd/storage/cuckoo-tmp/tmppnbHSn/6af7ed8981f9e88e1b6cb774bcfe966fc6aea9e7012e46aabd4c2e8cd6553691", "package": "exe", "route": "internet", "timeout": 300, "submit_id": 5121428, "options": {"procmemdump": "yes", "route": "internet"}, "added_on": {"$dt": "2024-10-14T14:03:02.087122"}}