{"started_on": {"$dt": "2024-10-14T17:09:42.368217"}, "duration": -1, "sample_id": 5139868, "owner": null, "id": 5291043, "category": "file", "priority": 2, "guest": {"status": "stopped", "name": "win7x6415", "label": "win7x6415", "manager": "VirtualBox", "started_on": "2024-10-14 17:09:44", "shutdown_on": "2024-10-14 17:20:07"}, "clock": {"$dt": "2024-10-14T13:59:15.714568"}, "custom": null, "machine": null, "platform": "windows", "memory": true, "status": "running", "tags": [], "processing": null, "enforce_timeout": false, "completed_on": null, "target": "/srv/cuckoo/cwd/storage/cuckoo-tmp/tmp_mlNOF/0d6fe94c8b4bab0b4fc5bea4f0ba93a44e7695c1a46377e60da251fac9b7b74a", "package": "exe", "route": "internet", "timeout": 300, "submit_id": 5121421, "options": {"procmemdump": "yes", "route": "internet"}, "added_on": {"$dt": "2024-10-14T13:59:15.714598"}}