{"started_on": {"$dt": "2024-10-14T17:22:11.220036"}, "duration": -1, "sample_id": 5139942, "owner": null, "id": 5291117, "category": "file", "priority": 2, "guest": {"status": "stopped", "name": "win7x643", "label": "win7x643", "manager": "VirtualBox", "started_on": "2024-10-14 17:25:36", "shutdown_on": "2024-10-14 17:35:07"}, "clock": {"$dt": "2024-10-14T14:03:02.781091"}, "custom": null, "machine": null, "platform": "windows", "memory": true, "status": "running", "tags": [], "processing": null, "enforce_timeout": false, "completed_on": null, "target": "/srv/cuckoo/cwd/storage/cuckoo-tmp/tmpIdOdyv/a485d23c6e389e2f216341cbe6cedfb0df7882450cf1c7d8f3d31b47fdded26a", "package": "exe", "route": "internet", "timeout": 300, "submit_id": 5121428, "options": {"procmemdump": "yes", "route": "internet"}, "added_on": {"$dt": "2024-10-14T14:03:02.781126"}}