{
    "info": {
        "added": 1728914485.886981, 
        "started": 1728926328.508178, 
        "duration": 317, 
        "ended": 1728926645.588694, 
        "owner": null, 
        "score": 10, 
        "id": 5291083, 
        "category": "file", 
        "git": {
            "head": "", 
            "fetch_head": ""
        }, 
        "monitor": null, 
        "package": "exe", 
        "route": "internet", 
        "custom": null, 
        "machine": {
            "status": "stopped", 
            "name": "win7x6424", 
            "label": "win7x6424", 
            "platform": "windows", 
            "manager": "VirtualBox", 
            "started_on": "2024-10-14 17:18:50", 
            "shutdown_on": "2024-10-14 17:23:54"
        }, 
        "platform": "windows", 
        "version": "2.0.7", 
        "options": "procmemdump=yes,route=internet"
    }, 
    "signatures": [
        {
            "families": [], 
            "description": "Yara rules detected for file", 
            "severity": 1, 
            "ttp": {}, 
            "markcount": 3, 
            "references": [], 
            "marks": [
                {
                    "type": "generic", 
                    "description": "Key used in FANCY BEAR malware", 
                    "rule": "CrowdStrike_CSIR_14008_01"
                }, 
                {
                    "type": "generic", 
                    "description": "FANCY BEAR encrypted MZ header", 
                    "rule": "CrowdStrike_CSIR_14008_13"
                }, 
                {
                    "type": "generic", 
                    "description": "Foozer downloader", 
                    "rule": "CrowdStrike_CSIR_14008_23"
                }
            ], 
            "name": "file_yara"
        }, 
        {
            "families": [], 
            "description": "The executable uses a known packer", 
            "severity": 1, 
            "ttp": {
                "T1045": {
                    "short": "Software Packing", 
                    "long": "Software packing is a method of compressing or encrypting an executable. Packing an executable changes the file signature in an attempt to avoid signature-based detection. Most decompression techniques decompress the executable code in memory."
                }
            }, 
            "markcount": 1, 
            "references": [], 
            "marks": [
                {
                    "category": "packer", 
                    "ioc": "Armadillo v1.xx - v2.xx", 
                    "type": "ioc", 
                    "description": null
                }
            ], 
            "name": "peid_packer"
        }, 
        {
            "families": [], 
            "description": "The file contains an unknown PE resource name possibly indicative of a packer", 
            "severity": 1, 
            "ttp": {
                "T1045": {
                    "short": "Software Packing", 
                    "long": "Software packing is a method of compressing or encrypting an executable. Packing an executable changes the file signature in an attempt to avoid signature-based detection. Most decompression techniques decompress the executable code in memory."
                }
            }, 
            "markcount": 1, 
            "references": [], 
            "marks": [
                {
                    "category": "resource name", 
                    "ioc": "F", 
                    "type": "ioc", 
                    "description": null
                }
            ], 
            "name": "pe_unknown_resource_name"
        }, 
        {
            "families": [], 
            "description": "The binary likely contains encrypted or compressed data indicative of a packer", 
            "severity": 2, 
            "ttp": {
                "T1045": {
                    "short": "Software Packing", 
                    "long": "Software packing is a method of compressing or encrypting an executable. Packing an executable changes the file signature in an attempt to avoid signature-based detection. Most decompression techniques decompress the executable code in memory."
                }
            }, 
            "markcount": 3, 
            "references": [
                "http://www.forensickb.com/2013/03/file-entropy-explained.html", 
                "http://virii.es/U/Using%20Entropy%20Analysis%20to%20Find%20Encrypted%20and%20Packed%20Malware.pdf"
            ], 
            "marks": [
                {
                    "entropy": 7.549225405867157, 
                    "section": {
                        "size_of_data": "0x00000800", 
                        "virtual_address": "0x00003000", 
                        "entropy": 7.549225405867157, 
                        "name": ".data", 
                        "virtual_size": "0x000007f0"
                    }, 
                    "type": "generic", 
                    "description": "A section with a high entropy has been found"
                }, 
                {
                    "entropy": 7.9614824702143485, 
                    "section": {
                        "size_of_data": "0x00006c00", 
                        "virtual_address": "0x00004000", 
                        "entropy": 7.9614824702143485, 
                        "name": ".rsrc", 
                        "virtual_size": "0x00006a60"
                    }, 
                    "type": "generic", 
                    "description": "A section with a high entropy has been found"
                }, 
                {
                    "entropy": 0.8529411764705882, 
                    "type": "generic", 
                    "description": "Overall entropy of this PE file is high"
                }
            ], 
            "name": "packer_entropy"
        }, 
        {
            "families": [], 
            "description": "File has been identified by 12 AntiVirus engine on IRMA as malicious", 
            "severity": 60, 
            "ttp": {}, 
            "markcount": 12, 
            "references": [], 
            "marks": [
                {
                    "category": "G Data Antivirus (Windows)", 
                    "ioc": "Virus: Gen:Variant.Ser.Ursu.15728 (Engine A)", 
                    "type": "ioc", 
                    "description": null
                }, 
                {
                    "category": "Avast Core Security (Linux)", 
                    "ioc": "Win32:Agent-ATXA [Trj]", 
                    "type": "ioc", 
                    "description": null
                }, 
                {
                    "category": "F-Secure Antivirus (Linux)", 
                    "ioc": "Trojan.TR/Dropper.Gen [Aquarius]", 
                    "type": "ioc", 
                    "description": null
                }, 
                {
                    "category": "Windows Defender (Windows)", 
                    "ioc": "Trojan:Win32/Foosace.B!dha", 
                    "type": "ioc", 
                    "description": null
                }, 
                {
                    "category": "Microsoft Defender ATP (Linux)", 
                    "ioc": "Trojan:Win32/Foosace!dha", 
                    "type": "ioc", 
                    "description": null
                }, 
                {
                    "category": "Sophos Anti-Virus (Linux)", 
                    "ioc": "Mal/Generic-S", 
                    "type": "ioc", 
                    "description": null
                }, 
                {
                    "category": "eScan Antivirus (Linux)", 
                    "ioc": "Gen:Variant.Ser.Ursu.15728(DB)", 
                    "type": "ioc", 
                    "description": null
                }, 
                {
                    "category": "ESET Security (Windows)", 
                    "ioc": "Win32/Sednit.D trojan", 
                    "type": "ioc", 
                    "description": null
                }, 
                {
                    "category": "DrWeb Antivirus (Linux)", 
                    "ioc": "Trojan.Siggen5.64504", 
                    "type": "ioc", 
                    "description": null
                }, 
                {
                    "category": "Trend Micro SProtect (Linux)", 
                    "ioc": "BKDR_SEDNIT.AE", 
                    "type": "ioc", 
                    "description": null
                }, 
                {
                    "category": "Bitdefender Antivirus (Linux)", 
                    "ioc": "Gen:Variant.Ser.Ursu.15728", 
                    "type": "ioc", 
                    "description": null
                }, 
                {
                    "category": "Kaspersky Standard (Windows)", 
                    "ioc": "HEUR:Trojan.Win32.Generic", 
                    "type": "ioc", 
                    "description": null
                }
            ], 
            "name": "antivirus_irma"
        }, 
        {
            "families": [], 
            "description": "File has been identified by 59 AntiVirus engines on VirusTotal as malicious", 
            "severity": 60, 
            "ttp": {}, 
            "markcount": 59, 
            "references": [], 
            "marks": [
                {
                    "category": "Bkav", 
                    "ioc": "W32.AIDetectMalware", 
                    "type": "ioc", 
                    "description": null
                }, 
                {
                    "category": "Lionic", 
                    "ioc": "Trojan.Win32.Generic.4!c", 
                    "type": "ioc", 
                    "description": null
                }, 
                {
                    "category": "Elastic", 
                    "ioc": "malicious (high confidence)", 
                    "type": "ioc", 
                    "description": null
                }, 
                {
                    "category": "Cynet", 
                    "ioc": "Malicious (score: 100)", 
                    "type": "ioc", 
                    "description": null
                }, 
                {
                    "category": "Skyhigh", 
                    "ioc": "BehavesLike.Win32.Backdoor.nc", 
                    "type": "ioc", 
                    "description": null
                }, 
                {
                    "category": "ALYac", 
                    "ioc": "Gen:Variant.Ser.Ursu.15728", 
                    "type": "ioc", 
                    "description": null
                }, 
                {
                    "category": "Cylance", 
                    "ioc": "unsafe", 
                    "type": "ioc", 
                    "description": null
                }, 
                {
                    "category": "VIPRE", 
                    "ioc": "Gen:Variant.Ser.Ursu.15728", 
                    "type": "ioc", 
                    "description": null
                }, 
                {
                    "category": "Sangfor", 
                    "ioc": "Dropper.Win32.Foosace.V4lv", 
                    "type": "ioc", 
                    "description": null
                }, 
                {
                    "category": "K7AntiVirus", 
                    "ioc": "Riskware ( 0040eff71 )", 
                    "type": "ioc", 
                    "description": null
                }, 
                {
                    "category": "BitDefender", 
                    "ioc": "Gen:Variant.Ser.Ursu.15728", 
                    "type": "ioc", 
                    "description": null
                }, 
                {
                    "category": "K7GW", 
                    "ioc": "Riskware ( 0040eff71 )", 
                    "type": "ioc", 
                    "description": null
                }, 
                {
                    "category": "Arcabit", 
                    "ioc": "Trojan.Ser.Ursu.D3D70", 
                    "type": "ioc", 
                    "description": null
                }, 
                {
                    "category": "VirIT", 
                    "ioc": "Trojan.Win32.Generic.GXG", 
                    "type": "ioc", 
                    "description": null
                }, 
                {
                    "category": "Symantec", 
                    "ioc": "ML.Attribute.HighConfidence", 
                    "type": "ioc", 
                    "description": null
                }, 
                {
                    "category": "ESET-NOD32", 
                    "ioc": "Win32/Sednit.D", 
                    "type": "ioc", 
                    "description": null
                }, 
                {
                    "category": "APEX", 
                    "ioc": "Malicious", 
                    "type": "ioc", 
                    "description": null
                }, 
                {
                    "category": "McAfee", 
                    "ioc": "Artemis!E1554B931AFF", 
                    "type": "ioc", 
                    "description": null
                }, 
                {
                    "category": "Avast", 
                    "ioc": "Win32:Agent-ATXA [Trj]", 
                    "type": "ioc", 
                    "description": null
                }, 
                {
                    "category": "Kaspersky", 
                    "ioc": "HEUR:Trojan.Win32.Generic", 
                    "type": "ioc", 
                    "description": null
                }, 
                {
                    "category": "Alibaba", 
                    "ioc": "Trojan:Win32/Foosace.9ca093fc", 
                    "type": "ioc", 
                    "description": null
                }, 
                {
                    "category": "NANO-Antivirus", 
                    "ioc": "Trojan.Win32.TrjGen.dflvgz", 
                    "type": "ioc", 
                    "description": null
                }, 
                {
                    "category": "MicroWorld-eScan", 
                    "ioc": "Gen:Variant.Ser.Ursu.15728", 
                    "type": "ioc", 
                    "description": null
                }, 
                {
                    "category": "Rising", 
                    "ioc": "Dropper.Generic!8.35E (CLOUD)", 
                    "type": "ioc", 
                    "description": null
                }, 
                {
                    "category": "Emsisoft", 
                    "ioc": "Gen:Variant.Ser.Ursu.15728 (B)", 
                    "type": "ioc", 
                    "description": null
                }, 
                {
                    "category": "F-Secure", 
                    "ioc": "Trojan.TR/Dropper.Gen", 
                    "type": "ioc", 
                    "description": null
                }, 
                {
                    "category": "DrWeb", 
                    "ioc": "Trojan.Siggen5.64504", 
                    "type": "ioc", 
                    "description": null
                }, 
                {
                    "category": "Zillya", 
                    "ioc": "Trojan.Sednit.Win32.1", 
                    "type": "ioc", 
                    "description": null
                }, 
                {
                    "category": "TrendMicro", 
                    "ioc": "BKDR_SEDNIT.AE", 
                    "type": "ioc", 
                    "description": null
                }, 
                {
                    "category": "McAfeeD", 
                    "ioc": "ti!5AB8EF93FDEA", 
                    "type": "ioc", 
                    "description": null
                }, 
                {
                    "category": "FireEye", 
                    "ioc": "Generic.mg.e1554b931affb3cd", 
                    "type": "ioc", 
                    "description": null
                }, 
                {
                    "category": "Sophos", 
                    "ioc": "Mal/Generic-R", 
                    "type": "ioc", 
                    "description": null
                }, 
                {
                    "category": "Ikarus", 
                    "ioc": "Trojan.SuspectCRC", 
                    "type": "ioc", 
                    "description": null
                }, 
                {
                    "category": "Jiangmin", 
                    "ioc": "Trojan/Generic.babfo", 
                    "type": "ioc", 
                    "description": null
                }, 
                {
                    "category": "Webroot", 
                    "ioc": "W32.Heuristic.Dkvt", 
                    "type": "ioc", 
                    "description": null
                }, 
                {
                    "category": "Google", 
                    "ioc": "Detected", 
                    "type": "ioc", 
                    "description": null
                }, 
                {
                    "category": "Avira", 
                    "ioc": "TR/Dropper.Gen", 
                    "type": "ioc", 
                    "description": null
                }, 
                {
                    "category": "MAX", 
                    "ioc": "malware (ai score=100)", 
                    "type": "ioc", 
                    "description": null
                }, 
                {
                    "category": "Antiy-AVL", 
                    "ioc": "Trojan[APT]/Win32.APT28", 
                    "type": "ioc", 
                    "description": null
                }, 
                {
                    "category": "Kingsoft", 
                    "ioc": "malware.kb.a.998", 
                    "type": "ioc", 
                    "description": null
                }, 
                {
                    "category": "Xcitium", 
                    "ioc": "Malware@#g3c64oy08hy8", 
                    "type": "ioc", 
                    "description": null
                }, 
                {
                    "category": "Microsoft", 
                    "ioc": "Trojan:Win32/Foosace.B!dha", 
                    "type": "ioc", 
                    "description": null
                }, 
                {
                    "category": "ZoneAlarm", 
                    "ioc": "HEUR:Trojan.Win32.Generic", 
                    "type": "ioc", 
                    "description": null
                }, 
                {
                    "category": "GData", 
                    "ioc": "Gen:Variant.Ser.Ursu.15728", 
                    "type": "ioc", 
                    "description": null
                }, 
                {
                    "category": "Varist", 
                    "ioc": "W32/Trojan.MIPA-1405", 
                    "type": "ioc", 
                    "description": null
                }, 
                {
                    "category": "AhnLab-V3", 
                    "ioc": "Trojan/Win32.Agent.C198227", 
                    "type": "ioc", 
                    "description": null
                }, 
                {
                    "category": "BitDefenderTheta", 
                    "ioc": "Gen:NN.ZedlaF.36804.cu4@au@WnXb", 
                    "type": "ioc", 
                    "description": null
                }, 
                {
                    "category": "DeepInstinct", 
                    "ioc": "MALICIOUS", 
                    "type": "ioc", 
                    "description": null
                }, 
                {
                    "category": "VBA32", 
                    "ioc": "Trojan.Foosace", 
                    "type": "ioc", 
                    "description": null
                }, 
                {
                    "category": "Panda", 
                    "ioc": "Generic Malware", 
                    "type": "ioc", 
                    "description": null
                }
            ], 
            "name": "antivirus_virustotal"
        }
    ], 
    "target": {
        "category": "file", 
        "file": {
            "mimetype": "application/x-dosexec", 
            "yara": [
                {
                    "meta": {
                        "version": "201906130850", 
                        "description": "Key used in FANCY BEAR malware", 
                        "copyright": "(c) 2020 CrowdStrike Inc.", 
                        "actor": "FANCY BEAR", 
                        "last_modified": "2019-06-13", 
                        "reports": "CSIR-14008"
                    }, 
                    "name": "CrowdStrike_CSIR_14008_01", 
                    "offsets": {
                        "pushkey1": [
                            [
                                2790, 
                                0
                            ]
                        ]
                    }, 
                    "strings": [
                        "xkX00cZF9abGRfa4xkX3FMZF+DbGRfkoxkX6nsZF+4o="
                    ]
                }, 
                {
                    "meta": {
                        "version": "201808011422", 
                        "description": "FANCY BEAR encrypted MZ header", 
                        "copyright": "(c) 2020 CrowdStrike Inc.", 
                        "actor": "FANCY BEAR", 
                        "last_modified": "2018-08-01", 
                        "reports": "CSIR-14008"
                    }, 
                    "name": "CrowdStrike_CSIR_14008_13", 
                    "offsets": {
                        "encmz2": [
                            [
                                7264, 
                                0
                            ]
                        ]
                    }, 
                    "strings": [
                        "gofczpYAfX4="
                    ]
                }, 
                {
                    "meta": {
                        "description": "Foozer downloader", 
                        "copyright": "(c) 2020 CrowdStrike Inc.", 
                        "reports": "CSIR-14008", 
                        "version": "201808011425", 
                        "actor": "FANCY BEAR", 
                        "last_modified": "2018-08-01", 
                        "malware_family": "Foozer"
                    }, 
                    "name": "CrowdStrike_CSIR_14008_23", 
                    "offsets": {
                        "refoozer_url1": [
                            [
                                28828, 
                                0
                            ]
                        ]
                    }, 
                    "strings": [
                        "FECkYREA/YPZvDVCJaHf5w=="
                    ]
                }
            ], 
            "sha1": "ac6b465a13370f87cf57929b7cfd1e45c3694585", 
            "name": "5ab8ef93fdeaac9af258845ab52c24d31140c8fffc5fdcf465529c8e00c508ac", 
            "type": "PE32 executable (DLL) (GUI) Intel 80386, for MS Windows", 
            "sha256": "5ab8ef93fdeaac9af258845ab52c24d31140c8fffc5fdcf465529c8e00c508ac", 
            "urls": [], 
            "crc32": "8E410DEB", 
            "path": "/srv/cuckoo/cwd/storage/binaries/5ab8ef93fdeaac9af258845ab52c24d31140c8fffc5fdcf465529c8e00c508ac", 
            "ssdeep": null, 
            "size": 35840, 
            "sha512": "c29b5a9532fddc088c78579bf0c28b3d4ce3e623105f229c356b869be0abca642e02763b5ffde9298cfea8eadb701f04d7775f0fd3b4eceafa4b1ab96e7edbb8", 
            "md5": "e1554b931affb3cd2edc90bc58028078"
        }, 
        "custom": null
    }, 
    "irma": {
        "status": null, 
        "probes_finished": 16, 
        "scan_id": "d168c657-7cd7-417f-9a76-4e198b7e04ee", 
        "parent_file_sha256": null, 
        "name": "5ab8ef93fdeaac9af258845ab52c24d31140c8fffc5fdcf465529c8e00c508ac", 
        "probes_total": 18, 
        "scan_date": 1728915846, 
        "other_results": [], 
        "probe_results": {
            "antivirus": {
                "G Data Antivirus (Windows)": {
                    "status": 1, 
                    "duration": 0.28, 
                    "version": "5.5.20197.1358", 
                    "results": "Virus: Gen:Variant.Ser.Ursu.15728 (Engine A)", 
                    "virus_database_version": "unavailable"
                }, 
                "Avast Core Security (Linux)": {
                    "status": 1, 
                    "duration": 0.1, 
                    "version": "4.5.1", 
                    "results": "Win32:Agent-ATXA [Trj]", 
                    "virus_database_version": "unavailable"
                }, 
                "C4S ClamAV (Linux)": {
                    "status": 0, 
                    "duration": 0.42, 
                    "version": "0.103.12", 
                    "results": null, 
                    "virus_database_version": "27403"
                }, 
                "F-Secure Antivirus (Linux)": {
                    "status": 1, 
                    "duration": 0.05, 
                    "version": "11.10", 
                    "results": "Trojan.TR/Dropper.Gen [Aquarius]", 
                    "virus_database_version": "2024-09-20_06"
                }, 
                "Windows Defender (Windows)": {
                    "status": 1, 
                    "duration": 0.28, 
                    "version": "1.1.24080.9", 
                    "results": "Trojan:Win32/Foosace.B!dha", 
                    "virus_database_version": "1.419.483.0"
                }, 
                "Microsoft Defender ATP (Linux)": {
                    "status": 1, 
                    "duration": 6.02, 
                    "version": "unavailable", 
                    "results": "Trojan:Win32/Foosace!dha", 
                    "virus_database_version": "123"
                }, 
                "Forticlient (Linux)": {
                    "status": 0, 
                    "duration": 3.05, 
                    "version": "unavailable", 
                    "results": null, 
                    "virus_database_version": "unavailable"
                }, 
                "Sophos Anti-Virus (Linux)": {
                    "status": 1, 
                    "duration": 0.35, 
                    "version": "1.1.5.14 (2024-05-28)", 
                    "results": "Mal/Generic-S", 
                    "virus_database_version": "unavailable"
                }, 
                "eScan Antivirus (Linux)": {
                    "status": 1, 
                    "duration": 4.04, 
                    "version": "7.0.21", 
                    "results": "Gen:Variant.Ser.Ursu.15728(DB)", 
                    "virus_database_version": "7.97546 (23/09/2024)"
                }, 
                "ESET Security (Windows)": {
                    "status": 1, 
                    "duration": 0.48, 
                    "version": "unavailable", 
                    "results": "Win32/Sednit.D trojan", 
                    "virus_database_version": "unavailable"
                }, 
                "McAfee CLI scanner (Linux)": {
                    "status": 0, 
                    "duration": 7.81, 
                    "version": "6.0.6.653", 
                    "results": null, 
                    "virus_database_version": "11200"
                }, 
                "DrWeb Antivirus (Linux)": {
                    "status": 1, 
                    "duration": 0.13, 
                    "version": "11.1.16.2406170954", 
                    "results": "Trojan.Siggen5.64504", 
                    "virus_database_version": "unavailable"
                }, 
                "Trend Micro SProtect (Linux)": {
                    "status": 1, 
                    "duration": 4.76, 
                    "version": "3.0", 
                    "results": "BKDR_SEDNIT.AE", 
                    "virus_database_version": "0x020000400"
                }, 
                "ClamAV (Linux)": {
                    "status": 0, 
                    "duration": 0.42, 
                    "version": "0.103.12", 
                    "results": null, 
                    "virus_database_version": "27427"
                }, 
                "Bitdefender Antivirus (Linux)": {
                    "status": 1, 
                    "duration": 8.72, 
                    "version": "7.90123", 
                    "results": "Gen:Variant.Ser.Ursu.15728", 
                    "virus_database_version": null
                }, 
                "Kaspersky Standard (Windows)": {
                    "status": 1, 
                    "duration": 1.02, 
                    "version": "21.17", 
                    "results": "HEUR:Trojan.Win32.Generic", 
                    "virus_database_version": "2024-10-13 11:03:00 (full)"
                }
            }
        }, 
        "file_infos": {
            "mimetype": "PE32 executable (DLL) (GUI) Intel 80386, for MS Windows", 
            "sha1": "ac6b465a13370f87cf57929b7cfd1e45c3694585", 
            "tags": [], 
            "timestamp_first_scan": 1710917416.91, 
            "size": 35840, 
            "timestamp_last_scan": 1728915856.68, 
            "sha256": "5ab8ef93fdeaac9af258845ab52c24d31140c8fffc5fdcf465529c8e00c508ac", 
            "md5": "e1554b931affb3cd2edc90bc58028078"
        }, 
        "submitter": "cli", 
        "path": "", 
        "result_id": "2c499130-bd5d-4a93-9af6-08acb957138c"
    }, 
    "suricata": {
        "tls": [], 
        "files": [], 
        "alerts": [], 
        "http": []
    }, 
    "virustotal": {
        "permalink": "https://www.virustotal.com/gui/file/5ab8ef93fdeaac9af258845ab52c24d31140c8fffc5fdcf465529c8e00c508ac/detection/f-5ab8ef93fdeaac9af258845ab52c24d31140c8fffc5fdcf465529c8e00c508ac-1716451778", 
        "sha1": "ac6b465a13370f87cf57929b7cfd1e45c3694585", 
        "resource": "e1554b931affb3cd2edc90bc58028078", 
        "response_code": 1, 
        "scan_date": "2024-05-23 08:09:38", 
        "scan_id": "5ab8ef93fdeaac9af258845ab52c24d31140c8fffc5fdcf465529c8e00c508ac-1716451778", 
        "summary": {
            "positives": 59, 
            "permalink": "https://www.virustotal.com/gui/file/5ab8ef93fdeaac9af258845ab52c24d31140c8fffc5fdcf465529c8e00c508ac/detection/f-5ab8ef93fdeaac9af258845ab52c24d31140c8fffc5fdcf465529c8e00c508ac-1716451778", 
            "scan_date": "2024-05-23 08:09:38"
        }, 
        "sha256": "5ab8ef93fdeaac9af258845ab52c24d31140c8fffc5fdcf465529c8e00c508ac", 
        "normalized": [
            "AIDetectMalware", 
            "malicious", 
            "high confidence", 
            "score", 
            "Ursu", 
            "unsafe", 
            "Foosace", 
            "V4lv", 
            "Attribute", 
            "HighConfidence", 
            "Sednit", 
            "Artemis", 
            "ATXA", 
            "TrjGen", 
            "dflvgz", 
            "CLOUD", 
            "Siggen5", 
            "babfo", 
            "Dkvt", 
            "Detected", 
            "ai score=100", 
            "APT28", 
            "Malware@#g3c64oy08hy8", 
            "MIPA", 
            "ZedlaF", 
            "cu4@au@WnXb", 
            "Fajl", 
            "os0rCGvxEP4", 
            "susgen", 
            "AGENTE", 
            "confidence", 
            "100%"
        ], 
        "total": 74, 
        "positives": 59, 
        "verbose_msg": "Scan finished, information embedded", 
        "md5": "e1554b931affb3cd2edc90bc58028078", 
        "scans": {
            "Bkav": {
                "detected": true, 
                "version": "2.0.0.1", 
                "result": "W32.AIDetectMalware", 
                "normalized": [
                    "AIDetectMalware"
                ], 
                "update": "20240523"
            }, 
            "Lionic": {
                "detected": true, 
                "version": "7.5", 
                "result": "Trojan.Win32.Generic.4!c", 
                "normalized": [], 
                "update": "20240523"
            }, 
            "Elastic": {
                "detected": true, 
                "version": "4.0.146", 
                "result": "malicious (high confidence)", 
                "normalized": [
                    "malicious", 
                    "high confidence"
                ], 
                "update": "20240522"
            }, 
            "Cynet": {
                "detected": true, 
                "version": "4.0.1.1", 
                "result": "Malicious (score: 100)", 
                "normalized": [
                    "Malicious", 
                    "score"
                ], 
                "update": "20240523"
            }, 
            "CMC": {
                "detected": false, 
                "version": "2.4.2022.1", 
                "result": null, 
                "normalized": [], 
                "update": "20240521"
            }, 
            "CAT-QuickHeal": {
                "detected": false, 
                "version": "22.00", 
                "result": null, 
                "normalized": [], 
                "update": "20240522"
            }, 
            "Skyhigh": {
                "detected": true, 
                "version": "v2021.2.0+4045", 
                "result": "BehavesLike.Win32.Backdoor.nc", 
                "normalized": [], 
                "update": "20240522"
            }, 
            "ALYac": {
                "detected": true, 
                "version": "2.0.0.10", 
                "result": "Gen:Variant.Ser.Ursu.15728", 
                "normalized": [
                    "Ursu"
                ], 
                "update": "20240523"
            }, 
            "Cylance": {
                "detected": true, 
                "version": "2.0.0.0", 
                "result": "unsafe", 
                "normalized": [
                    "unsafe"
                ], 
                "update": "20240523"
            }, 
            "VIPRE": {
                "detected": true, 
                "version": "6.0.0.35", 
                "result": "Gen:Variant.Ser.Ursu.15728", 
                "normalized": [
                    "Ursu"
                ], 
                "update": "20240522"
            }, 
            "Sangfor": {
                "detected": true, 
                "version": "2.23.0.0", 
                "result": "Dropper.Win32.Foosace.V4lv", 
                "normalized": [
                    "Foosace", 
                    "V4lv"
                ], 
                "update": "20240521"
            }, 
            "K7AntiVirus": {
                "detected": true, 
                "version": "12.160.52065", 
                "result": "Riskware ( 0040eff71 )", 
                "normalized": [], 
                "update": "20240523"
            }, 
            "BitDefender": {
                "detected": true, 
                "version": "7.2", 
                "result": "Gen:Variant.Ser.Ursu.15728", 
                "normalized": [
                    "Ursu"
                ], 
                "update": "20240523"
            }, 
            "K7GW": {
                "detected": true, 
                "version": "12.160.52066", 
                "result": "Riskware ( 0040eff71 )", 
                "normalized": [], 
                "update": "20240523"
            }, 
            "Cybereason": {
                "detected": false, 
                "version": null, 
                "result": null, 
                "normalized": [], 
                "update": "20180308"
            }, 
            "Arcabit": {
                "detected": true, 
                "version": "2022.0.0.18", 
                "result": "Trojan.Ser.Ursu.D3D70", 
                "normalized": [
                    "Ursu"
                ], 
                "update": "20240523"
            }, 
            "Baidu": {
                "detected": false, 
                "version": "1.0.0.2", 
                "result": null, 
                "normalized": [], 
                "update": "20190318"
            }, 
            "VirIT": {
                "detected": true, 
                "version": "9.5.707", 
                "result": "Trojan.Win32.Generic.GXG", 
                "normalized": [], 
                "update": "20240522"
            }, 
            "Symantec": {
                "detected": true, 
                "version": "1.21.0.0", 
                "result": "ML.Attribute.HighConfidence", 
                "normalized": [
                    "Attribute", 
                    "HighConfidence"
                ], 
                "update": "20240523"
            }, 
            "tehtris": {
                "detected": false, 
                "version": "v0.1.4", 
                "result": null, 
                "normalized": [], 
                "update": "20240523"
            }, 
            "ESET-NOD32": {
                "detected": true, 
                "version": "29271", 
                "result": "Win32/Sednit.D", 
                "normalized": [
                    "Sednit"
                ], 
                "update": "20240523"
            }, 
            "APEX": {
                "detected": true, 
                "version": "6.534", 
                "result": "Malicious", 
                "normalized": [
                    "Malicious"
                ], 
                "update": "20240522"
            }, 
            "McAfee": {
                "detected": true, 
                "version": "6.0.6.653", 
                "result": "Artemis!E1554B931AFF", 
                "normalized": [
                    "Artemis"
                ], 
                "update": "20240522"
            }, 
            "Avast": {
                "detected": true, 
                "version": "23.9.8494.0", 
                "result": "Win32:Agent-ATXA [Trj]", 
                "normalized": [
                    "ATXA"
                ], 
                "update": "20240523"
            }, 
            "ClamAV": {
                "detected": false, 
                "version": "1.3.1.0", 
                "result": null, 
                "normalized": [], 
                "update": "20240522"
            }, 
            "Kaspersky": {
                "detected": true, 
                "version": "22.0.1.28", 
                "result": "HEUR:Trojan.Win32.Generic", 
                "normalized": [], 
                "update": "20240523"
            }, 
            "Alibaba": {
                "detected": true, 
                "version": "0.3.0.5", 
                "result": "Trojan:Win32/Foosace.9ca093fc", 
                "normalized": [
                    "Foosace"
                ], 
                "update": "20190527"
            }, 
            "NANO-Antivirus": {
                "detected": true, 
                "version": "1.0.146.25796", 
                "result": "Trojan.Win32.TrjGen.dflvgz", 
                "normalized": [
                    "TrjGen", 
                    "dflvgz"
                ], 
                "update": "20240523"
            }, 
            "SUPERAntiSpyware": {
                "detected": false, 
                "version": "5.6.0.1032", 
                "result": null, 
                "normalized": [], 
                "update": "20240523"
            }, 
            "MicroWorld-eScan": {
                "detected": true, 
                "version": "14.0.409.0", 
                "result": "Gen:Variant.Ser.Ursu.15728", 
                "normalized": [
                    "Ursu"
                ], 
                "update": "20240523"
            }, 
            "Rising": {
                "detected": true, 
                "version": "25.0.0.27", 
                "result": "Dropper.Generic!8.35E (CLOUD)", 
                "normalized": [
                    "CLOUD"
                ], 
                "update": "20240523"
            }, 
            "Emsisoft": {
                "detected": true, 
                "version": "2024.1.0.53752", 
                "result": "Gen:Variant.Ser.Ursu.15728 (B)", 
                "normalized": [
                    "Ursu"
                ], 
                "update": "20240523"
            }, 
            "F-Secure": {
                "detected": true, 
                "version": "18.10.1547.307", 
                "result": "Trojan.TR/Dropper.Gen", 
                "normalized": [], 
                "update": "20240523"
            }, 
            "DrWeb": {
                "detected": true, 
                "version": "7.0.64.5030", 
                "result": "Trojan.Siggen5.64504", 
                "normalized": [
                    "Siggen5"
                ], 
                "update": "20240523"
            }, 
            "Zillya": {
                "detected": true, 
                "version": "2.0.0.5118", 
                "result": "Trojan.Sednit.Win32.1", 
                "normalized": [
                    "Sednit"
                ], 
                "update": "20240522"
            }, 
            "TrendMicro": {
                "detected": true, 
                "version": "11.0.0.1006", 
                "result": "BKDR_SEDNIT.AE", 
                "normalized": [
                    "SEDNIT"
                ], 
                "update": "20240523"
            }, 
            "McAfeeD": {
                "detected": true, 
                "version": "1.2.0.7135", 
                "result": "ti!5AB8EF93FDEA", 
                "normalized": [], 
                "update": "20240523"
            }, 
            "Trapmine": {
                "detected": false, 
                "version": "4.0.16.96", 
                "result": null, 
                "normalized": [], 
                "update": "20240223"
            }, 
            "FireEye": {
                "detected": true, 
                "version": "35.47.0.0", 
                "result": "Generic.mg.e1554b931affb3cd", 
                "normalized": [], 
                "update": "20240523"
            }, 
            "Sophos": {
                "detected": true, 
                "version": "2.5.5.0", 
                "result": "Mal/Generic-R", 
                "normalized": [], 
                "update": "20240523"
            }, 
            "Ikarus": {
                "detected": true, 
                "version": "6.3.12.0", 
                "result": "Trojan.SuspectCRC", 
                "normalized": [], 
                "update": "20240522"
            }, 
            "Jiangmin": {
                "detected": true, 
                "version": "16.0.100", 
                "result": "Trojan/Generic.babfo", 
                "normalized": [
                    "babfo"
                ], 
                "update": "20240522"
            }, 
            "Webroot": {
                "detected": true, 
                "version": "1.0.0.403", 
                "result": "W32.Heuristic.Dkvt", 
                "normalized": [
                    "Dkvt"
                ], 
                "update": "20240523"
            }, 
            "Google": {
                "detected": true, 
                "version": "1716447625", 
                "result": "Detected", 
                "normalized": [
                    "Detected"
                ], 
                "update": "20240523"
            }, 
            "Avira": {
                "detected": true, 
                "version": "8.3.3.18", 
                "result": "TR/Dropper.Gen", 
                "normalized": [], 
                "update": "20240523"
            }, 
            "MAX": {
                "detected": true, 
                "version": "2023.1.4.1", 
                "result": "malware (ai score=100)", 
                "normalized": [
                    "ai score=100"
                ], 
                "update": "20240523"
            }, 
            "Antiy-AVL": {
                "detected": true, 
                "version": "3.0", 
                "result": "Trojan[APT]/Win32.APT28", 
                "normalized": [
                    "APT28"
                ], 
                "update": "20240523"
            }, 
            "Kingsoft": {
                "detected": true, 
                "version": "None", 
                "result": "malware.kb.a.998", 
                "normalized": [], 
                "update": "20230906"
            }, 
            "Gridinsoft": {
                "detected": false, 
                "version": "1.0.177.174", 
                "result": null, 
                "normalized": [], 
                "update": "20240523"
            }, 
            "Xcitium": {
                "detected": true, 
                "version": "36724", 
                "result": "Malware@#g3c64oy08hy8", 
                "normalized": [
                    "Malware@#g3c64oy08hy8"
                ], 
                "update": "20240523"
            }, 
            "Microsoft": {
                "detected": true, 
                "version": "1.1.24040.1", 
                "result": "Trojan:Win32/Foosace.B!dha", 
                "normalized": [
                    "Foosace"
                ], 
                "update": "20240523"
            }, 
            "ViRobot": {
                "detected": false, 
                "version": "2014.3.20.0", 
                "result": null, 
                "normalized": [], 
                "update": "20240523"
            }, 
            "ZoneAlarm": {
                "detected": true, 
                "version": "1.0", 
                "result": "HEUR:Trojan.Win32.Generic", 
                "normalized": [], 
                "update": "20240523"
            }, 
            "GData": {
                "detected": true, 
                "version": "A:25.38043B:27.36095", 
                "result": "Gen:Variant.Ser.Ursu.15728", 
                "normalized": [
                    "Ursu"
                ], 
                "update": "20240523"
            }, 
            "Varist": {
                "detected": true, 
                "version": "6.5.1.2", 
                "result": "W32/Trojan.MIPA-1405", 
                "normalized": [
                    "MIPA"
                ], 
                "update": "20240523"
            }, 
            "AhnLab-V3": {
                "detected": true, 
                "version": "3.25.1.10473", 
                "result": "Trojan/Win32.Agent.C198227", 
                "normalized": [], 
                "update": "20240523"
            }, 
            "Acronis": {
                "detected": false, 
                "version": "1.2.0.121", 
                "result": null, 
                "normalized": [], 
                "update": "20240328"
            }, 
            "BitDefenderTheta": {
                "detected": true, 
                "version": "7.2.37796.0", 
                "result": "Gen:NN.ZedlaF.36804.cu4@au@WnXb", 
                "normalized": [
                    "ZedlaF", 
                    "cu4@au@WnXb"
                ], 
                "update": "20240422"
            }, 
            "TACHYON": {
                "detected": false, 
                "version": "2024-05-23.02", 
                "result": null, 
                "normalized": [], 
                "update": "20240523"
            }, 
            "DeepInstinct": {
                "detected": true, 
                "version": "5.0.0.8", 
                "result": "MALICIOUS", 
                "normalized": [
                    "MALICIOUS"
                ], 
                "update": "20240521"
            }, 
            "VBA32": {
                "detected": true, 
                "version": "5.0.0", 
                "result": "Trojan.Foosace", 
                "normalized": [
                    "Foosace"
                ], 
                "update": "20240523"
            }, 
            "Malwarebytes": {
                "detected": false, 
                "version": "4.5.5.54", 
                "result": null, 
                "normalized": [], 
                "update": "20240523"
            }, 
            "Panda": {
                "detected": true, 
                "version": "4.6.4.2", 
                "result": "Generic Malware", 
                "normalized": [], 
                "update": "20240522"
            }, 
            "Zoner": {
                "detected": false, 
                "version": "2.2.2.0", 
                "result": null, 
                "normalized": [], 
                "update": "20240523"
            }, 
            "TrendMicro-HouseCall": {
                "detected": true, 
                "version": "10.0.0.1040", 
                "result": "BKDR_SEDNIT.AE", 
                "normalized": [
                    "SEDNIT"
                ], 
                "update": "20240523"
            }, 
            "Tencent": {
                "detected": true, 
                "version": "1.0.0.1", 
                "result": "Win32.Trojan.Dropper.Fajl", 
                "normalized": [
                    "Fajl"
                ], 
                "update": "20240523"
            }, 
            "Yandex": {
                "detected": true, 
                "version": "5.5.2.24", 
                "result": "Trojan.DR.Agent!os0rCGvxEP4", 
                "normalized": [
                    "os0rCGvxEP4"
                ], 
                "update": "20240523"
            }, 
            "SentinelOne": {
                "detected": false, 
                "version": "24.2.1.1", 
                "result": null, 
                "normalized": [], 
                "update": "20240417"
            }, 
            "MaxSecure": {
                "detected": true, 
                "version": "1.0.0.1", 
                "result": "Trojan.Malware.7164915.susgen", 
                "normalized": [
                    "susgen"
                ], 
                "update": "20240523"
            }, 
            "Fortinet": {
                "detected": true, 
                "version": "None", 
                "result": "W32/AGENTE.DEF!tr", 
                "normalized": [
                    "AGENTE"
                ], 
                "update": "20240523"
            }, 
            "AVG": {
                "detected": true, 
                "version": "23.9.8494.0", 
                "result": "Win32:Agent-ATXA [Trj]", 
                "normalized": [
                    "ATXA"
                ], 
                "update": "20240523"
            }, 
            "Paloalto": {
                "detected": true, 
                "version": "0.9.0.1003", 
                "result": "generic.ml", 
                "normalized": [], 
                "update": "20240523"
            }, 
            "CrowdStrike": {
                "detected": true, 
                "version": "1.0", 
                "result": "win/malicious_confidence_100% (W)", 
                "normalized": [
                    "malicious", 
                    "confidence", 
                    "100%"
                ], 
                "update": "20231026"
            }, 
            "alibabacloud": {
                "detected": true, 
                "version": "2.1.0", 
                "result": "Trojan[dropper]:Win/Sednit.D", 
                "normalized": [
                    "Sednit"
                ], 
                "update": "20240513"
            }
        }
    }, 
    "network": {
        "udp": [], 
        "dns_servers": [], 
        "http": [], 
        "smtp": [], 
        "tcp": [], 
        "geoinfo": {}, 
        "mitm": [], 
        "https_ex": [], 
        "http_ex": [], 
        "sorted_pcap_sha256": "2b8c1ad3fdd37ba7da37fc90ed09048f420e302ca0d56d2c4663d75e8b9bbeec", 
        "icmp": [], 
        "tls": [], 
        "dead_hosts": [], 
        "smtp_ex": [], 
        "hosts": [], 
        "pcap_sha256": "82fa2c49a73a32e87c6c867fe1066111e9a5b5b46580b4a4878fc67c4c3cf9ee", 
        "dns": [], 
        "domains": [], 
        "irc": []
    }, 
    "resubmit": {
        "resubmit_ids": []
    }, 
    "static": {
        "pdb_path": null, 
        "pe_imports": [
            {
                "imports": [
                    {
                        "name": "LoadLibraryA", 
                        "address": "0x10002000"
                    }, 
                    {
                        "name": "GetProcAddress", 
                        "address": "0x10002004"
                    }
                ], 
                "dll": "KERNEL32.dll"
            }, 
            {
                "imports": [
                    {
                        "name": "_except_handler3", 
                        "address": "0x1000200c"
                    }, 
                    {
                        "name": "_local_unwind2", 
                        "address": "0x10002010"
                    }, 
                    {
                        "name": "free", 
                        "address": "0x10002014"
                    }, 
                    {
                        "name": "_initterm", 
                        "address": "0x10002018"
                    }, 
                    {
                        "name": "malloc", 
                        "address": "0x1000201c"
                    }, 
                    {
                        "name": "_adjust_fdiv", 
                        "address": "0x10002020"
                    }
                ], 
                "dll": "MSVCRT.dll"
            }
        ], 
        "peid_signatures": [
            "Armadillo v1.xx - v2.xx"
        ], 
        "keys": [], 
        "signature": [], 
        "pe_timestamp": "2013-07-23 09:59:11", 
        "pe_exports": [
            {
                "ordinal": 1, 
                "name": "Start", 
                "address": "0x100016d5"
            }
        ], 
        "imported_dll_count": 2, 
        "pe_imphash": "e5990c42e4be77f5973d6ff8f8e09319", 
        "pe_resources": [
            {
                "name": "F", 
                "language": "LANG_NEUTRAL", 
                "filetype": "data", 
                "sublanguage": "SUBLANG_NEUTRAL", 
                "offset": "0x00004060", 
                "size": "0x00006a00"
            }
        ], 
        "pe_versioninfo": [], 
        "pe_sections": [
            {
                "size_of_data": "0x00000e00", 
                "virtual_address": "0x00001000", 
                "entropy": 5.832816036948579, 
                "name": ".text", 
                "virtual_size": "0x00000daa"
            }, 
            {
                "size_of_data": "0x00000200", 
                "virtual_address": "0x00002000", 
                "entropy": 3.205344321721827, 
                "name": ".rdata", 
                "virtual_size": "0x00000170"
            }, 
            {
                "size_of_data": "0x00000800", 
                "virtual_address": "0x00003000", 
                "entropy": 7.549225405867157, 
                "name": ".data", 
                "virtual_size": "0x000007f0"
            }, 
            {
                "size_of_data": "0x00006c00", 
                "virtual_address": "0x00004000", 
                "entropy": 7.9614824702143485, 
                "name": ".rsrc", 
                "virtual_size": "0x00006a60"
            }, 
            {
                "size_of_data": "0x00000400", 
                "virtual_address": "0x0000b000", 
                "entropy": 3.7867189237704917, 
                "name": ".reloc", 
                "virtual_size": "0x0000023e"
            }
        ]
    }, 
    "snort": {
        "alerts": []
    }, 
    "behavior": {
        "generic": [
            {
                "process_path": "C:\\Windows\\System32\\lsass.exe", 
                "process_name": "lsass.exe", 
                "pid": 508, 
                "summary": {}, 
                "first_seen": 1728918085.9375, 
                "ppid": 392
            }
        ], 
        "processes": [
            {
                "process_path": "C:\\Windows\\System32\\lsass.exe", 
                "calls": [], 
                "track": false, 
                "pid": 508, 
                "process_name": "lsass.exe", 
                "command_line": "C:\\Windows\\system32\\lsass.exe", 
                "modules": [
                    {
                        "basename": "lsass.exe", 
                        "imgsize": 49152, 
                        "baseaddr": "0xff0c0000", 
                        "filepath": "C:\\Windows\\system32\\lsass.exe"
                    }, 
                    {
                        "basename": "ntdll.dll", 
                        "imgsize": 1740800, 
                        "baseaddr": "0x772d0000", 
                        "filepath": "C:\\Windows\\SYSTEM32\\ntdll.dll"
                    }, 
                    {
                        "basename": "kernel32.dll", 
                        "imgsize": 1175552, 
                        "baseaddr": "0x771b0000", 
                        "filepath": "C:\\Windows\\system32\\kernel32.dll"
                    }, 
                    {
                        "basename": "KERNELBASE.dll", 
                        "imgsize": 438272, 
                        "baseaddr": "0x7fefd3d0000", 
                        "filepath": "C:\\Windows\\system32\\KERNELBASE.dll"
                    }, 
                    {
                        "basename": "msvcrt.dll", 
                        "imgsize": 651264, 
                        "baseaddr": "0x7feff520000", 
                        "filepath": "C:\\Windows\\system32\\msvcrt.dll"
                    }, 
                    {
                        "basename": "RPCRT4.dll", 
                        "imgsize": 1232896, 
                        "baseaddr": "0x7fefdaf0000", 
                        "filepath": "C:\\Windows\\system32\\RPCRT4.dll"
                    }, 
                    {
                        "basename": "SspiSrv.dll", 
                        "imgsize": 45056, 
                        "baseaddr": "0x7fefced0000", 
                        "filepath": "C:\\Windows\\system32\\SspiSrv.dll"
                    }, 
                    {
                        "basename": "lsasrv.dll", 
                        "imgsize": 1470464, 
                        "baseaddr": "0x7fefcd60000", 
                        "filepath": "C:\\Windows\\system32\\lsasrv.dll"
                    }, 
                    {
                        "basename": "sechost.dll", 
                        "imgsize": 126976, 
                        "baseaddr": "0x7fefee10000", 
                        "filepath": "C:\\Windows\\SYSTEM32\\sechost.dll"
                    }, 
                    {
                        "basename": "SspiCli.dll", 
                        "imgsize": 151552, 
                        "baseaddr": "0x7fefcee0000", 
                        "filepath": "C:\\Windows\\system32\\SspiCli.dll"
                    }, 
                    {
                        "basename": "ADVAPI32.dll", 
                        "imgsize": 897024, 
                        "baseaddr": "0x7fefee30000", 
                        "filepath": "C:\\Windows\\system32\\ADVAPI32.dll"
                    }, 
                    {
                        "basename": "USER32.dll", 
                        "imgsize": 1024000, 
                        "baseaddr": "0x770b0000", 
                        "filepath": "C:\\Windows\\system32\\USER32.dll"
                    }, 
                    {
                        "basename": "GDI32.dll", 
                        "imgsize": 421888, 
                        "baseaddr": "0x7fefdc80000", 
                        "filepath": "C:\\Windows\\system32\\GDI32.dll"
                    }, 
                    {
                        "basename": "LPK.dll", 
                        "imgsize": 57344, 
                        "baseaddr": "0x7fefd980000", 
                        "filepath": "C:\\Windows\\system32\\LPK.dll"
                    }, 
                    {
                        "basename": "USP10.dll", 
                        "imgsize": 823296, 
                        "baseaddr": "0x7fefdcf0000", 
                        "filepath": "C:\\Windows\\system32\\USP10.dll"
                    }, 
                    {
                        "basename": "SAMSRV.dll", 
                        "imgsize": 774144, 
                        "baseaddr": "0x7fefcbb0000", 
                        "filepath": "C:\\Windows\\system32\\SAMSRV.dll"
                    }, 
                    {
                        "basename": "cryptdll.dll", 
                        "imgsize": 81920, 
                        "baseaddr": "0x7fefcb90000", 
                        "filepath": "C:\\Windows\\system32\\cryptdll.dll"
                    }, 
                    {
                        "basename": "MSASN1.dll", 
                        "imgsize": 61440, 
                        "baseaddr": "0x7fefd120000", 
                        "filepath": "C:\\Windows\\system32\\MSASN1.dll"
                    }, 
                    {
                        "basename": "wevtapi.dll", 
                        "imgsize": 446464, 
                        "baseaddr": "0x7fefcb20000", 
                        "filepath": "C:\\Windows\\system32\\wevtapi.dll"
                    }, 
                    {
                        "basename": "IMM32.DLL", 
                        "imgsize": 188416, 
                        "baseaddr": "0x7fefed50000", 
                        "filepath": "C:\\Windows\\system32\\IMM32.DLL"
                    }, 
                    {
                        "basename": "MSCTF.dll", 
                        "imgsize": 1085440, 
                        "baseaddr": "0x7fefec40000", 
                        "filepath": "C:\\Windows\\system32\\MSCTF.dll"
                    }, 
                    {
                        "basename": "cngaudit.dll", 
                        "imgsize": 36864, 
                        "baseaddr": "0x7fefcb10000", 
                        "filepath": "C:\\Windows\\system32\\cngaudit.dll"
                    }, 
                    {
                        "basename": "AUTHZ.dll", 
                        "imgsize": 192512, 
                        "baseaddr": "0x7fefcae0000", 
                        "filepath": "C:\\Windows\\system32\\AUTHZ.dll"
                    }, 
                    {
                        "basename": "ncrypt.dll", 
                        "imgsize": 319488, 
                        "baseaddr": "0x7fefca90000", 
                        "filepath": "C:\\Windows\\system32\\ncrypt.dll"
                    }, 
                    {
                        "basename": "bcrypt.dll", 
                        "imgsize": 139264, 
                        "baseaddr": "0x7fefca60000", 
                        "filepath": "C:\\Windows\\system32\\bcrypt.dll"
                    }, 
                    {
                        "basename": "msprivs.DLL", 
                        "imgsize": 8192, 
                        "baseaddr": "0x74eb0000", 
                        "filepath": "C:\\Windows\\system32\\msprivs.DLL"
                    }, 
                    {
                        "basename": "netjoin.dll", 
                        "imgsize": 204800, 
                        "baseaddr": "0x7fefca20000", 
                        "filepath": "C:\\Windows\\system32\\netjoin.dll"
                    }, 
                    {
                        "basename": "negoexts.DLL", 
                        "imgsize": 147456, 
                        "baseaddr": "0x7fefc9f0000", 
                        "filepath": "C:\\Windows\\system32\\negoexts.DLL"
                    }, 
                    {
                        "basename": "Secur32.dll", 
                        "imgsize": 45056, 
                        "baseaddr": "0x7fefcd10000", 
                        "filepath": "C:\\Windows\\system32\\Secur32.dll"
                    }, 
                    {
                        "basename": "cryptbase.dll", 
                        "imgsize": 61440, 
                        "baseaddr": "0x7fefcf70000", 
                        "filepath": "C:\\Windows\\system32\\cryptbase.dll"
                    }, 
                    {
                        "basename": "kerberos.DLL", 
                        "imgsize": 737280, 
                        "baseaddr": "0x7fefc930000", 
                        "filepath": "C:\\Windows\\system32\\kerberos.DLL"
                    }, 
                    {
                        "basename": "CRYPTSP.dll", 
                        "imgsize": 94208, 
                        "baseaddr": "0x7fefc910000", 
                        "filepath": "C:\\Windows\\system32\\CRYPTSP.dll"
                    }, 
                    {
                        "basename": "WS2_32.dll", 
                        "imgsize": 315392, 
                        "baseaddr": "0x7fefde60000", 
                        "filepath": "C:\\Windows\\system32\\WS2_32.dll"
                    }, 
                    {
                        "basename": "NSI.dll", 
                        "imgsize": 32768, 
                        "baseaddr": "0x7fefed80000", 
                        "filepath": "C:\\Windows\\system32\\NSI.dll"
                    }, 
                    {
                        "basename": "mswsock.dll", 
                        "imgsize": 348160, 
                        "baseaddr": "0x7fefc8b0000", 
                        "filepath": "C:\\Windows\\system32\\mswsock.dll"
                    }, 
                    {
                        "basename": "wship6.dll", 
                        "imgsize": 28672, 
                        "baseaddr": "0x7fefc8a0000", 
                        "filepath": "C:\\Windows\\System32\\wship6.dll"
                    }, 
                    {
                        "basename": "msv1_0.DLL", 
                        "imgsize": 331776, 
                        "baseaddr": "0x7fefc840000", 
                        "filepath": "C:\\Windows\\system32\\msv1_0.DLL"
                    }, 
                    {
                        "basename": "netlogon.DLL", 
                        "imgsize": 712704, 
                        "baseaddr": "0x7fefc790000", 
                        "filepath": "C:\\Windows\\system32\\netlogon.DLL"
                    }, 
                    {
                        "basename": "DNSAPI.dll", 
                        "imgsize": 372736, 
                        "baseaddr": "0x7fefc730000", 
                        "filepath": "C:\\Windows\\system32\\DNSAPI.dll"
                    }, 
                    {
                        "basename": "logoncli.dll", 
                        "imgsize": 196608, 
                        "baseaddr": "0x7fefc700000", 
                        "filepath": "C:\\Windows\\system32\\logoncli.dll"
                    }, 
                    {
                        "basename": "schannel.DLL", 
                        "imgsize": 356352, 
                        "baseaddr": "0x7fefc6a0000", 
                        "filepath": "C:\\Windows\\system32\\schannel.DLL"
                    }, 
                    {
                        "basename": "CRYPT32.dll", 
                        "imgsize": 1470464, 
                        "baseaddr": "0x7fefd150000", 
                        "filepath": "C:\\Windows\\system32\\CRYPT32.dll"
                    }, 
                    {
                        "basename": "wdigest.DLL", 
                        "imgsize": 221184, 
                        "baseaddr": "0x7fefc660000", 
                        "filepath": "C:\\Windows\\system32\\wdigest.DLL"
                    }, 
                    {
                        "basename": "rsaenh.dll", 
                        "imgsize": 290816, 
                        "baseaddr": "0x7fefc610000", 
                        "filepath": "C:\\Windows\\system32\\rsaenh.dll"
                    }, 
                    {
                        "basename": "tspkg.DLL", 
                        "imgsize": 98304, 
                        "baseaddr": "0x7fefc5f0000", 
                        "filepath": "C:\\Windows\\system32\\tspkg.DLL"
                    }, 
                    {
                        "basename": "pku2u.DLL", 
                        "imgsize": 282624, 
                        "baseaddr": "0x7fefc5a0000", 
                        "filepath": "C:\\Windows\\system32\\pku2u.DLL"
                    }, 
                    {
                        "basename": "bcryptprimitives.dll", 
                        "imgsize": 311296, 
                        "baseaddr": "0x7fefc550000", 
                        "filepath": "C:\\Windows\\system32\\bcryptprimitives.dll"
                    }, 
                    {
                        "basename": "RpcRtRemote.dll", 
                        "imgsize": 81920, 
                        "baseaddr": "0x7fefd060000", 
                        "filepath": "C:\\Windows\\system32\\RpcRtRemote.dll"
                    }, 
                    {
                        "basename": "efslsaext.dll", 
                        "imgsize": 73728, 
                        "baseaddr": "0x7fefc530000", 
                        "filepath": "C:\\Windows\\system32\\efslsaext.dll"
                    }, 
                    {
                        "basename": "scecli.DLL", 
                        "imgsize": 253952, 
                        "baseaddr": "0x7fefc4f0000", 
                        "filepath": "C:\\Windows\\system32\\scecli.DLL"
                    }, 
                    {
                        "basename": "credssp.dll", 
                        "imgsize": 40960, 
                        "baseaddr": "0x7fefc4e0000", 
                        "filepath": "C:\\Windows\\system32\\credssp.dll"
                    }, 
                    {
                        "basename": "WINSTA.dll", 
                        "imgsize": 249856, 
                        "baseaddr": "0x7fefd020000", 
                        "filepath": "C:\\Windows\\system32\\WINSTA.dll"
                    }, 
                    {
                        "basename": "IPHLPAPI.DLL", 
                        "imgsize": 159744, 
                        "baseaddr": "0x7fefac70000", 
                        "filepath": "C:\\Windows\\system32\\IPHLPAPI.DLL"
                    }, 
                    {
                        "basename": "WINNSI.DLL", 
                        "imgsize": 45056, 
                        "baseaddr": "0x7fefac50000", 
                        "filepath": "C:\\Windows\\system32\\WINNSI.DLL"
                    }, 
                    {
                        "basename": "netutils.dll", 
                        "imgsize": 49152, 
                        "baseaddr": "0x7fefa9c0000", 
                        "filepath": "C:\\Windows\\system32\\netutils.dll"
                    }, 
                    {
                        "basename": "USERENV.dll", 
                        "imgsize": 122880, 
                        "baseaddr": "0x7fefc3d0000", 
                        "filepath": "C:\\Windows\\system32\\USERENV.dll"
                    }, 
                    {
                        "basename": "profapi.dll", 
                        "imgsize": 61440, 
                        "baseaddr": "0x7fefd080000", 
                        "filepath": "C:\\Windows\\system32\\profapi.dll"
                    }, 
                    {
                        "basename": "wshtcpip.dll", 
                        "imgsize": 28672, 
                        "baseaddr": "0x7fefc2b0000", 
                        "filepath": "C:\\Windows\\System32\\wshtcpip.dll"
                    }, 
                    {
                        "basename": "dssenh.dll", 
                        "imgsize": 204800, 
                        "baseaddr": "0x7fef3e20000", 
                        "filepath": "C:\\Windows\\system32\\dssenh.dll"
                    }, 
                    {
                        "basename": "GPAPI.dll", 
                        "imgsize": 110592, 
                        "baseaddr": "0x7fefc3b0000", 
                        "filepath": "C:\\Windows\\system32\\GPAPI.dll"
                    }, 
                    {
                        "basename": "monitor-x64.dll", 
                        "imgsize": 2269184, 
                        "baseaddr": "0x743b0000", 
                        "filepath": "C:\\tmp4nivwu\\bin\\monitor-x64.dll"
                    }
                ], 
                "time": 0, 
                "tid": 944, 
                "first_seen": 1728918085.9375, 
                "ppid": 392, 
                "type": "process"
            }
        ], 
        "processtree": [
            {
                "track": false, 
                "pid": 508, 
                "process_name": "lsass.exe", 
                "command_line": "C:\\Windows\\system32\\lsass.exe", 
                "first_seen": 1728918085.9375, 
                "ppid": 392, 
                "children": []
            }
        ]
    }, 
    "debug": {
        "action": [], 
        "dbgview": [], 
        "errors": [], 
        "log": [
            "2024-10-14 14:01:25,015 [analyzer] DEBUG: Starting analyzer from: C:\\tmp4nivwu\n", 
            "2024-10-14 14:01:25,015 [analyzer] DEBUG: Pipe server name: \\??\\PIPE\\IsodKhISjWgtupFTZtumbJUA\n", 
            "2024-10-14 14:01:25,015 [analyzer] DEBUG: Log pipe server name: \\??\\PIPE\\bUvyjqcSPtHsxwbZzXZspwLEBmy\n", 
            "2024-10-14 14:01:25,296 [analyzer] DEBUG: Started auxiliary module Curtain\n", 
            "2024-10-14 14:01:25,296 [analyzer] DEBUG: Started auxiliary module DbgView\n", 
            "2024-10-14 14:01:25,796 [analyzer] DEBUG: Started auxiliary module Disguise\n", 
            "2024-10-14 14:01:26,000 [analyzer] DEBUG: Loaded monitor into process with pid 508\n", 
            "2024-10-14 14:01:26,000 [analyzer] DEBUG: Started auxiliary module DumpTLSMasterSecrets\n", 
            "2024-10-14 14:01:26,000 [analyzer] DEBUG: Started auxiliary module Human\n", 
            "2024-10-14 14:01:26,000 [analyzer] DEBUG: Started auxiliary module InstallCertificate\n", 
            "2024-10-14 14:01:26,000 [analyzer] DEBUG: Started auxiliary module Reboot\n", 
            "2024-10-14 14:01:26,078 [analyzer] DEBUG: Started auxiliary module RecentFiles\n", 
            "2024-10-14 14:01:26,078 [analyzer] DEBUG: Started auxiliary module Screenshots\n", 
            "2024-10-14 14:01:26,092 [analyzer] DEBUG: Started auxiliary module Sysmon\n", 
            "2024-10-14 14:01:26,092 [analyzer] DEBUG: Started auxiliary module LoadZer0m0n\n", 
            "2024-10-14 14:01:26,140 [lib.api.process] ERROR: Failed to execute process from path u'C:\\\\Users\\\\ADMINI~1\\\\AppData\\\\Local\\\\Temp\\\\5ab8ef93fdeaac9af258845ab52c24d31140c8fffc5fdcf465529c8e00c508ac.exe' with arguments ['bin\\\\inject-x86.exe', '--app', u'C:\\\\Users\\\\ADMINI~1\\\\AppData\\\\Local\\\\Temp\\\\5ab8ef93fdeaac9af258845ab52c24d31140c8fffc5fdcf465529c8e00c508ac.exe', '--only-start', '--curdir', 'C:\\\\Users\\\\ADMINI~1\\\\AppData\\\\Local\\\\Temp'] (Error: Command '['bin\\\\inject-x86.exe', '--app', u'C:\\\\Users\\\\ADMINI~1\\\\AppData\\\\Local\\\\Temp\\\\5ab8ef93fdeaac9af258845ab52c24d31140c8fffc5fdcf465529c8e00c508ac.exe', '--only-start', '--curdir', 'C:\\\\Users\\\\ADMINI~1\\\\AppData\\\\Local\\\\Temp']' returned non-zero exit status 1)\n"
        ], 
        "cuckoo": [
            "2024-10-14 17:18:48,918 [cuckoo.core.scheduler] INFO: Task #5291083: acquired machine win7x6424 (label=win7x6424)\n", 
            "2024-10-14 17:18:48,919 [cuckoo.core.resultserver] DEBUG: Now tracking machine 192.168.168.224 for task #5291083\n", 
            "2024-10-14 17:18:49,709 [cuckoo.auxiliary.sniffer] INFO: Started sniffer with PID 1963616 (interface=vboxnet0, host=192.168.168.224)\n", 
            "2024-10-14 17:18:50,096 [cuckoo.machinery.virtualbox] DEBUG: Starting vm win7x6424\n", 
            "2024-10-14 17:18:51,269 [cuckoo.machinery.virtualbox] DEBUG: Restoring virtual machine win7x6424 to vmcloak\n", 
            "2024-10-14 17:20:53,386 [cuckoo.core.guest] INFO: Starting analysis #5291083 on guest (id=win7x6424, ip=192.168.168.224)\n", 
            "2024-10-14 17:20:54,392 [cuckoo.core.guest] DEBUG: win7x6424: not ready yet\n", 
            "2024-10-14 17:20:59,435 [cuckoo.core.guest] INFO: Guest is running Cuckoo Agent 0.10 (id=win7x6424, ip=192.168.168.224)\n", 
            "2024-10-14 17:20:59,567 [cuckoo.core.guest] DEBUG: Uploading analyzer to guest (id=win7x6424, ip=192.168.168.224, monitor=latest, size=6660546)\n", 
            "2024-10-14 17:21:00,811 [cuckoo.core.resultserver] DEBUG: Task #5291083: live log analysis.log initialized.\n", 
            "2024-10-14 17:21:01,977 [cuckoo.core.resultserver] DEBUG: Task #5291083 is sending a BSON stream\n", 
            "2024-10-14 17:21:03,385 [cuckoo.core.resultserver] DEBUG: Task #5291083: File upload for 'shots/0001.jpg'\n", 
            "2024-10-14 17:21:03,395 [cuckoo.core.resultserver] DEBUG: Task #5291083 uploaded file length: 133491\n", 
            "2024-10-14 17:21:03,424 [cuckoo.core.guest] WARNING: win7x6424: analysis #5291083 caught an exception\n", 
            "Traceback (most recent call last):\n", 
            "  File \"C:/tmp4nivwu/analyzer.py\", line 824, in <module>\n", 
            "    success = analyzer.run()\n", 
            "  File \"C:/tmp4nivwu/analyzer.py\", line 673, in run\n", 
            "    pids = self.package.start(self.target)\n", 
            "  File \"C:\\tmp4nivwu\\modules\\packages\\exe.py\", line 34, in start\n", 
            "    return self.execute(path, args=shlex.split(args))\n", 
            "  File \"C:\\tmp4nivwu\\lib\\common\\abstracts.py\", line 205, in execute\n", 
            "    \"Unable to execute the initial process, analysis aborted.\"\n", 
            "CuckooPackageError: Unable to execute the initial process, analysis aborted.\n", 
            "\n", 
            "2024-10-14 17:21:03,435 [cuckoo.core.plugins] DEBUG: Stopped auxiliary module: Redsocks\n", 
            "2024-10-14 17:21:03,480 [cuckoo.core.plugins] DEBUG: Stopped auxiliary module: Sniffer\n", 
            "2024-10-14 17:21:05,180 [cuckoo.machinery.virtualbox] INFO: Successfully generated memory dump for virtual machine with label win7x6424 to path /srv/cuckoo/cwd/storage/analyses/5291083/memory.dmp\n", 
            "2024-10-14 17:21:05,183 [cuckoo.machinery.virtualbox] DEBUG: Stopping vm win7x6424\n", 
            "2024-10-14 17:23:54,621 [cuckoo.core.resultserver] DEBUG: Stopped tracking machine 192.168.168.224 for task #5291083\n", 
            "2024-10-14 17:23:54,622 [cuckoo.core.resultserver] DEBUG: Cancel <Context for LOG> for task 5291083\n", 
            "2024-10-14 17:23:54,884 [cuckoo.core.scheduler] DEBUG: Released database task #5291083\n", 
            "2024-10-14 17:24:05,053 [cuckoo.core.scheduler] INFO: Task #5291083: analysis procedure completed\n"
        ]
    }, 
    "misp": [
        {
            "info": "Cuckoo Sandbox analysis #4978426", 
            "level": "4", 
            "event_id": "2661992", 
            "iocs": [
                "5ab8ef93fdeaac9af258845ab52c24d31140c8fffc5fdcf465529c8e00c508ac", 
                "ac6b465a13370f87cf57929b7cfd1e45c3694585", 
                "e1554b931affb3cd2edc90bc58028078"
            ], 
            "url": "https://misp.cert.ee/events/view/2661992", 
            "date": "2024-06-02"
        }, 
        {
            "info": "Cuckoo Sandbox analysis #4569538", 
            "level": "4", 
            "event_id": "2448436", 
            "iocs": [
                "5ab8ef93fdeaac9af258845ab52c24d31140c8fffc5fdcf465529c8e00c508ac", 
                "ac6b465a13370f87cf57929b7cfd1e45c3694585", 
                "e1554b931affb3cd2edc90bc58028078"
            ], 
            "url": "https://misp.cert.ee/events/view/2448436", 
            "date": "2024-03-20"
        }
    ], 
    "strings": [
        "!This program cannot be run in DOS mode.", 
        "`.rdata", 
        "@.data", 
        "@.reloc", 
        "GetProcAddress", 
        "LoadLibraryA", 
        "KERNEL32.dll", 
        "_except_handler3", 
        "_local_unwind2", 
        "MSVCRT.dll", 
        "_initterm", 
        "malloc", 
        "_adjust_fdiv", 
        "dll.dll", 
        "X>8O&v", 
        "rl6F}2", 
        "{'t1A*", 
        "_X|WA^u", 
        "iW<\u001feh", 
        "/v{g):", 
        "/o7omt", 
        "hF^lIr", 
        "1#@cGEm=u", 
        "]g%olH", 
        "n^/HyX", 
        "eZmTiw", 
        "<'YZ=\"I ", 
        "WtNCbf", 
        "`^1wu]", 
        "N1`LU`", 
        "uLOjuZUZ", 
        "i\\yLw-", 
        "H$BAcK", 
        "/}c \u001fa{O", 
        "q`?m|i", 
        "-oG?\u001fom", 
        "M\\UZIt", 
        "$B!)>[", 
        ")PnCYZkr", 
        "%L:M7q(", 
        "FR'pU(", 
        "7DxO3!r", 
        "azBMCJ", 
        "X#=yDD", 
        "5dx&|4", 
        "#\"A2\"I4", 
        "rt2'P|", 
        "H:A?s>", 
        "~e.S<c", 
        "Ddh\\TL", 
        "R6E/M$", 
        "Ud)h\u001f\"", 
        "4V-E<U", 
        "y8`C5f", 
        "-UC0S3", 
        "r}AA|n8", 
        "4o5<fV+N", 
        "U` n:x", 
        "IJC`v<", 
        "1V91my", 
        "gY2o$BI", 
        " LNg)<", 
        "'PX.$e", 
        ")@k/:j", 
        "=si8h:", 
        "s}gqR?e", 
        "xdw1@&", 
        "T[\")m1", 
        "Y1a1g1l1q1|1", 
        "1$2=2H2O2^2g2v2", 
        "3*353d3m3~3", 
        "4\u001f4$4,41474<4C4H4N4U4Z4`4g4l4r4y4~4", 
        "5\u001f5%5+5B5H5S5Y5w5}5", 
        "6'646I6P6[6b6", 
        "6/7>7D7J7Q7V7k7p7", 
        "8#8)8/8B8H8N8|8", 
        "9K9X9a9g9", 
        ":#:=:O:Z:t:", 
        ";&;1;R;\\;r;x;", 
        "<\u001f<%<:<@<F<R<X<f<n<t<"
    ], 
    "intelmq": [
        {
            "classification_taxonomy": "malicious-code", 
            "classification_type": "infected-system", 
            "feed_provider": "CERT-EE", 
            "time_source": "2024-08-15T13:31:12.035714+00:00", 
            "feed_name": "Sandbox", 
            "ioc": "5ab8ef93fdeaac9af258845ab52c24d31140c8fffc5fdcf465529c8e00c508ac", 
            "id": "5xQ_VpEBJ8b3ASls4P19", 
            "index": "imq-2024-08", 
            "url": "https://kips.cert.ee/app/discover#/doc/imq/imq-2024-08/?id=5xQ_VpEBJ8b3ASls4P19", 
            "time_observation": "2024-08-15T13:31:12+00:00", 
            "feed_accuracy": 50
        }, 
        {
            "classification_taxonomy": "malicious-code", 
            "classification_type": "infected-system", 
            "feed_provider": "CERT-EE", 
            "time_source": "2024-08-15T09:30:30.092618+00:00", 
            "feed_name": "Sandbox", 
            "ioc": "5ab8ef93fdeaac9af258845ab52c24d31140c8fffc5fdcf465529c8e00c508ac", 
            "id": "xg99VZEBJ8b3ASlsVrI1", 
            "index": "imq-2024-08", 
            "url": "https://kips.cert.ee/app/discover#/doc/imq/imq-2024-08/?id=xg99VZEBJ8b3ASlsVrI1", 
            "time_observation": "2024-08-15T09:30:30+00:00", 
            "feed_accuracy": 50
        }, 
        {
            "classification_taxonomy": "malicious-code", 
            "classification_type": "infected-system", 
            "feed_provider": "CERT-EE", 
            "time_source": "2024-03-20T06:55:30.214077+00:00", 
            "feed_name": "Sandbox", 
            "ioc": "5ab8ef93fdeaac9af258845ab52c24d31140c8fffc5fdcf465529c8e00c508ac", 
            "id": "EzykWo4BJ8b3ASlswJUB", 
            "index": "imq-2024-03", 
            "url": "https://kips.cert.ee/app/discover#/doc/imq/imq-2024-03/?id=EzykWo4BJ8b3ASlswJUB", 
            "time_observation": "2024-03-20T06:55:30+00:00", 
            "feed_accuracy": 50
        }, 
        {
            "classification_taxonomy": "malicious-code", 
            "classification_type": "infected-system", 
            "feed_provider": "CERT-EE", 
            "time_source": "2024-03-20T06:55:30.213985+00:00", 
            "feed_name": "Sandbox", 
            "ioc": "5ab8ef93fdeaac9af258845ab52c24d31140c8fffc5fdcf465529c8e00c508ac", 
            "id": "EjykWo4BJ8b3ASlsv5X5", 
            "index": "imq-2024-03", 
            "url": "https://kips.cert.ee/app/discover#/doc/imq/imq-2024-03/?id=EjykWo4BJ8b3ASlsv5X5", 
            "time_observation": "2024-03-20T06:55:30+00:00", 
            "feed_accuracy": 50
        }, 
        {
            "classification_taxonomy": "malicious-code", 
            "classification_type": "infected-system", 
            "feed_provider": "CERT-EE", 
            "time_source": "2023-03-12T14:33:32.515761+00:00", 
            "feed_name": "CERT-EE own finding", 
            "ioc": "5ab8ef93fdeaac9af258845ab52c24d31140c8fffc5fdcf465529c8e00c508ac", 
            "id": "6d2r1oYBMVxc0rr3jUB5", 
            "index": "imq-2023-03", 
            "url": "https://kips.cert.ee/app/discover#/doc/imq/imq-2023-03/?id=6d2r1oYBMVxc0rr3jUB5", 
            "time_observation": "2023-03-12T16:33:32+00:00", 
            "feed_accuracy": 50
        }, 
        {
            "classification_taxonomy": "malicious-code", 
            "classification_type": "infected-system", 
            "feed_provider": "CERT-EE", 
            "time_source": "2023-03-12T14:33:32.515826+00:00", 
            "feed_name": "CERT-EE own finding", 
            "ioc": "5ab8ef93fdeaac9af258845ab52c24d31140c8fffc5fdcf465529c8e00c508ac", 
            "id": "6t2r1oYBMVxc0rr3jUCC", 
            "index": "imq-2023-03", 
            "url": "https://kips.cert.ee/app/discover#/doc/imq/imq-2023-03/?id=6t2r1oYBMVxc0rr3jUCC", 
            "time_observation": "2023-03-12T16:33:32+00:00", 
            "feed_accuracy": 50
        }, 
        {
            "classification_taxonomy": "malicious-code", 
            "classification_type": "infected-system", 
            "feed_provider": "CERT-EE", 
            "time_source": "2023-03-12T14:20:58.872056+00:00", 
            "feed_name": "CERT-EE own finding", 
            "ioc": "5ab8ef93fdeaac9af258845ab52c24d31140c8fffc5fdcf465529c8e00c508ac", 
            "id": "YN2g1oYBMVxc0rr3DRSY", 
            "index": "imq-2023-03", 
            "url": "https://kips.cert.ee/app/discover#/doc/imq/imq-2023-03/?id=YN2g1oYBMVxc0rr3DRSY", 
            "time_observation": "2023-03-12T16:20:58+00:00", 
            "feed_accuracy": 50
        }, 
        {
            "classification_taxonomy": "malicious-code", 
            "classification_type": "infected-system", 
            "feed_provider": "CERT-EE", 
            "time_source": "2023-03-12T14:20:58.871996+00:00", 
            "feed_name": "CERT-EE own finding", 
            "ioc": "5ab8ef93fdeaac9af258845ab52c24d31140c8fffc5fdcf465529c8e00c508ac", 
            "id": "X92g1oYBMVxc0rr3DRSQ", 
            "index": "imq-2023-03", 
            "url": "https://kips.cert.ee/app/discover#/doc/imq/imq-2023-03/?id=X92g1oYBMVxc0rr3DRSQ", 
            "time_observation": "2023-03-12T16:20:58+00:00", 
            "feed_accuracy": 50
        }, 
        {
            "classification_taxonomy": "malicious-code", 
            "classification_type": "infected-system", 
            "feed_provider": "CERT-EE", 
            "time_source": "2023-03-02T04:51:03.131658+00:00", 
            "feed_name": "CERT-EE own finding", 
            "ioc": "5ab8ef93fdeaac9af258845ab52c24d31140c8fffc5fdcf465529c8e00c508ac", 
            "id": "L3gWoYYBuLkhmg6HrI-B", 
            "index": "imq-2023-03", 
            "url": "https://kips.cert.ee/app/discover#/doc/imq/imq-2023-03/?id=L3gWoYYBuLkhmg6HrI-B", 
            "time_observation": "2023-03-02T06:51:03+00:00", 
            "feed_accuracy": 50
        }, 
        {
            "classification_taxonomy": "malicious-code", 
            "classification_type": "infected-system", 
            "feed_provider": "CERT-EE", 
            "time_source": "2023-03-02T04:51:03.131820+00:00", 
            "feed_name": "CERT-EE own finding", 
            "ioc": "5ab8ef93fdeaac9af258845ab52c24d31140c8fffc5fdcf465529c8e00c508ac", 
            "id": "MHgWoYYBuLkhmg6HrI-T", 
            "index": "imq-2023-03", 
            "url": "https://kips.cert.ee/app/discover#/doc/imq/imq-2023-03/?id=MHgWoYYBuLkhmg6HrI-T", 
            "time_observation": "2023-03-02T06:51:03+00:00", 
            "feed_accuracy": 50
        }
    ], 
    "metadata": {
        "output": {
            "pcap": {
                "basename": "dump.pcap", 
                "sha256": "82fa2c49a73a32e87c6c867fe1066111e9a5b5b46580b4a4878fc67c4c3cf9ee", 
                "dirname": ""
            }
        }
    }
}