{"started_on": {"$dt": "2024-10-14T17:08:14.089002"}, "duration": -1, "sample_id": 5139857, "owner": null, "id": 5291032, "category": "file", "priority": 2, "guest": {"status": "stopped", "name": "win7x6419", "label": "win7x6419", "manager": "VirtualBox", "started_on": "2024-10-14 17:08:24", "shutdown_on": "2024-10-14 17:14:13"}, "clock": {"$dt": "2024-10-14T13:58:16.240825"}, "custom": null, "machine": null, "platform": "windows", "memory": true, "status": "running", "tags": [], "processing": null, "enforce_timeout": false, "completed_on": null, "target": "/srv/cuckoo/cwd/storage/cuckoo-tmp/tmpZSRTA1/1b3ee0274ae0ac0b83dba7f95f00e2381a5d3596d136eb1fac842a07d8d25262", "package": "exe", "route": "internet", "timeout": 300, "submit_id": 5121420, "options": {"procmemdump": "yes", "route": "internet"}, "added_on": {"$dt": "2024-10-14T13:58:16.240858"}}