{"path": "shots/0001.jpg", "pids": [], "filepath": null}
{"path": "files/8b7427620d6537aa_8b7427620d6537aa905727af48f7dec1e003a8b7c74d417f0a5ded7926a7d590.exe", "pids": [], "filepath": "C:\\Users\\Administrator\\AppData\\Local\\Temp\\8b7427620d6537aa905727af48f7dec1e003a8b7c74d417f0a5ded7926a7d590.exe"}
{"path": "curtain/1728916078.81.curtain.log", "pids": [], "filepath": "C:\\curtain.log"}
{"path": "sysmon/1728916080.52.sysmon.xml", "pids": [], "filepath": "C:\\sysmon.xml"}
{"path": "files/624acac79fdcfe30_1.tmp.cmd", "pids": [2672], "filepath": "C:\\Users\\Administrator\\AppData\\Local\\Temp\\1.tmp.cmd"}
