{"started_on": {"$dt": "2024-10-14T17:20:14.938767"}, "duration": -1, "sample_id": 5139922, "owner": null, "id": 5291097, "category": "file", "priority": 2, "guest": {"status": "stopped", "name": "win7x6423", "label": "win7x6423", "manager": "VirtualBox", "started_on": "2024-10-14 17:20:16", "shutdown_on": "2024-10-14 17:29:37"}, "clock": {"$dt": "2024-10-14T14:02:12.530757"}, "custom": null, "machine": null, "platform": "windows", "memory": true, "status": "running", "tags": [], "processing": null, "enforce_timeout": false, "completed_on": null, "target": "/srv/cuckoo/cwd/storage/cuckoo-tmp/tmpGfaXvu/8b7427620d6537aa905727af48f7dec1e003a8b7c74d417f0a5ded7926a7d590", "package": "exe", "route": "internet", "timeout": 300, "submit_id": 5121426, "options": {"procmemdump": "yes", "route": "internet"}, "added_on": {"$dt": "2024-10-14T14:02:12.530804"}}