{"started_on": {"$dt": "2024-10-14T17:18:01.248920"}, "duration": -1, "sample_id": 5139905, "owner": null, "id": 5291080, "category": "file", "priority": 2, "guest": {"status": "stopped", "name": "win7x644", "label": "win7x644", "manager": "VirtualBox", "started_on": "2024-10-14 17:18:25", "shutdown_on": "2024-10-14 17:22:56"}, "clock": {"$dt": "2024-10-14T14:01:25.703218"}, "custom": null, "machine": null, "platform": "windows", "memory": true, "status": "running", "tags": [], "processing": null, "enforce_timeout": false, "completed_on": null, "target": "/srv/cuckoo/cwd/storage/cuckoo-tmp/tmpGK4m5j/03ed773bde6c6a1ac3b24bde6003322df8d41d3d1c85109b8669c430b58d2f69", "package": "exe", "route": "internet", "timeout": 300, "submit_id": 5121425, "options": {"procmemdump": "yes", "route": "internet"}, "added_on": {"$dt": "2024-10-14T14:01:25.703283"}}