{"started_on": {"$dt": "2024-10-14T17:20:54.081243"}, "duration": -1, "sample_id": 5139928, "owner": null, "id": 5291103, "category": "file", "priority": 2, "guest": {"status": "stopped", "name": "win7x6410", "label": "win7x6410", "manager": "VirtualBox", "started_on": "2024-10-14 17:22:27", "shutdown_on": "2024-10-14 17:27:06"}, "clock": {"$dt": "2024-10-14T14:02:12.830321"}, "custom": null, "machine": null, "platform": "windows", "memory": true, "status": "running", "tags": [], "processing": null, "enforce_timeout": false, "completed_on": null, "target": "/srv/cuckoo/cwd/storage/cuckoo-tmp/tmp1OpDfh/91b97f3b8ef8ebc8bbd06e06927e7b38090c026f8fca77e209e69c056b042cb7", "package": "exe", "route": "internet", "timeout": 300, "submit_id": 5121426, "options": {"procmemdump": "yes", "route": "internet"}, "added_on": {"$dt": "2024-10-14T14:02:12.830383"}}