{"started_on": {"$dt": "2024-10-14T17:07:56.576126"}, "duration": -1, "sample_id": 5139856, "owner": null, "id": 5291031, "category": "file", "priority": 2, "guest": {"status": "stopped", "name": "win7x6426", "label": "win7x6426", "manager": "VirtualBox", "started_on": "2024-10-14 17:08:36", "shutdown_on": "2024-10-14 17:14:16"}, "clock": {"$dt": "2024-10-14T13:58:16.214939"}, "custom": null, "machine": null, "platform": "windows", "memory": true, "status": "running", "tags": [], "processing": null, "enforce_timeout": false, "completed_on": null, "target": "/srv/cuckoo/cwd/storage/cuckoo-tmp/tmpNPfTUL/1a6a112fa17b49e57ce20abf787054d86f7ec0b52c7728c869db2ff287708e74", "package": "exe", "route": "internet", "timeout": 300, "submit_id": 5121420, "options": {"procmemdump": "yes", "route": "internet"}, "added_on": {"$dt": "2024-10-14T13:58:16.214990"}}