{"started_on": {"$dt": "2024-10-14T17:25:58.075769"}, "duration": -1, "sample_id": 5139959, "owner": null, "id": 5291134, "category": "file", "priority": 2, "guest": {"status": "stopped", "name": "win7x6426", "label": "win7x6426", "manager": "VirtualBox", "started_on": "2024-10-14 17:27:30", "shutdown_on": "2024-10-14 17:31:00"}, "clock": {"$dt": "2024-10-14T14:04:34.533904"}, "custom": null, "machine": null, "platform": "windows", "memory": true, "status": "running", "tags": [], "processing": null, "enforce_timeout": false, "completed_on": null, "target": "/srv/cuckoo/cwd/storage/cuckoo-tmp/tmpEVP0cN/43608e60883304c1ea389c7bad244b86ff5ecf169c3b5bca517a6e7125325c7b", "package": "exe", "route": "internet", "timeout": 300, "submit_id": 5121431, "options": {"procmemdump": "yes", "route": "internet"}, "added_on": {"$dt": "2024-10-14T14:04:34.533954"}}