{"category": "regkey_written", "args": ["HKEY_CURRENT_USER\\Software\\Microsoft\\Windows\\CurrentVersion\\Policies\\Explorer\\Run\\IEXPLORE.EXE", "REG_SZ", "C:\\Program Files\\Internet Exp1orer\\IEXPLORE.EXE"], "type": "reboot", "time": 14}
{"category": "regkey_written", "args": ["HKEY_LOCAL_MACHINE\\SOFTWARE\\Microsoft\\Windows\\CurrentVersion\\Policies\\Explorer\\Run\\IEXPLORE.EXE", "REG_SZ", "C:\\Program Files\\Internet Exp1orer\\IEXPLORE.EXE"], "type": "reboot", "time": 14}
{"category": "regkey_written", "args": ["HKEY_LOCAL_MACHINE\\SOFTWARE\\Wow6432Node\\Microsoft\\CurrentNetInf\\hostid", "REG_DWORD", 5774], "type": "reboot", "time": 14}
{"category": "regkey_written", "args": ["HKEY_LOCAL_MACHINE\\SOFTWARE\\Wow6432Node\\Microsoft\\CurrentNetInf\\pid", "REG_SZ", ":c6c1726::57g191ee5b8ed5bc12g7e386c2:ed3b3c651e6678gcfgb3geed81:/fyf\u0000\u0000\u0000\u0000\u0000\u0000\u0000\u0000\u0000\u0000\u0000\u0000\u0000\u0000\u0000\u0000\u0000\u0000\u0000\u0000\u0000\u0000\u0000\u0000\u0000\u0000\u0000\u0000\u0000\u0000\u0000\u0000\u0000\u0000\u0000\u0000\u0000\u0000\u0000\u00002\u0000\u0000\u0000l\u00fd\u0018\u0000\u00d4\u00fc\u0018\u0000 \u009b\u00f3r\u00fc\u00fc\u0018\u0000"], "type": "reboot", "time": 14}
{"category": "regkey_written", "args": ["HKEY_LOCAL_MACHINE\\SOFTWARE\\Wow6432Node\\Microsoft\\CurrentNetInf\\pid", "REG_SZ", "JFYQMPSF/fyf\u0000191ee5b8ed5bc12g7e386c2:ed3b3c651e6678gcfgb3geed81:/fyf\u0000\u0000\u0000\u0000\u0000\u0000\u0000\u0000\u0000\u0000\u0000\u0000\u0000\u0000\u0000\u0000\u0000\u0000\u0000\u0000\u0000\u0000\u0000\u0000\u0000\u0000\u0000\u0000\u0000\u0000\u0000\u0000\u0000\u0000\u0000\u0000\u0000\u0000\u0000\u00002\u0000\u0000\u0000l\u00fd\u0018\u0000\u00d4\u00fc\u0018\u0000 \u009b\u00f3r\u00fc\u00fc\u0018\u0000"], "type": "reboot", "time": 14}
{"category": "regkey_written", "args": ["HKEY_LOCAL_MACHINE\\SYSTEM\\ControlSet001\\Control\\Lsa\\forceguest", "REG_DWORD", 0], "type": "reboot", "time": 14}
