{"started_on": {"$dt": "2024-10-14T17:21:14.110890"}, "duration": -1, "sample_id": 5139935, "owner": null, "id": 5291110, "category": "file", "priority": 2, "guest": {"status": "stopped", "name": "win7x646", "label": "win7x646", "manager": "VirtualBox", "started_on": "2024-10-14 17:25:02", "shutdown_on": "2024-10-14 17:35:06"}, "clock": {"$dt": "2024-10-14T14:03:02.148293"}, "custom": null, "machine": null, "platform": "windows", "memory": true, "status": "running", "tags": [], "processing": null, "enforce_timeout": false, "completed_on": null, "target": "/srv/cuckoo/cwd/storage/cuckoo-tmp/tmpF6O57t/9b5b06159946f080dd4a7dc4ab01f6d275b19dc2a2b540d5567fbefa2fddc709", "package": "exe", "route": "internet", "timeout": 300, "submit_id": 5121428, "options": {"procmemdump": "yes", "route": "internet"}, "added_on": {"$dt": "2024-10-14T14:03:02.148368"}}