{"category": "create_process", "args": ["C:\\Users\\Administrator\\AppData\\Local\\Temp\\2b6288bbd81bb9d666c3a0372f26ede47c8c9ff11c604307982d51654fb9e850.exe", [], "explorer.exe"], "type": "reboot", "time": 14}
{"category": "regkey_written", "args": ["HKEY_CURRENT_USER\\Software\\Microsoft\\Windows\\CurrentVersion\\RunOnce\\2b6288bbd81bb9d666c3a0372f26ede47c8c9ff11c604307982d51654fb9e850.exe", "REG_SZ", "C:\\Users\\Administrator\\AppData\\Local\\Temp\\2b6288bbd81bb9d666c3a0372f26ede47c8c9ff11c604307982d51654fb9e850.exe"], "type": "reboot", "time": 14}
{"category": "regkey_deleted", "args": "HKEY_CURRENT_USER\\Software\\Microsoft\\Windows\\CurrentVersion\\Run\\DirectXchk.exe", "type": "reboot", "time": 14}
{"category": "regkey_deleted", "args": "HKEY_CURRENT_USER\\Software\\Microsoft\\Windows\\CurrentVersion\\Run\\DirectXupdate.exe", "type": "reboot", "time": 14}
{"category": "regkey_deleted", "args": "HKEY_CURRENT_USER\\Software\\Microsoft\\Windows\\CurrentVersion\\Run\\toolbar.exe", "type": "reboot", "time": 14}
