{"started_on": {"$dt": "2024-10-14T17:22:29.185142"}, "duration": -1, "sample_id": 5139945, "owner": null, "id": 5291120, "category": "file", "priority": 2, "guest": {"status": "stopped", "name": "win7x6417", "label": "win7x6417", "manager": "VirtualBox", "started_on": "2024-10-14 17:25:02", "shutdown_on": "2024-10-14 17:28:35"}, "clock": {"$dt": "2024-10-14T14:03:45.892233"}, "custom": null, "machine": null, "platform": "windows", "memory": true, "status": "running", "tags": [], "processing": null, "enforce_timeout": false, "completed_on": null, "target": "/srv/cuckoo/cwd/storage/cuckoo-tmp/tmpdR7R9F/2b6288bbd81bb9d666c3a0372f26ede47c8c9ff11c604307982d51654fb9e850", "package": "exe", "route": "internet", "timeout": 300, "submit_id": 5121430, "options": {"procmemdump": "yes", "route": "internet"}, "added_on": {"$dt": "2024-10-14T14:03:45.892273"}}