{"started_on": {"$dt": "2024-10-14T17:10:16.726634"}, "duration": -1, "sample_id": 5139873, "owner": null, "id": 5291048, "category": "file", "priority": 2, "guest": {"status": "stopped", "name": "win7x647", "label": "win7x647", "manager": "VirtualBox", "started_on": "2024-10-14 17:11:42", "shutdown_on": "2024-10-14 17:21:53"}, "clock": {"$dt": "2024-10-14T13:59:15.992047"}, "custom": null, "machine": null, "platform": "windows", "memory": true, "status": "running", "tags": [], "processing": null, "enforce_timeout": false, "completed_on": null, "target": "/srv/cuckoo/cwd/storage/cuckoo-tmp/tmpb8y4z5/3ef397c75107adbbe179cd889735f8934a580971981cd42b404dd00330bedb61", "package": "exe", "route": "internet", "timeout": 300, "submit_id": 5121421, "options": {"procmemdump": "yes", "route": "internet"}, "added_on": {"$dt": "2024-10-14T13:59:15.992094"}}