{"path": "shots/0001.jpg", "pids": [], "filepath": null}
{"path": "curtain/1728916088.62.curtain.log", "pids": [], "filepath": "C:\\curtain.log"}
{"path": "sysmon/1728916090.38.sysmon.xml", "pids": [], "filepath": "C:\\sysmon.xml"}
{"path": "files/443c07a2c83b7b02_ntuser{728f6f2d-5621-4906-771d-80ab4bd280c61103}.regist", "pids": [2780], "filepath": "C:\\Users\\Public\\Documents\\ntuser{728F6F2D-5621-4906-771D-80AB4BD280C61103}.regist"}
{"path": "files/ae170dee04c12ba0_urlcpl.exe", "pids": [2780], "filepath": "C:\\Users\\Administrator\\AppData\\Local\\urlcpl.exe"}
{"path": "files/e679711e868c8c23_ntuser{728f6f2d-5621-4906-771d-ffffffff70141501}.regist", "pids": [2780], "filepath": "C:\\Users\\Public\\Documents\\ntuser{728F6F2D-5621-4906-771D-FFFFFFFF70141501}.regist"}
{"path": "files/6efc6f45535f6936_mozilla firefox.lnk", "pids": [2780], "filepath": "C:\\Users\\Public\\Desktop\\Mozilla Firefox.lnk"}
{"path": "files/9117120786516c57_adobe reader 9.lnk", "pids": [2780], "filepath": "C:\\Users\\Public\\Desktop\\Adobe Reader 9.lnk"}
{"path": "files/4946c7e6e5f3a597_launch internet explorer browser.lnk", "pids": [2780], "filepath": "C:\\Users\\Administrator\\AppData\\Roaming\\Microsoft\\Internet Explorer\\Quick Launch\\Launch Internet Explorer Browser.lnk"}
{"path": "files/02d60428bf7baa17_sqlwin.exe", "pids": [2780], "filepath": "C:\\Windows\\SysWOW64\\sqlwin.exe"}
{"path": "files/f4c7c4f5db9c64d1_engusb.exe", "pids": [2780], "filepath": "C:\\Users\\Administrator\\AppData\\Local\\engusb.exe"}
