{"started_on": {"$dt": "2024-10-14T17:20:21.113988"}, "duration": -1, "sample_id": 5139923, "owner": null, "id": 5291098, "category": "file", "priority": 2, "guest": {"status": "stopped", "name": "win7x6414", "label": "win7x6414", "manager": "VirtualBox", "started_on": "2024-10-14 17:20:23", "shutdown_on": "2024-10-14 17:29:39"}, "clock": {"$dt": "2024-10-14T14:02:12.641824"}, "custom": null, "machine": null, "platform": "windows", "memory": true, "status": "running", "tags": [], "processing": null, "enforce_timeout": false, "completed_on": null, "target": "/srv/cuckoo/cwd/storage/cuckoo-tmp/tmp2TeFR_/008beba8635e24baa50beee2e98654f73c04476a06fdcb893655f0a8201932d2", "package": "exe", "route": "internet", "timeout": 300, "submit_id": 5121426, "options": {"procmemdump": "yes", "route": "internet"}, "added_on": {"$dt": "2024-10-14T14:02:12.641900"}}