{"started_on": {"$dt": "2024-10-14T17:18:55.558896"}, "duration": -1, "sample_id": 5139909, "owner": null, "id": 5291084, "category": "file", "priority": 2, "guest": {"status": "stopped", "name": "win7x6430", "label": "win7x6430", "manager": "VirtualBox", "started_on": "2024-10-14 17:18:57", "shutdown_on": "2024-10-14 17:24:12"}, "clock": {"$dt": "2024-10-14T14:01:25.976613"}, "custom": null, "machine": null, "platform": "windows", "memory": true, "status": "running", "tags": [], "processing": null, "enforce_timeout": false, "completed_on": null, "target": "/srv/cuckoo/cwd/storage/cuckoo-tmp/tmpr6cMly/5f6b2a0d1d966fc4f1ed292b46240767f4acb06c13512b0061b434ae2a692fa1", "package": "exe", "route": "internet", "timeout": 300, "submit_id": 5121425, "options": {"procmemdump": "yes", "route": "internet"}, "added_on": {"$dt": "2024-10-14T14:01:25.976663"}}