{"category": "create_process", "args": ["C:\\Users\\Administrator\\AppData\\Local\\Temp\\0fbb47373b8bbefdfd9377dc26b6418d2738e6f688562885f4d2a1a049e4948e.exe", [], "explorer.exe"], "type": "reboot", "time": 14}
{"category": "regkey_written", "args": ["HKEY_CURRENT_USER\\Software\\Microsoft\\Windows\\CurrentVersion\\Internet Settings\\Wpad\\0a-00-27-00-00-00\\WpadDecision", "REG_DWORD", 0], "type": "reboot", "time": 14}
{"category": "regkey_written", "args": ["HKEY_CURRENT_USER\\Software\\Microsoft\\Windows\\CurrentVersion\\Internet Settings\\Wpad\\0a-00-27-00-00-00\\WpadDecision", "REG_DWORD", 0], "type": "reboot", "time": 14}
{"category": "regkey_written", "args": ["HKEY_CURRENT_USER\\Software\\Microsoft\\Windows\\CurrentVersion\\Internet Settings\\Wpad\\0a-00-27-00-00-00\\WpadDecisionReason", "REG_DWORD", 1], "type": "reboot", "time": 14}
{"category": "regkey_written", "args": ["HKEY_CURRENT_USER\\Software\\Microsoft\\Windows\\CurrentVersion\\Internet Settings\\Wpad\\0a-00-27-00-00-00\\WpadDecisionReason", "REG_DWORD", 1], "type": "reboot", "time": 14}
{"category": "regkey_written", "args": ["HKEY_CURRENT_USER\\Software\\Microsoft\\Windows\\CurrentVersion\\Internet Settings\\Wpad\\0a-00-27-00-00-00\\WpadDecisionTime", "REG_BINARY", "\u00d8o_c\u0081\u001e\u00db\u0001"], "type": "reboot", "time": 14}
{"category": "regkey_written", "args": ["HKEY_CURRENT_USER\\Software\\Microsoft\\Windows\\CurrentVersion\\Internet Settings\\Wpad\\0a-00-27-00-00-00\\WpadDecisionTime", "REG_BINARY", "\u00d8o_c\u0081\u001e\u00db\u0001"], "type": "reboot", "time": 14}
{"category": "regkey_written", "args": ["HKEY_CURRENT_USER\\Software\\Microsoft\\Windows\\CurrentVersion\\Internet Settings\\Wpad\\{092F0E6C-7874-4263-8D41-969F2B667EA2}\\WpadDecision", "REG_DWORD", 0], "type": "reboot", "time": 14}
{"category": "regkey_written", "args": ["HKEY_CURRENT_USER\\Software\\Microsoft\\Windows\\CurrentVersion\\Internet Settings\\Wpad\\{092F0E6C-7874-4263-8D41-969F2B667EA2}\\WpadDecisionReason", "REG_DWORD", 1], "type": "reboot", "time": 14}
{"category": "regkey_written", "args": ["HKEY_CURRENT_USER\\Software\\Microsoft\\Windows\\CurrentVersion\\Internet Settings\\Wpad\\{092F0E6C-7874-4263-8D41-969F2B667EA2}\\WpadDecisionTime", "REG_BINARY", "\u00d8o_c\u0081\u001e\u00db\u0001"], "type": "reboot", "time": 14}
{"category": "regkey_written", "args": ["HKEY_CURRENT_USER\\Software\\Microsoft\\Windows\\CurrentVersion\\Internet Settings\\Wpad\\{092F0E6C-7874-4263-8D41-969F2B667EA2}\\WpadNetworkName", "REG_SZ", "Network"], "type": "reboot", "time": 14}
{"category": "regkey_written", "args": ["HKEY_CURRENT_USER\\Software\\Microsoft\\Windows\\CurrentVersion\\Run\\Update", "REG_SZ", "C:\\Users\\Administrator\\AppData\\Local\\Temp\\0fbb47373b8bbefdfd9377dc26b6418d2738e6f688562885f4d2a1a049e4948e.exe"], "type": "reboot", "time": 14}
{"category": "regkey_deleted", "args": "HKEY_CURRENT_USER\\Software\\Microsoft\\Windows\\CurrentVersion\\Internet Settings\\Wpad\\0a-00-27-00-00-00\\WpadDetectedUrl", "type": "reboot", "time": 14}
{"category": "regkey_deleted", "args": "HKEY_CURRENT_USER\\Software\\Microsoft\\Windows\\CurrentVersion\\Internet Settings\\Wpad\\0a-00-27-00-00-00\\WpadDetectedUrl", "type": "reboot", "time": 14}
{"category": "regkey_deleted", "args": "HKEY_CURRENT_USER\\Software\\Microsoft\\Windows\\CurrentVersion\\Internet Settings\\Wpad\\{092F0E6C-7874-4263-8D41-969F2B667EA2}\\WpadDetectedUrl", "type": "reboot", "time": 14}
