{"started_on": {"$dt": "2024-10-14T17:07:42.849607"}, "duration": -1, "sample_id": 5139855, "owner": null, "id": 5291030, "category": "file", "priority": 2, "guest": {"status": "stopped", "name": "win7x6416", "label": "win7x6416", "manager": "VirtualBox", "started_on": "2024-10-14 17:08:34", "shutdown_on": "2024-10-14 17:18:06"}, "clock": {"$dt": "2024-10-14T13:58:16.150728"}, "custom": null, "machine": null, "platform": "windows", "memory": true, "status": "running", "tags": [], "processing": null, "enforce_timeout": false, "completed_on": null, "target": "/srv/cuckoo/cwd/storage/cuckoo-tmp/tmp7I3PNk/0fbb47373b8bbefdfd9377dc26b6418d2738e6f688562885f4d2a1a049e4948e", "package": "exe", "route": "internet", "timeout": 300, "submit_id": 5121420, "options": {"procmemdump": "yes", "route": "internet"}, "added_on": {"$dt": "2024-10-14T13:58:16.150771"}}