{"started_on": {"$dt": "2024-10-14T17:28:31.242063"}, "duration": -1, "sample_id": 5139969, "owner": null, "id": 5291144, "category": "file", "priority": 2, "guest": {"status": "stopped", "name": "win7x6419", "label": "win7x6419", "manager": "VirtualBox", "started_on": "2024-10-14 17:29:29", "shutdown_on": "2024-10-14 17:34:25"}, "clock": {"$dt": "2024-10-14T14:05:30.025511"}, "custom": null, "machine": null, "platform": "windows", "memory": true, "status": "running", "tags": [], "processing": null, "enforce_timeout": false, "completed_on": null, "target": "/srv/cuckoo/cwd/storage/cuckoo-tmp/tmpOWJwqA/3fb77b4fa1705c3d3a80b563b5570375d860010bf1ffc8658d8d04826e7294ba", "package": "exe", "route": "internet", "timeout": 300, "submit_id": 5121432, "options": {"procmemdump": "yes", "route": "internet"}, "added_on": {"$dt": "2024-10-14T14:05:30.025583"}}