{"started_on": {"$dt": "2024-10-14T17:29:48.135323"}, "duration": -1, "sample_id": 5139976, "owner": null, "id": 5291151, "category": "file", "priority": 2, "guest": {"status": "stopped", "name": "win7x6422", "label": "win7x6422", "manager": "VirtualBox", "started_on": "2024-10-14 17:29:53", "shutdown_on": "2024-10-14 17:35:09"}, "clock": {"$dt": "2024-10-14T14:05:30.481890"}, "custom": null, "machine": null, "platform": "windows", "memory": true, "status": "running", "tags": [], "processing": null, "enforce_timeout": false, "completed_on": null, "target": "/srv/cuckoo/cwd/storage/cuckoo-tmp/tmpAsHQYW/83f21e59380781e07a6fb28fc99ad8d96904e7743ddf1bb90b7b9d4202f021c9", "package": "exe", "route": "internet", "timeout": 300, "submit_id": 5121432, "options": {"procmemdump": "yes", "route": "internet"}, "added_on": {"$dt": "2024-10-14T14:05:30.481926"}}