{"started_on": {"$dt": "2024-10-14T17:29:01.353798"}, "duration": -1, "sample_id": 5139973, "owner": null, "id": 5291148, "category": "file", "priority": 2, "guest": {"status": "stopped", "name": "win7x641", "label": "win7x641", "manager": "VirtualBox", "started_on": "2024-10-14 17:29:24", "shutdown_on": "2024-10-14 17:34:08"}, "clock": {"$dt": "2024-10-14T14:05:30.363174"}, "custom": null, "machine": null, "platform": "windows", "memory": true, "status": "running", "tags": [], "processing": null, "enforce_timeout": false, "completed_on": null, "target": "/srv/cuckoo/cwd/storage/cuckoo-tmp/tmpILZh05/07d57be320708e478b4b6075928302e1bf7c15856de36adaa0c02be36282e453", "package": "exe", "route": "internet", "timeout": 300, "submit_id": 5121432, "options": {"procmemdump": "yes", "route": "internet"}, "added_on": {"$dt": "2024-10-14T14:05:30.363224"}}