{"category": "regkey_written", "args": ["HKEY_LOCAL_MACHINE\\SOFTWARE\\Classes\\My20130401.Document\\(Default)", "REG_SZ", "My2013 Document"], "type": "reboot", "time": 14}
{"category": "regkey_written", "args": ["HKEY_LOCAL_MACHINE\\SOFTWARE\\Classes\\My20130401.Document\\(Default)", "REG_SZ", "My2013 Document"], "type": "reboot", "time": 14}
{"category": "regkey_written", "args": ["HKEY_LOCAL_MACHINE\\SOFTWARE\\Classes\\My20130401.Document\\DefaultIcon\\(Default)", "REG_SZ", "C:\\Users\\ADMINI~1\\AppData\\Local\\Temp\\01F8B2~1.EXE,1"], "type": "reboot", "time": 14}
{"category": "regkey_written", "args": ["HKEY_LOCAL_MACHINE\\SOFTWARE\\Classes\\My20130401.Document\\DefaultIcon\\(Default)", "REG_SZ", "C:\\Users\\ADMINI~1\\AppData\\Local\\Temp\\01F8B2~1.EXE,1"], "type": "reboot", "time": 14}
{"category": "regkey_written", "args": ["HKEY_LOCAL_MACHINE\\SOFTWARE\\Classes\\My20130401.Document\\shell\\open\\command\\(Default)", "REG_SZ", "C:\\Users\\ADMINI~1\\AppData\\Local\\Temp\\01F8B2~1.EXE /dde"], "type": "reboot", "time": 14}
{"category": "regkey_written", "args": ["HKEY_LOCAL_MACHINE\\SOFTWARE\\Classes\\My20130401.Document\\shell\\open\\command\\(Default)", "REG_SZ", "C:\\Users\\ADMINI~1\\AppData\\Local\\Temp\\01F8B2~1.EXE /dde"], "type": "reboot", "time": 14}
{"category": "regkey_written", "args": ["HKEY_LOCAL_MACHINE\\SOFTWARE\\Classes\\My20130401.Document\\shell\\open\\ddeexec\\(Default)", "REG_SZ", "[open(\"%1\")]"], "type": "reboot", "time": 14}
{"category": "regkey_written", "args": ["HKEY_LOCAL_MACHINE\\SOFTWARE\\Classes\\My20130401.Document\\shell\\open\\ddeexec\\(Default)", "REG_SZ", "[open(\"%1\")]"], "type": "reboot", "time": 14}
{"category": "regkey_written", "args": ["HKEY_LOCAL_MACHINE\\SOFTWARE\\Classes\\My20130401.Document\\shell\\print\\command\\(Default)", "REG_SZ", "C:\\Users\\ADMINI~1\\AppData\\Local\\Temp\\01F8B2~1.EXE /dde"], "type": "reboot", "time": 14}
{"category": "regkey_written", "args": ["HKEY_LOCAL_MACHINE\\SOFTWARE\\Classes\\My20130401.Document\\shell\\print\\command\\(Default)", "REG_SZ", "C:\\Users\\ADMINI~1\\AppData\\Local\\Temp\\01F8B2~1.EXE /dde"], "type": "reboot", "time": 14}
{"category": "regkey_written", "args": ["HKEY_LOCAL_MACHINE\\SOFTWARE\\Classes\\My20130401.Document\\shell\\print\\ddeexec\\(Default)", "REG_SZ", "[print(\"%1\")]"], "type": "reboot", "time": 14}
{"category": "regkey_written", "args": ["HKEY_LOCAL_MACHINE\\SOFTWARE\\Classes\\My20130401.Document\\shell\\print\\ddeexec\\(Default)", "REG_SZ", "[print(\"%1\")]"], "type": "reboot", "time": 14}
{"category": "regkey_written", "args": ["HKEY_LOCAL_MACHINE\\SOFTWARE\\Classes\\My20130401.Document\\shell\\printto\\command\\(Default)", "REG_SZ", "C:\\Users\\ADMINI~1\\AppData\\Local\\Temp\\01F8B2~1.EXE /dde"], "type": "reboot", "time": 14}
{"category": "regkey_written", "args": ["HKEY_LOCAL_MACHINE\\SOFTWARE\\Classes\\My20130401.Document\\shell\\printto\\command\\(Default)", "REG_SZ", "C:\\Users\\ADMINI~1\\AppData\\Local\\Temp\\01F8B2~1.EXE /dde"], "type": "reboot", "time": 14}
{"category": "regkey_written", "args": ["HKEY_LOCAL_MACHINE\\SOFTWARE\\Classes\\My20130401.Document\\shell\\printto\\ddeexec\\(Default)", "REG_SZ", "[printto(\"%1\",\"%2\",\"%3\",\"%4\")]"], "type": "reboot", "time": 14}
{"category": "regkey_written", "args": ["HKEY_LOCAL_MACHINE\\SOFTWARE\\Classes\\My20130401.Document\\shell\\printto\\ddeexec\\(Default)", "REG_SZ", "[printto(\"%1\",\"%2\",\"%3\",\"%4\")]"], "type": "reboot", "time": 14}
{"category": "regkey_written", "args": ["HKEY_LOCAL_MACHINE\\SOFTWARE\\Wow6432Node\\Microsoft\\Active Setup\\Installed Components\\{BD7F83B9-6139-7672-DF0A-35009C2FA3FD}\\StubPath", "REG_SZ", "C:\\Windows:mswinchite.exe\u0000\u0000\u0000\u0000\u0000\u0000\u0000\u0000\u0000\u0000\u0000\u0000\u0000\u0000\u0000\u0000\u0000\u0000\u0000\u0000\u0000\u0000\u0000\u0000\u0000\u0000\u0000\u0000\u0000\u0000\u0000\u0000\u0000\u0000\u0000\u0000\u0000\u0000\u0000\u0000\u0000\u0000\u0000\u0000\u0000\u0000\u0000\u0000\u0000\u0000\u0000\u0000\u0000\u0000\u0000\u0000\u0000\u0000\u0000\u0000\u0000\u0000\u0000\u0000\u0000\u0000\u0000\u0000\u0000\u0000\u0000\u0000\u0000\u0000\u0000\u0000\u0000\u0000\u0000\u0000\u0000\u0000\u0000\u0000\u0000\u0000\u0000\u0000\u0000\u0000\u0000\u0000\u0000\u0000\u0000\u0000\u0000\u0000\u0000\u0000\u0000\u0000\u0000\u0000\u0000\u0000\u0000\u0000\u0000\u0000\u0000\u0000\u0000\u0000\u0000\u0000\u0000\u0000\u0000\u0000\u0000\u0000\u0000\u0000\u0000\u0000\u0000\u0000\u0000\u0000\u0000\u0000\u0000\u0000\u0000\u0000\u0000\u0000\u0000\u0000\u0000\u0000\u0000\u0000\u0000\u0000\u0000\u0000\u0000\u0000\u0000\u0000\u0000\u0000\u0000\u0000\u0000\u0000\u0000\u0000\u0000\u0000\u0000\u0000\u0000\u0000\u0000\u0000\u0000\u0000\u0000\u0000\u0000\u0000\u0000\u0000\u0000\u0000\u0000\u0000\u0000\u0000\u0000\u0000\u0000\u0000\u0000\u0000\u0000\u0000\u0000\u0000\u0000\u0000\u0000\u0000\u0000\u0000\u0000\u0000\u0000\u0000\u0000\u0000\u0000\u0000\u0000\u0000\u0000\u0000\u0000\u0000\u0000\u0000\u0000\u0000\u0000\u0000\u0000\u0000\u0000\u0000\u0000\u0000\u0000\u0000\u0000\u0000\u0000\u0000"], "type": "reboot", "time": 14}
{"category": "regkey_deleted", "args": "HKEY_CURRENT_USER\\Software\\Microsoft\\Active Setup\\Installed Components\\{BD7F83B9-6139-7672-DF0A-35009C2FA3FD}", "type": "reboot", "time": 14}
{"category": "regkey_deleted", "args": "HKEY_CURRENT_USER\\Software\\Microsoft\\Active Setup\\Installed Components\\{BD7F83B9-6139-7672-DF0A-35009C2FA3FD}", "type": "reboot", "time": 14}
{"category": "regkey_deleted", "args": "HKEY_CURRENT_USER\\Software\\Microsoft\\Active Setup\\Installed Components\\{BD7F83B9-6139-7672-DF0A-35009C2FA3FD}", "type": "reboot", "time": 14}
