{"started_on": {"$dt": "2024-10-14T17:09:49.152262"}, "duration": -1, "sample_id": 5139869, "owner": null, "id": 5291044, "category": "file", "priority": 2, "guest": {"status": "stopped", "name": "win7x641", "label": "win7x641", "manager": "VirtualBox", "started_on": "2024-10-14 17:09:51", "shutdown_on": "2024-10-14 17:20:37"}, "clock": {"$dt": "2024-10-14T13:59:15.754205"}, "custom": null, "machine": null, "platform": "windows", "memory": true, "status": "running", "tags": [], "processing": null, "enforce_timeout": false, "completed_on": null, "target": "/srv/cuckoo/cwd/storage/cuckoo-tmp/tmpLRHerP/01f8b2524a0322e2e32b9725155685e20bac5c111d2d253d1a60639faf616b2f", "package": "exe", "route": "internet", "timeout": 300, "submit_id": 5121421, "options": {"procmemdump": "yes", "route": "internet"}, "added_on": {"$dt": "2024-10-14T13:59:15.754251"}}