{
    "info": {
        "added": 1728914532.331478, 
        "started": 1728926393.281004, 
        "duration": 308, 
        "ended": 1728926701.476501, 
        "owner": null, 
        "score": 10, 
        "id": 5291094, 
        "category": "file", 
        "git": {
            "head": "", 
            "fetch_head": ""
        }, 
        "monitor": null, 
        "package": "exe", 
        "route": "internet", 
        "custom": null, 
        "machine": {
            "status": "stopped", 
            "name": "win7x646", 
            "label": "win7x646", 
            "platform": "windows", 
            "manager": "VirtualBox", 
            "started_on": "2024-10-14 17:19:54", 
            "shutdown_on": "2024-10-14 17:24:59"
        }, 
        "platform": "windows", 
        "version": "2.0.7", 
        "options": "procmemdump=yes,route=internet"
    }, 
    "signatures": [
        {
            "families": [], 
            "description": "The binary likely contains encrypted or compressed data indicative of a packer", 
            "severity": 2, 
            "ttp": {
                "T1045": {
                    "short": "Software Packing", 
                    "long": "Software packing is a method of compressing or encrypting an executable. Packing an executable changes the file signature in an attempt to avoid signature-based detection. Most decompression techniques decompress the executable code in memory."
                }
            }, 
            "markcount": 2, 
            "references": [
                "http://www.forensickb.com/2013/03/file-entropy-explained.html", 
                "http://virii.es/U/Using%20Entropy%20Analysis%20to%20Find%20Encrypted%20and%20Packed%20Malware.pdf"
            ], 
            "marks": [
                {
                    "entropy": 7.625066695832037, 
                    "section": {
                        "size_of_data": "0x00004000", 
                        "virtual_address": "0x00004000", 
                        "entropy": 7.625066695832037, 
                        "name": ".data", 
                        "virtual_size": "0x00003ff8"
                    }, 
                    "type": "generic", 
                    "description": "A section with a high entropy has been found"
                }, 
                {
                    "entropy": 0.8648648648648649, 
                    "type": "generic", 
                    "description": "Overall entropy of this PE file is high"
                }
            ], 
            "name": "packer_entropy"
        }, 
        {
            "families": [], 
            "description": "File has been identified by 13 AntiVirus engine on IRMA as malicious", 
            "severity": 60, 
            "ttp": {}, 
            "markcount": 13, 
            "references": [], 
            "marks": [
                {
                    "category": "G Data Antivirus (Windows)", 
                    "ioc": "Virus: Gen:Variant.Cerbu.97260 (Engine A)", 
                    "type": "ioc", 
                    "description": null
                }, 
                {
                    "category": "Avast Core Security (Linux)", 
                    "ioc": "Win32:TrojanX-gen [Trj]", 
                    "type": "ioc", 
                    "description": null
                }, 
                {
                    "category": "C4S ClamAV (Linux)", 
                    "ioc": "Win.Packed.Zusy-9978773-0", 
                    "type": "ioc", 
                    "description": null
                }, 
                {
                    "category": "F-Secure Antivirus (Linux)", 
                    "ioc": "Backdoor:W32/MiniDuke.G [FSE]", 
                    "type": "ioc", 
                    "description": null
                }, 
                {
                    "category": "Windows Defender (Windows)", 
                    "ioc": "Backdoor:Win32/Miniduke!pz", 
                    "type": "ioc", 
                    "description": null
                }, 
                {
                    "category": "Microsoft Defender ATP (Linux)", 
                    "ioc": "Trojan:Win32/Foosace!dha", 
                    "type": "ioc", 
                    "description": null
                }, 
                {
                    "category": "Sophos Anti-Virus (Linux)", 
                    "ioc": "Mal/Generic-S", 
                    "type": "ioc", 
                    "description": null
                }, 
                {
                    "category": "ESET Security (Windows)", 
                    "ioc": "a variant of Win32/Kryptik.AWW trojan", 
                    "type": "ioc", 
                    "description": null
                }, 
                {
                    "category": "McAfee CLI scanner (Linux)", 
                    "ioc": "Trojan-FHFI", 
                    "type": "ioc", 
                    "description": null
                }, 
                {
                    "category": "DrWeb Antivirus (Linux)", 
                    "ioc": "Trojan.MulDrop5.54352", 
                    "type": "ioc", 
                    "description": null
                }, 
                {
                    "category": "ClamAV (Linux)", 
                    "ioc": "Win.Packed.Zusy-9978773-0", 
                    "type": "ioc", 
                    "description": null
                }, 
                {
                    "category": "Bitdefender Antivirus (Linux)", 
                    "ioc": "Gen:Variant.Cerbu.97260", 
                    "type": "ioc", 
                    "description": null
                }, 
                {
                    "category": "Kaspersky Standard (Windows)", 
                    "ioc": "HEUR:Trojan-PSW.Win32.MiniDuke.gen", 
                    "type": "ioc", 
                    "description": null
                }
            ], 
            "name": "antivirus_irma"
        }, 
        {
            "families": [], 
            "description": "File has been identified by 63 AntiVirus engines on VirusTotal as malicious", 
            "severity": 60, 
            "ttp": {}, 
            "markcount": 63, 
            "references": [], 
            "marks": [
                {
                    "category": "Bkav", 
                    "ioc": "W32.AIDetectMalware", 
                    "type": "ioc", 
                    "description": null
                }, 
                {
                    "category": "Lionic", 
                    "ioc": "Trojan.Win32.MiniDuke.i!c", 
                    "type": "ioc", 
                    "description": null
                }, 
                {
                    "category": "Cynet", 
                    "ioc": "Malicious (score: 100)", 
                    "type": "ioc", 
                    "description": null
                }, 
                {
                    "category": "CAT-QuickHeal", 
                    "ioc": "TrojanAPT.MiniDuke.A4", 
                    "type": "ioc", 
                    "description": null
                }, 
                {
                    "category": "Skyhigh", 
                    "ioc": "BehavesLike.Win32.Packed.lc", 
                    "type": "ioc", 
                    "description": null
                }, 
                {
                    "category": "ALYac", 
                    "ioc": "Gen:Variant.Cerbu.97260", 
                    "type": "ioc", 
                    "description": null
                }, 
                {
                    "category": "Cylance", 
                    "ioc": "Unsafe", 
                    "type": "ioc", 
                    "description": null
                }, 
                {
                    "category": "VIPRE", 
                    "ioc": "Gen:Variant.Cerbu.97260", 
                    "type": "ioc", 
                    "description": null
                }, 
                {
                    "category": "Sangfor", 
                    "ioc": "Backdoor.Win32.Miniduke.Vyc8", 
                    "type": "ioc", 
                    "description": null
                }, 
                {
                    "category": "CrowdStrike", 
                    "ioc": "win/malicious_confidence_100% (W)", 
                    "type": "ioc", 
                    "description": null
                }, 
                {
                    "category": "BitDefender", 
                    "ioc": "Gen:Variant.Cerbu.97260", 
                    "type": "ioc", 
                    "description": null
                }, 
                {
                    "category": "K7GW", 
                    "ioc": "Trojan ( 004bf1a71 )", 
                    "type": "ioc", 
                    "description": null
                }, 
                {
                    "category": "K7AntiVirus", 
                    "ioc": "Trojan ( 004bf1a71 )", 
                    "type": "ioc", 
                    "description": null
                }, 
                {
                    "category": "Arcabit", 
                    "ioc": "Trojan.Cerbu.D17BEC", 
                    "type": "ioc", 
                    "description": null
                }, 
                {
                    "category": "VirIT", 
                    "ioc": "Backdoor.Win32.Miniduke.J", 
                    "type": "ioc", 
                    "description": null
                }, 
                {
                    "category": "Symantec", 
                    "ioc": "ML.Attribute.HighConfidence", 
                    "type": "ioc", 
                    "description": null
                }, 
                {
                    "category": "Elastic", 
                    "ioc": "malicious (high confidence)", 
                    "type": "ioc", 
                    "description": null
                }, 
                {
                    "category": "ESET-NOD32", 
                    "ioc": "a variant of Win32/Kryptik.AWW", 
                    "type": "ioc", 
                    "description": null
                }, 
                {
                    "category": "APEX", 
                    "ioc": "Malicious", 
                    "type": "ioc", 
                    "description": null
                }, 
                {
                    "category": "Avast", 
                    "ioc": "Win32:TrojanX-gen [Trj]", 
                    "type": "ioc", 
                    "description": null
                }, 
                {
                    "category": "ClamAV", 
                    "ioc": "Win.Packed.Zusy-9978773-0", 
                    "type": "ioc", 
                    "description": null
                }, 
                {
                    "category": "Kaspersky", 
                    "ioc": "HEUR:Trojan-PSW.Win32.MiniDuke.gen", 
                    "type": "ioc", 
                    "description": null
                }, 
                {
                    "category": "Alibaba", 
                    "ioc": "Backdoor:Win32/Miniduke.2c0507bf", 
                    "type": "ioc", 
                    "description": null
                }, 
                {
                    "category": "NANO-Antivirus", 
                    "ioc": "Virus.Win32.Gen-Crypt.ccnc", 
                    "type": "ioc", 
                    "description": null
                }, 
                {
                    "category": "MicroWorld-eScan", 
                    "ioc": "Gen:Variant.Cerbu.97260", 
                    "type": "ioc", 
                    "description": null
                }, 
                {
                    "category": "Rising", 
                    "ioc": "Backdoor.Miniduke!8.4821 (TFE:1:daS8F5XYZ8K)", 
                    "type": "ioc", 
                    "description": null
                }, 
                {
                    "category": "Emsisoft", 
                    "ioc": "Gen:Variant.Cerbu.97260 (B)", 
                    "type": "ioc", 
                    "description": null
                }, 
                {
                    "category": "F-Secure", 
                    "ioc": "Backdoor:W32/MiniDuke.G", 
                    "type": "ioc", 
                    "description": null
                }, 
                {
                    "category": "DrWeb", 
                    "ioc": "Trojan.MulDrop5.54352", 
                    "type": "ioc", 
                    "description": null
                }, 
                {
                    "category": "Zillya", 
                    "ioc": "Trojan.Kryptik.Win32.794289", 
                    "type": "ioc", 
                    "description": null
                }, 
                {
                    "category": "TrendMicro", 
                    "ioc": "TSPY_MINIDUKE.A", 
                    "type": "ioc", 
                    "description": null
                }, 
                {
                    "category": "McAfeeD", 
                    "ioc": "ti!2F9834F7B7FE", 
                    "type": "ioc", 
                    "description": null
                }, 
                {
                    "category": "Trapmine", 
                    "ioc": "suspicious.low.ml.score", 
                    "type": "ioc", 
                    "description": null
                }, 
                {
                    "category": "CTX", 
                    "ioc": "dll.unknown.cerbu", 
                    "type": "ioc", 
                    "description": null
                }, 
                {
                    "category": "Sophos", 
                    "ioc": "Mal/Generic-S", 
                    "type": "ioc", 
                    "description": null
                }, 
                {
                    "category": "SentinelOne", 
                    "ioc": "Static AI - Suspicious PE", 
                    "type": "ioc", 
                    "description": null
                }, 
                {
                    "category": "FireEye", 
                    "ioc": "Generic.mg.612fba96383a5098", 
                    "type": "ioc", 
                    "description": null
                }, 
                {
                    "category": "Jiangmin", 
                    "ioc": "TrojanDropper.Dorifel.jiw", 
                    "type": "ioc", 
                    "description": null
                }, 
                {
                    "category": "Webroot", 
                    "ioc": "W32.Malware.Gen", 
                    "type": "ioc", 
                    "description": null
                }, 
                {
                    "category": "Google", 
                    "ioc": "Detected", 
                    "type": "ioc", 
                    "description": null
                }, 
                {
                    "category": "Avira", 
                    "ioc": "TR/Crypt.XPACK.Gen", 
                    "type": "ioc", 
                    "description": null
                }, 
                {
                    "category": "Antiy-AVL", 
                    "ioc": "Trojan[APT]/Win32.Darkuniverse", 
                    "type": "ioc", 
                    "description": null
                }, 
                {
                    "category": "Kingsoft", 
                    "ioc": "malware.kb.a.1000", 
                    "type": "ioc", 
                    "description": null
                }, 
                {
                    "category": "Microsoft", 
                    "ioc": "Backdoor:Win32/Miniduke!pz", 
                    "type": "ioc", 
                    "description": null
                }, 
                {
                    "category": "ZoneAlarm", 
                    "ioc": "HEUR:Trojan-PSW.Win32.MiniDuke.gen", 
                    "type": "ioc", 
                    "description": null
                }, 
                {
                    "category": "GData", 
                    "ioc": "Gen:Variant.Cerbu.97260", 
                    "type": "ioc", 
                    "description": null
                }, 
                {
                    "category": "Varist", 
                    "ioc": "W32/Kryptik.WJXZ-4520", 
                    "type": "ioc", 
                    "description": null
                }, 
                {
                    "category": "AhnLab-V3", 
                    "ioc": "Spyware/Win32.Limitail.C1040122", 
                    "type": "ioc", 
                    "description": null
                }, 
                {
                    "category": "McAfee", 
                    "ioc": "Trojan-FHFI!612FBA96383A", 
                    "type": "ioc", 
                    "description": null
                }, 
                {
                    "category": "TACHYON", 
                    "ioc": "Trojan-PWS/W32.MiniDuke.19968", 
                    "type": "ioc", 
                    "description": null
                }
            ], 
            "name": "antivirus_virustotal"
        }
    ], 
    "target": {
        "category": "file", 
        "file": {
            "mimetype": "application/x-dosexec", 
            "yara": [], 
            "sha1": "cb3a83fc24c7b6b0b9d438fbf053276cceaacd2e", 
            "name": "2f9834f7b7fe09d98ef7b27d3828691ed4b361d1ccbbf8e10703f9ec03b05259", 
            "type": "PE32 executable (DLL) (GUI) Intel 80386, for MS Windows", 
            "sha256": "2f9834f7b7fe09d98ef7b27d3828691ed4b361d1ccbbf8e10703f9ec03b05259", 
            "urls": [], 
            "crc32": "11464999", 
            "path": "/srv/cuckoo/cwd/storage/binaries/2f9834f7b7fe09d98ef7b27d3828691ed4b361d1ccbbf8e10703f9ec03b05259", 
            "ssdeep": null, 
            "size": 19968, 
            "sha512": "daf91a60b7655da837de46eb16c06a8830d5169cd3304232f61ede5367b6cd39d61c728c2ff8217661b63db9a0ad2e1780b7cd28bfc5b4f835cadf75189a938e", 
            "md5": "612fba96383a5098c26fe1a222e1e755"
        }, 
        "custom": null
    }, 
    "irma": {
        "status": null, 
        "probes_finished": 16, 
        "scan_id": "be1832ce-61d2-47ff-b468-16e383ce7aee", 
        "parent_file_sha256": null, 
        "name": "2f9834f7b7fe09d98ef7b27d3828691ed4b361d1ccbbf8e10703f9ec03b05259", 
        "probes_total": 18, 
        "scan_date": 1728915902, 
        "other_results": [], 
        "probe_results": {
            "antivirus": {
                "G Data Antivirus (Windows)": {
                    "status": 1, 
                    "duration": 0.25, 
                    "version": "5.5.20197.1358", 
                    "results": "Virus: Gen:Variant.Cerbu.97260 (Engine A)", 
                    "virus_database_version": "unavailable"
                }, 
                "Avast Core Security (Linux)": {
                    "status": 1, 
                    "duration": 0.12, 
                    "version": "4.5.1", 
                    "results": "Win32:TrojanX-gen [Trj]", 
                    "virus_database_version": "unavailable"
                }, 
                "C4S ClamAV (Linux)": {
                    "status": 1, 
                    "duration": 0.35, 
                    "version": "0.103.12", 
                    "results": "Win.Packed.Zusy-9978773-0", 
                    "virus_database_version": "27403"
                }, 
                "F-Secure Antivirus (Linux)": {
                    "status": 1, 
                    "duration": 0.05, 
                    "version": "11.10", 
                    "results": "Backdoor:W32/MiniDuke.G [FSE]", 
                    "virus_database_version": "2024-09-20_06"
                }, 
                "Windows Defender (Windows)": {
                    "status": 1, 
                    "duration": 0.23, 
                    "version": "1.1.24080.9", 
                    "results": "Backdoor:Win32/Miniduke!pz", 
                    "virus_database_version": "1.419.483.0"
                }, 
                "Microsoft Defender ATP (Linux)": {
                    "status": 1, 
                    "duration": 6.43, 
                    "version": "unavailable", 
                    "results": "Trojan:Win32/Foosace!dha", 
                    "virus_database_version": "123"
                }, 
                "Forticlient (Linux)": {
                    "status": 0, 
                    "duration": 3.04, 
                    "version": "unavailable", 
                    "results": null, 
                    "virus_database_version": "unavailable"
                }, 
                "Sophos Anti-Virus (Linux)": {
                    "status": 1, 
                    "duration": 0.35, 
                    "version": "1.1.5.14 (2024-05-28)", 
                    "results": "Mal/Generic-S", 
                    "virus_database_version": "unavailable"
                }, 
                "eScan Antivirus (Linux)": {
                    "status": 0, 
                    "duration": 3.59, 
                    "version": "7.0.21", 
                    "results": null, 
                    "virus_database_version": "7.97546 (23/09/2024)"
                }, 
                "ESET Security (Windows)": {
                    "status": 1, 
                    "duration": 0.69, 
                    "version": "unavailable", 
                    "results": "a variant of Win32/Kryptik.AWW trojan", 
                    "virus_database_version": "unavailable"
                }, 
                "McAfee CLI scanner (Linux)": {
                    "status": 1, 
                    "duration": 8.69, 
                    "version": "6.0.6.653", 
                    "results": "Trojan-FHFI", 
                    "virus_database_version": "11200"
                }, 
                "DrWeb Antivirus (Linux)": {
                    "status": 1, 
                    "duration": 0.1, 
                    "version": "11.1.16.2406170954", 
                    "results": "Trojan.MulDrop5.54352", 
                    "virus_database_version": "unavailable"
                }, 
                "Trend Micro SProtect (Linux)": {
                    "status": 0, 
                    "duration": 1.07, 
                    "version": "3.0", 
                    "results": null, 
                    "virus_database_version": "0x020000400"
                }, 
                "ClamAV (Linux)": {
                    "status": 1, 
                    "duration": 0.3, 
                    "version": "0.103.12", 
                    "results": "Win.Packed.Zusy-9978773-0", 
                    "virus_database_version": "27427"
                }, 
                "Bitdefender Antivirus (Linux)": {
                    "status": 1, 
                    "duration": 9.01, 
                    "version": "7.90123", 
                    "results": "Gen:Variant.Cerbu.97260", 
                    "virus_database_version": null
                }, 
                "Kaspersky Standard (Windows)": {
                    "status": 1, 
                    "duration": 0.92, 
                    "version": "21.17", 
                    "results": "HEUR:Trojan-PSW.Win32.MiniDuke.gen", 
                    "virus_database_version": "2024-10-13 11:03:00 (full)"
                }
            }
        }, 
        "file_infos": {
            "mimetype": "PE32 executable (DLL) (GUI) Intel 80386, for MS Windows", 
            "sha1": "cb3a83fc24c7b6b0b9d438fbf053276cceaacd2e", 
            "tags": [], 
            "timestamp_first_scan": 1710608911.85, 
            "size": 19968, 
            "timestamp_last_scan": 1728915912.71, 
            "sha256": "2f9834f7b7fe09d98ef7b27d3828691ed4b361d1ccbbf8e10703f9ec03b05259", 
            "md5": "612fba96383a5098c26fe1a222e1e755"
        }, 
        "submitter": "cli", 
        "path": "", 
        "result_id": "e4aa1fe9-b9cc-4da5-bd25-caad92702aed"
    }, 
    "suricata": {
        "tls": [], 
        "files": [], 
        "alerts": [], 
        "http": []
    }, 
    "virustotal": {
        "permalink": "https://www.virustotal.com/gui/file/2f9834f7b7fe09d98ef7b27d3828691ed4b361d1ccbbf8e10703f9ec03b05259/detection/f-2f9834f7b7fe09d98ef7b27d3828691ed4b361d1ccbbf8e10703f9ec03b05259-1728894527", 
        "sha1": "cb3a83fc24c7b6b0b9d438fbf053276cceaacd2e", 
        "resource": "612fba96383a5098c26fe1a222e1e755", 
        "response_code": 1, 
        "scan_date": "2024-10-14 08:28:47", 
        "scan_id": "2f9834f7b7fe09d98ef7b27d3828691ed4b361d1ccbbf8e10703f9ec03b05259-1728894527", 
        "summary": {
            "positives": 63, 
            "permalink": "https://www.virustotal.com/gui/file/2f9834f7b7fe09d98ef7b27d3828691ed4b361d1ccbbf8e10703f9ec03b05259/detection/f-2f9834f7b7fe09d98ef7b27d3828691ed4b361d1ccbbf8e10703f9ec03b05259-1728894527", 
            "scan_date": "2024-10-14 08:28:47"
        }, 
        "sha256": "2f9834f7b7fe09d98ef7b27d3828691ed4b361d1ccbbf8e10703f9ec03b05259", 
        "normalized": [
            "AIDetectMalware", 
            "MiniDuke", 
            "Malicious", 
            "score", 
            "Cerbu", 
            "Unsafe", 
            "Vyc8", 
            "confidence", 
            "100%", 
            "Attribute", 
            "HighConfidence", 
            "high confidence", 
            "Kryptik", 
            "TrojanX", 
            "Zusy", 
            "ccnc", 
            "daS8F5XYZ8K", 
            "MulDrop5", 
            "TSPY", 
            "Static AI", 
            "Suspicious PE", 
            "Dorifel", 
            "Detected", 
            "XPACK", 
            "Darkuniverse", 
            "WJXZ", 
            "Limitail", 
            "FHFI", 
            "MulDrop", 
            "Genetic", 
            "Gencirc", 
            "S6vgwNb68lY", 
            "susgen"
        ], 
        "total": 73, 
        "positives": 63, 
        "verbose_msg": "Scan finished, information embedded", 
        "md5": "612fba96383a5098c26fe1a222e1e755", 
        "scans": {
            "Bkav": {
                "detected": true, 
                "version": "2.0.0.1", 
                "result": "W32.AIDetectMalware", 
                "normalized": [
                    "AIDetectMalware"
                ], 
                "update": "20241014"
            }, 
            "Lionic": {
                "detected": true, 
                "version": "8.16", 
                "result": "Trojan.Win32.MiniDuke.i!c", 
                "normalized": [
                    "MiniDuke"
                ], 
                "update": "20241014"
            }, 
            "tehtris": {
                "detected": false, 
                "version": "v0.1.4", 
                "result": null, 
                "normalized": [], 
                "update": "20241014"
            }, 
            "Cynet": {
                "detected": true, 
                "version": "4.0.1.1", 
                "result": "Malicious (score: 100)", 
                "normalized": [
                    "Malicious", 
                    "score"
                ], 
                "update": "20241014"
            }, 
            "CMC": {
                "detected": false, 
                "version": "2.4.2022.1", 
                "result": null, 
                "normalized": [], 
                "update": "20241013"
            }, 
            "CAT-QuickHeal": {
                "detected": true, 
                "version": "22.00", 
                "result": "TrojanAPT.MiniDuke.A4", 
                "normalized": [
                    "MiniDuke"
                ], 
                "update": "20241013"
            }, 
            "Skyhigh": {
                "detected": true, 
                "version": "v2021.2.0+4045", 
                "result": "BehavesLike.Win32.Packed.lc", 
                "normalized": [], 
                "update": "20241013"
            }, 
            "ALYac": {
                "detected": true, 
                "version": "2.0.0.10", 
                "result": "Gen:Variant.Cerbu.97260", 
                "normalized": [
                    "Cerbu"
                ], 
                "update": "20241014"
            }, 
            "Cylance": {
                "detected": true, 
                "version": "3.0.0.0", 
                "result": "Unsafe", 
                "normalized": [
                    "Unsafe"
                ], 
                "update": "20241010"
            }, 
            "VIPRE": {
                "detected": true, 
                "version": "6.0.0.35", 
                "result": "Gen:Variant.Cerbu.97260", 
                "normalized": [
                    "Cerbu"
                ], 
                "update": "20241013"
            }, 
            "Sangfor": {
                "detected": true, 
                "version": "2.25.10.0", 
                "result": "Backdoor.Win32.Miniduke.Vyc8", 
                "normalized": [
                    "Miniduke", 
                    "Vyc8"
                ], 
                "update": "20241008"
            }, 
            "CrowdStrike": {
                "detected": true, 
                "version": "1.0", 
                "result": "win/malicious_confidence_100% (W)", 
                "normalized": [
                    "malicious", 
                    "confidence", 
                    "100%"
                ], 
                "update": "20231026"
            }, 
            "BitDefender": {
                "detected": true, 
                "version": "7.2", 
                "result": "Gen:Variant.Cerbu.97260", 
                "normalized": [
                    "Cerbu"
                ], 
                "update": "20241014"
            }, 
            "K7GW": {
                "detected": true, 
                "version": "12.193.53542", 
                "result": "Trojan ( 004bf1a71 )", 
                "normalized": [], 
                "update": "20241011"
            }, 
            "K7AntiVirus": {
                "detected": true, 
                "version": "12.193.53546", 
                "result": "Trojan ( 004bf1a71 )", 
                "normalized": [], 
                "update": "20241014"
            }, 
            "Arcabit": {
                "detected": true, 
                "version": "2022.0.0.18", 
                "result": "Trojan.Cerbu.D17BEC", 
                "normalized": [
                    "Cerbu"
                ], 
                "update": "20241014"
            }, 
            "Baidu": {
                "detected": false, 
                "version": "1.0.0.2", 
                "result": null, 
                "normalized": [], 
                "update": "20190318"
            }, 
            "VirIT": {
                "detected": true, 
                "version": "9.5.807", 
                "result": "Backdoor.Win32.Miniduke.J", 
                "normalized": [
                    "Miniduke"
                ], 
                "update": "20241011"
            }, 
            "Symantec": {
                "detected": true, 
                "version": "1.22.0.0", 
                "result": "ML.Attribute.HighConfidence", 
                "normalized": [
                    "Attribute", 
                    "HighConfidence"
                ], 
                "update": "20241013"
            }, 
            "Elastic": {
                "detected": true, 
                "version": "4.0.167", 
                "result": "malicious (high confidence)", 
                "normalized": [
                    "malicious", 
                    "high confidence"
                ], 
                "update": "20241008"
            }, 
            "ESET-NOD32": {
                "detected": true, 
                "version": "30049", 
                "result": "a variant of Win32/Kryptik.AWW", 
                "normalized": [
                    "Kryptik"
                ], 
                "update": "20241014"
            }, 
            "APEX": {
                "detected": true, 
                "version": "6.585", 
                "result": "Malicious", 
                "normalized": [
                    "Malicious"
                ], 
                "update": "20241013"
            }, 
            "Avast": {
                "detected": true, 
                "version": "23.9.8494.0", 
                "result": "Win32:TrojanX-gen [Trj]", 
                "normalized": [
                    "TrojanX"
                ], 
                "update": "20241014"
            }, 
            "ClamAV": {
                "detected": true, 
                "version": "1.4.1.0", 
                "result": "Win.Packed.Zusy-9978773-0", 
                "normalized": [
                    "Zusy"
                ], 
                "update": "20241013"
            }, 
            "Kaspersky": {
                "detected": true, 
                "version": "22.0.1.28", 
                "result": "HEUR:Trojan-PSW.Win32.MiniDuke.gen", 
                "normalized": [
                    "MiniDuke"
                ], 
                "update": "20241008"
            }, 
            "Alibaba": {
                "detected": true, 
                "version": "0.3.0.5", 
                "result": "Backdoor:Win32/Miniduke.2c0507bf", 
                "normalized": [
                    "Miniduke"
                ], 
                "update": "20190527"
            }, 
            "NANO-Antivirus": {
                "detected": true, 
                "version": "1.0.146.25796", 
                "result": "Virus.Win32.Gen-Crypt.ccnc", 
                "normalized": [
                    "ccnc"
                ], 
                "update": "20241014"
            }, 
            "SUPERAntiSpyware": {
                "detected": false, 
                "version": "5.6.0.1032", 
                "result": null, 
                "normalized": [], 
                "update": "20241013"
            }, 
            "MicroWorld-eScan": {
                "detected": true, 
                "version": "14.0.409.0", 
                "result": "Gen:Variant.Cerbu.97260", 
                "normalized": [
                    "Cerbu"
                ], 
                "update": "20241014"
            }, 
            "Rising": {
                "detected": true, 
                "version": "25.0.0.28", 
                "result": "Backdoor.Miniduke!8.4821 (TFE:1:daS8F5XYZ8K)", 
                "normalized": [
                    "Miniduke", 
                    "daS8F5XYZ8K"
                ], 
                "update": "20241014"
            }, 
            "Emsisoft": {
                "detected": true, 
                "version": "2024.1.0.53752", 
                "result": "Gen:Variant.Cerbu.97260 (B)", 
                "normalized": [
                    "Cerbu"
                ], 
                "update": "20241014"
            }, 
            "F-Secure": {
                "detected": true, 
                "version": "18.10.1547.307", 
                "result": "Backdoor:W32/MiniDuke.G", 
                "normalized": [
                    "MiniDuke"
                ], 
                "update": "20241014"
            }, 
            "DrWeb": {
                "detected": true, 
                "version": "7.0.65.5230", 
                "result": "Trojan.MulDrop5.54352", 
                "normalized": [
                    "MulDrop5"
                ], 
                "update": "20241014"
            }, 
            "Zillya": {
                "detected": true, 
                "version": "2.0.0.5214", 
                "result": "Trojan.Kryptik.Win32.794289", 
                "normalized": [
                    "Kryptik"
                ], 
                "update": "20241011"
            }, 
            "TrendMicro": {
                "detected": true, 
                "version": "11.0.0.1006", 
                "result": "TSPY_MINIDUKE.A", 
                "normalized": [
                    "TSPY", 
                    "MINIDUKE"
                ], 
                "update": "20241014"
            }, 
            "McAfeeD": {
                "detected": true, 
                "version": "1.2.0.7977", 
                "result": "ti!2F9834F7B7FE", 
                "normalized": [], 
                "update": "20241014"
            }, 
            "Trapmine": {
                "detected": true, 
                "version": "4.0.16.240", 
                "result": "suspicious.low.ml.score", 
                "normalized": [
                    "score"
                ], 
                "update": "20241004"
            }, 
            "CTX": {
                "detected": true, 
                "version": "2024.8.29.1", 
                "result": "dll.unknown.cerbu", 
                "normalized": [
                    "cerbu"
                ], 
                "update": "20241014"
            }, 
            "Sophos": {
                "detected": true, 
                "version": "2.5.5.0", 
                "result": "Mal/Generic-S", 
                "normalized": [], 
                "update": "20241013"
            }, 
            "SentinelOne": {
                "detected": true, 
                "version": "24.2.1.1", 
                "result": "Static AI - Suspicious PE", 
                "normalized": [
                    "Static AI", 
                    "Suspicious PE"
                ], 
                "update": "20240417"
            }, 
            "FireEye": {
                "detected": true, 
                "version": "35.47.0.0", 
                "result": "Generic.mg.612fba96383a5098", 
                "normalized": [], 
                "update": "20241014"
            }, 
            "Jiangmin": {
                "detected": true, 
                "version": "16.0.100", 
                "result": "TrojanDropper.Dorifel.jiw", 
                "normalized": [
                    "Dorifel"
                ], 
                "update": "20241013"
            }, 
            "Webroot": {
                "detected": true, 
                "version": "1.0.0.403", 
                "result": "W32.Malware.Gen", 
                "normalized": [], 
                "update": "20241014"
            }, 
            "Google": {
                "detected": true, 
                "version": "1728891026", 
                "result": "Detected", 
                "normalized": [
                    "Detected"
                ], 
                "update": "20241014"
            }, 
            "Avira": {
                "detected": true, 
                "version": "8.3.3.20", 
                "result": "TR/Crypt.XPACK.Gen", 
                "normalized": [
                    "XPACK"
                ], 
                "update": "20241014"
            }, 
            "Antiy-AVL": {
                "detected": true, 
                "version": "3.0", 
                "result": "Trojan[APT]/Win32.Darkuniverse", 
                "normalized": [
                    "Darkuniverse"
                ], 
                "update": "20241014"
            }, 
            "Kingsoft": {
                "detected": true, 
                "version": "None", 
                "result": "malware.kb.a.1000", 
                "normalized": [], 
                "update": "20241009"
            }, 
            "Gridinsoft": {
                "detected": false, 
                "version": "1.0.192.174", 
                "result": null, 
                "normalized": [], 
                "update": "20241014"
            }, 
            "Xcitium": {
                "detected": false, 
                "version": "37129", 
                "result": null, 
                "normalized": [], 
                "update": "20241013"
            }, 
            "Microsoft": {
                "detected": true, 
                "version": "1.1.24080.9", 
                "result": "Backdoor:Win32/Miniduke!pz", 
                "normalized": [
                    "Miniduke"
                ], 
                "update": "20241014"
            }, 
            "ViRobot": {
                "detected": false, 
                "version": "2014.3.20.0", 
                "result": null, 
                "normalized": [], 
                "update": "20241014"
            }, 
            "ZoneAlarm": {
                "detected": true, 
                "version": "1.0", 
                "result": "HEUR:Trojan-PSW.Win32.MiniDuke.gen", 
                "normalized": [
                    "MiniDuke"
                ], 
                "update": "20241008"
            }, 
            "GData": {
                "detected": true, 
                "version": "A:25.39049B:27.37807", 
                "result": "Gen:Variant.Cerbu.97260", 
                "normalized": [
                    "Cerbu"
                ], 
                "update": "20241014"
            }, 
            "Varist": {
                "detected": true, 
                "version": "6.6.1.3", 
                "result": "W32/Kryptik.WJXZ-4520", 
                "normalized": [
                    "Kryptik", 
                    "WJXZ"
                ], 
                "update": "20241014"
            }, 
            "AhnLab-V3": {
                "detected": true, 
                "version": "3.26.1.10507", 
                "result": "Spyware/Win32.Limitail.C1040122", 
                "normalized": [
                    "Limitail"
                ], 
                "update": "20241014"
            }, 
            "Acronis": {
                "detected": false, 
                "version": "1.2.0.121", 
                "result": null, 
                "normalized": [], 
                "update": "20240328"
            }, 
            "McAfee": {
                "detected": true, 
                "version": "6.0.6.653", 
                "result": "Trojan-FHFI!612FBA96383A", 
                "normalized": [
                    "FHFI"
                ], 
                "update": "20241013"
            }, 
            "TACHYON": {
                "detected": true, 
                "version": "2024-10-14.02", 
                "result": "Trojan-PWS/W32.MiniDuke.19968", 
                "normalized": [
                    "MiniDuke"
                ], 
                "update": "20241014"
            }, 
            "DeepInstinct": {
                "detected": true, 
                "version": "5.0.0.8", 
                "result": "MALICIOUS", 
                "normalized": [
                    "MALICIOUS"
                ], 
                "update": "20241013"
            }, 
            "VBA32": {
                "detected": true, 
                "version": "5.0.0", 
                "result": "Trojan.MulDrop", 
                "normalized": [
                    "MulDrop"
                ], 
                "update": "20241011"
            }, 
            "Malwarebytes": {
                "detected": false, 
                "version": "4.5.5.54", 
                "result": null, 
                "normalized": [], 
                "update": "20241014"
            }, 
            "Ikarus": {
                "detected": true, 
                "version": "6.3.23.0", 
                "result": "Trojan.Win32.Crypt", 
                "normalized": [], 
                "update": "20241013"
            }, 
            "Panda": {
                "detected": true, 
                "version": "4.6.4.2", 
                "result": "Trj/Genetic.gen", 
                "normalized": [
                    "Genetic"
                ], 
                "update": "20241013"
            }, 
            "Zoner": {
                "detected": false, 
                "version": "2.2.2.0", 
                "result": null, 
                "normalized": [], 
                "update": "20241014"
            }, 
            "TrendMicro-HouseCall": {
                "detected": true, 
                "version": "10.0.0.1040", 
                "result": "TSPY_MINIDUKE.A", 
                "normalized": [
                    "TSPY", 
                    "MINIDUKE"
                ], 
                "update": "20241014"
            }, 
            "Tencent": {
                "detected": true, 
                "version": "1.0.0.1", 
                "result": "Malware.Win32.Gencirc.10bd9616", 
                "normalized": [
                    "Gencirc"
                ], 
                "update": "20241014"
            }, 
            "Yandex": {
                "detected": true, 
                "version": "5.5.2.24", 
                "result": "Trojan.Agent!S6vgwNb68lY", 
                "normalized": [
                    "S6vgwNb68lY"
                ], 
                "update": "20241014"
            }, 
            "huorong": {
                "detected": true, 
                "version": "5f98eb7:5f98eb7:659eb6d:659eb6d", 
                "result": "Backdoor/Agent.la", 
                "normalized": [], 
                "update": "20241013"
            }, 
            "MaxSecure": {
                "detected": true, 
                "version": "1.0.0.1", 
                "result": "Trojan.Malware.7164915.susgen", 
                "normalized": [
                    "susgen"
                ], 
                "update": "20241011"
            }, 
            "Fortinet": {
                "detected": true, 
                "version": "None", 
                "result": "W32/Kryptik.AWW!tr", 
                "normalized": [
                    "Kryptik"
                ], 
                "update": "20241014"
            }, 
            "AVG": {
                "detected": true, 
                "version": "23.9.8494.0", 
                "result": "Win32:TrojanX-gen [Trj]", 
                "normalized": [
                    "TrojanX"
                ], 
                "update": "20241014"
            }, 
            "Paloalto": {
                "detected": true, 
                "version": "0.9.0.1003", 
                "result": "generic.ml", 
                "normalized": [], 
                "update": "20241014"
            }, 
            "alibabacloud": {
                "detected": true, 
                "version": "2.2.0", 
                "result": "Trojan[stealer]:Win/MiniDuke.gen", 
                "normalized": [
                    "MiniDuke"
                ], 
                "update": "20240910"
            }
        }
    }, 
    "network": {
        "udp": [], 
        "dns_servers": [], 
        "http": [], 
        "smtp": [], 
        "tcp": [], 
        "geoinfo": {}, 
        "mitm": [], 
        "https_ex": [], 
        "http_ex": [], 
        "sorted_pcap_sha256": "0749f7ce22ba67ab09e3a57d5600cc8c0f553f7e5d80a049886015a2fd0a212b", 
        "icmp": [], 
        "tls": [], 
        "dead_hosts": [], 
        "smtp_ex": [], 
        "hosts": [], 
        "pcap_sha256": "540b33d65e9bac275738e2cd7e481362f49e5eec9e4619b9f9f1bd9f5386c6af", 
        "dns": [], 
        "domains": [], 
        "irc": []
    }, 
    "resubmit": {
        "resubmit_ids": []
    }, 
    "static": {
        "pdb_path": null, 
        "pe_imports": [], 
        "peid_signatures": null, 
        "keys": [], 
        "signature": [], 
        "pe_timestamp": "2012-05-14 16:30:40", 
        "pe_exports": [
            {
                "ordinal": 1, 
                "name": "GnoOdkq", 
                "address": "0x40300c"
            }
        ], 
        "imported_dll_count": 0, 
        "pe_imphash": "", 
        "pe_resources": [], 
        "pe_versioninfo": [], 
        "pe_sections": [
            {
                "size_of_data": "0x00000200", 
                "virtual_address": "0x00001000", 
                "entropy": 0.43175926123390124, 
                "name": ".edata", 
                "virtual_size": "0x0000003c"
            }, 
            {
                "size_of_data": "0x00000200", 
                "virtual_address": "0x00002000", 
                "entropy": 0.06116285224115448, 
                "name": ".reloc", 
                "virtual_size": "0x00000008"
            }, 
            {
                "size_of_data": "0x00000600", 
                "virtual_address": "0x00003000", 
                "entropy": 3.840038482421874, 
                "name": ".text", 
                "virtual_size": "0x000005a2"
            }, 
            {
                "size_of_data": "0x00004000", 
                "virtual_address": "0x00004000", 
                "entropy": 7.625066695832037, 
                "name": ".data", 
                "virtual_size": "0x00003ff8"
            }
        ]
    }, 
    "snort": {
        "alerts": []
    }, 
    "behavior": {
        "generic": [
            {
                "process_path": "C:\\Windows\\System32\\lsass.exe", 
                "process_name": "lsass.exe", 
                "pid": 504, 
                "summary": {}, 
                "first_seen": 1728918133.15625, 
                "ppid": 384
            }
        ], 
        "processes": [
            {
                "process_path": "C:\\Windows\\System32\\lsass.exe", 
                "calls": [], 
                "track": false, 
                "pid": 504, 
                "process_name": "lsass.exe", 
                "command_line": "C:\\Windows\\system32\\lsass.exe", 
                "modules": [
                    {
                        "basename": "lsass.exe", 
                        "imgsize": 49152, 
                        "baseaddr": "0xff7b0000", 
                        "filepath": "C:\\Windows\\system32\\lsass.exe"
                    }, 
                    {
                        "basename": "ntdll.dll", 
                        "imgsize": 1740800, 
                        "baseaddr": "0x772f0000", 
                        "filepath": "C:\\Windows\\SYSTEM32\\ntdll.dll"
                    }, 
                    {
                        "basename": "kernel32.dll", 
                        "imgsize": 1175552, 
                        "baseaddr": "0x770d0000", 
                        "filepath": "C:\\Windows\\system32\\kernel32.dll"
                    }, 
                    {
                        "basename": "KERNELBASE.dll", 
                        "imgsize": 438272, 
                        "baseaddr": "0x7fefd420000", 
                        "filepath": "C:\\Windows\\system32\\KERNELBASE.dll"
                    }, 
                    {
                        "basename": "msvcrt.dll", 
                        "imgsize": 651264, 
                        "baseaddr": "0x7fefeb90000", 
                        "filepath": "C:\\Windows\\system32\\msvcrt.dll"
                    }, 
                    {
                        "basename": "RPCRT4.dll", 
                        "imgsize": 1232896, 
                        "baseaddr": "0x7fefd710000", 
                        "filepath": "C:\\Windows\\system32\\RPCRT4.dll"
                    }, 
                    {
                        "basename": "SspiSrv.dll", 
                        "imgsize": 45056, 
                        "baseaddr": "0x7fefcef0000", 
                        "filepath": "C:\\Windows\\system32\\SspiSrv.dll"
                    }, 
                    {
                        "basename": "lsasrv.dll", 
                        "imgsize": 1470464, 
                        "baseaddr": "0x7fefcd80000", 
                        "filepath": "C:\\Windows\\system32\\lsasrv.dll"
                    }, 
                    {
                        "basename": "sechost.dll", 
                        "imgsize": 126976, 
                        "baseaddr": "0x7fefec30000", 
                        "filepath": "C:\\Windows\\SYSTEM32\\sechost.dll"
                    }, 
                    {
                        "basename": "SspiCli.dll", 
                        "imgsize": 151552, 
                        "baseaddr": "0x7fefcf00000", 
                        "filepath": "C:\\Windows\\system32\\SspiCli.dll"
                    }, 
                    {
                        "basename": "ADVAPI32.dll", 
                        "imgsize": 897024, 
                        "baseaddr": "0x7fefef80000", 
                        "filepath": "C:\\Windows\\system32\\ADVAPI32.dll"
                    }, 
                    {
                        "basename": "USER32.dll", 
                        "imgsize": 1024000, 
                        "baseaddr": "0x771f0000", 
                        "filepath": "C:\\Windows\\system32\\USER32.dll"
                    }, 
                    {
                        "basename": "GDI32.dll", 
                        "imgsize": 421888, 
                        "baseaddr": "0x7fefd520000", 
                        "filepath": "C:\\Windows\\system32\\GDI32.dll"
                    }, 
                    {
                        "basename": "LPK.dll", 
                        "imgsize": 57344, 
                        "baseaddr": "0x7feff180000", 
                        "filepath": "C:\\Windows\\system32\\LPK.dll"
                    }, 
                    {
                        "basename": "USP10.dll", 
                        "imgsize": 823296, 
                        "baseaddr": "0x7fefeac0000", 
                        "filepath": "C:\\Windows\\system32\\USP10.dll"
                    }, 
                    {
                        "basename": "SAMSRV.dll", 
                        "imgsize": 774144, 
                        "baseaddr": "0x7fefcbd0000", 
                        "filepath": "C:\\Windows\\system32\\SAMSRV.dll"
                    }, 
                    {
                        "basename": "cryptdll.dll", 
                        "imgsize": 81920, 
                        "baseaddr": "0x7fefcbb0000", 
                        "filepath": "C:\\Windows\\system32\\cryptdll.dll"
                    }, 
                    {
                        "basename": "MSASN1.dll", 
                        "imgsize": 61440, 
                        "baseaddr": "0x7fefd140000", 
                        "filepath": "C:\\Windows\\system32\\MSASN1.dll"
                    }, 
                    {
                        "basename": "wevtapi.dll", 
                        "imgsize": 446464, 
                        "baseaddr": "0x7fefcb40000", 
                        "filepath": "C:\\Windows\\system32\\wevtapi.dll"
                    }, 
                    {
                        "basename": "IMM32.DLL", 
                        "imgsize": 188416, 
                        "baseaddr": "0x7feff150000", 
                        "filepath": "C:\\Windows\\system32\\IMM32.DLL"
                    }, 
                    {
                        "basename": "MSCTF.dll", 
                        "imgsize": 1085440, 
                        "baseaddr": "0x7feff2f0000", 
                        "filepath": "C:\\Windows\\system32\\MSCTF.dll"
                    }, 
                    {
                        "basename": "cngaudit.dll", 
                        "imgsize": 36864, 
                        "baseaddr": "0x7fefcb30000", 
                        "filepath": "C:\\Windows\\system32\\cngaudit.dll"
                    }, 
                    {
                        "basename": "AUTHZ.dll", 
                        "imgsize": 192512, 
                        "baseaddr": "0x7fefcb00000", 
                        "filepath": "C:\\Windows\\system32\\AUTHZ.dll"
                    }, 
                    {
                        "basename": "ncrypt.dll", 
                        "imgsize": 319488, 
                        "baseaddr": "0x7fefcab0000", 
                        "filepath": "C:\\Windows\\system32\\ncrypt.dll"
                    }, 
                    {
                        "basename": "bcrypt.dll", 
                        "imgsize": 139264, 
                        "baseaddr": "0x7fefca80000", 
                        "filepath": "C:\\Windows\\system32\\bcrypt.dll"
                    }, 
                    {
                        "basename": "msprivs.DLL", 
                        "imgsize": 8192, 
                        "baseaddr": "0x74ed0000", 
                        "filepath": "C:\\Windows\\system32\\msprivs.DLL"
                    }, 
                    {
                        "basename": "netjoin.dll", 
                        "imgsize": 204800, 
                        "baseaddr": "0x7fefca40000", 
                        "filepath": "C:\\Windows\\system32\\netjoin.dll"
                    }, 
                    {
                        "basename": "negoexts.DLL", 
                        "imgsize": 147456, 
                        "baseaddr": "0x7fefca10000", 
                        "filepath": "C:\\Windows\\system32\\negoexts.DLL"
                    }, 
                    {
                        "basename": "Secur32.dll", 
                        "imgsize": 45056, 
                        "baseaddr": "0x7fefcd40000", 
                        "filepath": "C:\\Windows\\system32\\Secur32.dll"
                    }, 
                    {
                        "basename": "cryptbase.dll", 
                        "imgsize": 61440, 
                        "baseaddr": "0x7fefcf90000", 
                        "filepath": "C:\\Windows\\system32\\cryptbase.dll"
                    }, 
                    {
                        "basename": "kerberos.DLL", 
                        "imgsize": 737280, 
                        "baseaddr": "0x7fefc950000", 
                        "filepath": "C:\\Windows\\system32\\kerberos.DLL"
                    }, 
                    {
                        "basename": "CRYPTSP.dll", 
                        "imgsize": 94208, 
                        "baseaddr": "0x7fefc930000", 
                        "filepath": "C:\\Windows\\system32\\CRYPTSP.dll"
                    }, 
                    {
                        "basename": "WS2_32.dll", 
                        "imgsize": 315392, 
                        "baseaddr": "0x7fefd4d0000", 
                        "filepath": "C:\\Windows\\system32\\WS2_32.dll"
                    }, 
                    {
                        "basename": "NSI.dll", 
                        "imgsize": 32768, 
                        "baseaddr": "0x7feff060000", 
                        "filepath": "C:\\Windows\\system32\\NSI.dll"
                    }, 
                    {
                        "basename": "mswsock.dll", 
                        "imgsize": 348160, 
                        "baseaddr": "0x7fefc8d0000", 
                        "filepath": "C:\\Windows\\system32\\mswsock.dll"
                    }, 
                    {
                        "basename": "wship6.dll", 
                        "imgsize": 28672, 
                        "baseaddr": "0x7fefc8c0000", 
                        "filepath": "C:\\Windows\\System32\\wship6.dll"
                    }, 
                    {
                        "basename": "msv1_0.DLL", 
                        "imgsize": 331776, 
                        "baseaddr": "0x7fefc860000", 
                        "filepath": "C:\\Windows\\system32\\msv1_0.DLL"
                    }, 
                    {
                        "basename": "netlogon.DLL", 
                        "imgsize": 712704, 
                        "baseaddr": "0x7fefc7b0000", 
                        "filepath": "C:\\Windows\\system32\\netlogon.DLL"
                    }, 
                    {
                        "basename": "DNSAPI.dll", 
                        "imgsize": 372736, 
                        "baseaddr": "0x7fefc750000", 
                        "filepath": "C:\\Windows\\system32\\DNSAPI.dll"
                    }, 
                    {
                        "basename": "logoncli.dll", 
                        "imgsize": 196608, 
                        "baseaddr": "0x7fefc720000", 
                        "filepath": "C:\\Windows\\system32\\logoncli.dll"
                    }, 
                    {
                        "basename": "schannel.DLL", 
                        "imgsize": 356352, 
                        "baseaddr": "0x7fefc6c0000", 
                        "filepath": "C:\\Windows\\system32\\schannel.DLL"
                    }, 
                    {
                        "basename": "CRYPT32.dll", 
                        "imgsize": 1470464, 
                        "baseaddr": "0x7fefd1e0000", 
                        "filepath": "C:\\Windows\\system32\\CRYPT32.dll"
                    }, 
                    {
                        "basename": "wdigest.DLL", 
                        "imgsize": 221184, 
                        "baseaddr": "0x7fefc680000", 
                        "filepath": "C:\\Windows\\system32\\wdigest.DLL"
                    }, 
                    {
                        "basename": "rsaenh.dll", 
                        "imgsize": 290816, 
                        "baseaddr": "0x7fefc630000", 
                        "filepath": "C:\\Windows\\system32\\rsaenh.dll"
                    }, 
                    {
                        "basename": "tspkg.DLL", 
                        "imgsize": 98304, 
                        "baseaddr": "0x7fefc610000", 
                        "filepath": "C:\\Windows\\system32\\tspkg.DLL"
                    }, 
                    {
                        "basename": "pku2u.DLL", 
                        "imgsize": 282624, 
                        "baseaddr": "0x7fefc5c0000", 
                        "filepath": "C:\\Windows\\system32\\pku2u.DLL"
                    }, 
                    {
                        "basename": "bcryptprimitives.dll", 
                        "imgsize": 311296, 
                        "baseaddr": "0x7fefc570000", 
                        "filepath": "C:\\Windows\\system32\\bcryptprimitives.dll"
                    }, 
                    {
                        "basename": "RpcRtRemote.dll", 
                        "imgsize": 81920, 
                        "baseaddr": "0x7fefd080000", 
                        "filepath": "C:\\Windows\\system32\\RpcRtRemote.dll"
                    }, 
                    {
                        "basename": "efslsaext.dll", 
                        "imgsize": 73728, 
                        "baseaddr": "0x7fefc550000", 
                        "filepath": "C:\\Windows\\system32\\efslsaext.dll"
                    }, 
                    {
                        "basename": "scecli.DLL", 
                        "imgsize": 253952, 
                        "baseaddr": "0x7fefc4f0000", 
                        "filepath": "C:\\Windows\\system32\\scecli.DLL"
                    }, 
                    {
                        "basename": "credssp.dll", 
                        "imgsize": 40960, 
                        "baseaddr": "0x7fefc530000", 
                        "filepath": "C:\\Windows\\system32\\credssp.dll"
                    }, 
                    {
                        "basename": "WINSTA.dll", 
                        "imgsize": 249856, 
                        "baseaddr": "0x7fefd040000", 
                        "filepath": "C:\\Windows\\system32\\WINSTA.dll"
                    }, 
                    {
                        "basename": "IPHLPAPI.DLL", 
                        "imgsize": 159744, 
                        "baseaddr": "0x7fefac80000", 
                        "filepath": "C:\\Windows\\system32\\IPHLPAPI.DLL"
                    }, 
                    {
                        "basename": "WINNSI.DLL", 
                        "imgsize": 45056, 
                        "baseaddr": "0x7fefac70000", 
                        "filepath": "C:\\Windows\\system32\\WINNSI.DLL"
                    }, 
                    {
                        "basename": "netutils.dll", 
                        "imgsize": 49152, 
                        "baseaddr": "0x7fefa9f0000", 
                        "filepath": "C:\\Windows\\system32\\netutils.dll"
                    }, 
                    {
                        "basename": "USERENV.dll", 
                        "imgsize": 122880, 
                        "baseaddr": "0x7fefc3e0000", 
                        "filepath": "C:\\Windows\\system32\\USERENV.dll"
                    }, 
                    {
                        "basename": "profapi.dll", 
                        "imgsize": 61440, 
                        "baseaddr": "0x7fefd0a0000", 
                        "filepath": "C:\\Windows\\system32\\profapi.dll"
                    }, 
                    {
                        "basename": "wshtcpip.dll", 
                        "imgsize": 28672, 
                        "baseaddr": "0x7fefc2d0000", 
                        "filepath": "C:\\Windows\\System32\\wshtcpip.dll"
                    }, 
                    {
                        "basename": "dssenh.dll", 
                        "imgsize": 204800, 
                        "baseaddr": "0x7fef3e40000", 
                        "filepath": "C:\\Windows\\system32\\dssenh.dll"
                    }, 
                    {
                        "basename": "GPAPI.dll", 
                        "imgsize": 110592, 
                        "baseaddr": "0x7fefc3c0000", 
                        "filepath": "C:\\Windows\\system32\\GPAPI.dll"
                    }, 
                    {
                        "basename": "monitor-x64.dll", 
                        "imgsize": 2269184, 
                        "baseaddr": "0x743d0000", 
                        "filepath": "C:\\tmppw5mq4\\bin\\monitor-x64.dll"
                    }
                ], 
                "time": 0, 
                "tid": 2064, 
                "first_seen": 1728918133.15625, 
                "ppid": 384, 
                "type": "process"
            }
        ], 
        "processtree": [
            {
                "track": false, 
                "pid": 504, 
                "process_name": "lsass.exe", 
                "command_line": "C:\\Windows\\system32\\lsass.exe", 
                "first_seen": 1728918133.15625, 
                "ppid": 384, 
                "children": []
            }
        ]
    }, 
    "debug": {
        "action": [], 
        "dbgview": [], 
        "errors": [], 
        "log": [
            "2024-10-14 14:02:12,030 [analyzer] DEBUG: Starting analyzer from: C:\\tmppw5mq4\n", 
            "2024-10-14 14:02:12,030 [analyzer] DEBUG: Pipe server name: \\??\\PIPE\\SBfBXJoFDSfjRsDTAkwjjaJsD\n", 
            "2024-10-14 14:02:12,030 [analyzer] DEBUG: Log pipe server name: \\??\\PIPE\\qPMYWCPVAkaJQpaeOGJSlkBYFHgIZpNB\n", 
            "2024-10-14 14:02:12,375 [analyzer] DEBUG: Started auxiliary module Curtain\n", 
            "2024-10-14 14:02:12,375 [analyzer] DEBUG: Started auxiliary module DbgView\n", 
            "2024-10-14 14:02:12,983 [analyzer] DEBUG: Started auxiliary module Disguise\n", 
            "2024-10-14 14:02:13,217 [analyzer] DEBUG: Loaded monitor into process with pid 504\n", 
            "2024-10-14 14:02:13,217 [analyzer] DEBUG: Started auxiliary module DumpTLSMasterSecrets\n", 
            "2024-10-14 14:02:13,217 [analyzer] DEBUG: Started auxiliary module Human\n", 
            "2024-10-14 14:02:13,217 [analyzer] DEBUG: Started auxiliary module InstallCertificate\n", 
            "2024-10-14 14:02:13,217 [analyzer] DEBUG: Started auxiliary module Reboot\n", 
            "2024-10-14 14:02:13,296 [analyzer] DEBUG: Started auxiliary module RecentFiles\n", 
            "2024-10-14 14:02:13,296 [analyzer] DEBUG: Started auxiliary module Screenshots\n", 
            "2024-10-14 14:02:13,296 [analyzer] DEBUG: Started auxiliary module Sysmon\n", 
            "2024-10-14 14:02:13,296 [analyzer] DEBUG: Started auxiliary module LoadZer0m0n\n", 
            "2024-10-14 14:02:13,358 [lib.api.process] ERROR: Failed to execute process from path u'C:\\\\Users\\\\ADMINI~1\\\\AppData\\\\Local\\\\Temp\\\\2f9834f7b7fe09d98ef7b27d3828691ed4b361d1ccbbf8e10703f9ec03b05259.exe' with arguments ['bin\\\\inject-x86.exe', '--app', u'C:\\\\Users\\\\ADMINI~1\\\\AppData\\\\Local\\\\Temp\\\\2f9834f7b7fe09d98ef7b27d3828691ed4b361d1ccbbf8e10703f9ec03b05259.exe', '--only-start', '--curdir', 'C:\\\\Users\\\\ADMINI~1\\\\AppData\\\\Local\\\\Temp'] (Error: Command '['bin\\\\inject-x86.exe', '--app', u'C:\\\\Users\\\\ADMINI~1\\\\AppData\\\\Local\\\\Temp\\\\2f9834f7b7fe09d98ef7b27d3828691ed4b361d1ccbbf8e10703f9ec03b05259.exe', '--only-start', '--curdir', 'C:\\\\Users\\\\ADMINI~1\\\\AppData\\\\Local\\\\Temp']' returned non-zero exit status 1)\n"
        ], 
        "cuckoo": [
            "2024-10-14 17:19:53,765 [cuckoo.core.scheduler] INFO: Task #5291094: acquired machine win7x646 (label=win7x646)\n", 
            "2024-10-14 17:19:53,770 [cuckoo.core.resultserver] DEBUG: Now tracking machine 192.168.168.206 for task #5291094\n", 
            "2024-10-14 17:19:54,641 [cuckoo.auxiliary.sniffer] INFO: Started sniffer with PID 1965315 (interface=vboxnet0, host=192.168.168.206)\n", 
            "2024-10-14 17:19:54,998 [cuckoo.machinery.virtualbox] DEBUG: Starting vm win7x646\n", 
            "2024-10-14 17:19:56,127 [cuckoo.machinery.virtualbox] DEBUG: Restoring virtual machine win7x646 to vmcloak\n", 
            "2024-10-14 17:22:19,077 [cuckoo.core.guest] INFO: Starting analysis #5291094 on guest (id=win7x646, ip=192.168.168.206)\n", 
            "2024-10-14 17:22:20,112 [cuckoo.core.guest] DEBUG: win7x646: not ready yet\n", 
            "2024-10-14 17:22:25,152 [cuckoo.core.guest] INFO: Guest is running Cuckoo Agent 0.10 (id=win7x646, ip=192.168.168.206)\n", 
            "2024-10-14 17:22:25,251 [cuckoo.core.guest] DEBUG: Uploading analyzer to guest (id=win7x646, ip=192.168.168.206, monitor=latest, size=6660546)\n", 
            "2024-10-14 17:22:27,642 [cuckoo.core.resultserver] DEBUG: Task #5291094: live log analysis.log initialized.\n", 
            "2024-10-14 17:22:28,675 [cuckoo.core.resultserver] DEBUG: Task #5291094 is sending a BSON stream\n", 
            "2024-10-14 17:22:29,815 [cuckoo.core.resultserver] DEBUG: Task #5291094: File upload for 'shots/0001.jpg'\n", 
            "2024-10-14 17:22:29,850 [cuckoo.core.resultserver] DEBUG: Task #5291094 uploaded file length: 133503\n", 
            "2024-10-14 17:22:30,068 [cuckoo.core.guest] WARNING: win7x646: analysis #5291094 caught an exception\n", 
            "Traceback (most recent call last):\n", 
            "  File \"C:/tmppw5mq4/analyzer.py\", line 824, in <module>\n", 
            "    success = analyzer.run()\n", 
            "  File \"C:/tmppw5mq4/analyzer.py\", line 673, in run\n", 
            "    pids = self.package.start(self.target)\n", 
            "  File \"C:\\tmppw5mq4\\modules\\packages\\exe.py\", line 34, in start\n", 
            "    return self.execute(path, args=shlex.split(args))\n", 
            "  File \"C:\\tmppw5mq4\\lib\\common\\abstracts.py\", line 205, in execute\n", 
            "    \"Unable to execute the initial process, analysis aborted.\"\n", 
            "CuckooPackageError: Unable to execute the initial process, analysis aborted.\n", 
            "\n", 
            "2024-10-14 17:22:30,083 [cuckoo.core.plugins] DEBUG: Stopped auxiliary module: Redsocks\n", 
            "2024-10-14 17:22:30,110 [cuckoo.core.plugins] DEBUG: Stopped auxiliary module: Sniffer\n", 
            "2024-10-14 17:22:31,869 [cuckoo.machinery.virtualbox] INFO: Successfully generated memory dump for virtual machine with label win7x646 to path /srv/cuckoo/cwd/storage/analyses/5291094/memory.dmp\n", 
            "2024-10-14 17:22:31,871 [cuckoo.machinery.virtualbox] DEBUG: Stopping vm win7x646\n", 
            "2024-10-14 17:24:59,774 [cuckoo.core.resultserver] DEBUG: Stopped tracking machine 192.168.168.206 for task #5291094\n", 
            "2024-10-14 17:24:59,775 [cuckoo.core.resultserver] DEBUG: Cancel <Context for LOG> for task 5291094\n", 
            "2024-10-14 17:25:00,804 [cuckoo.core.scheduler] DEBUG: Released database task #5291094\n", 
            "2024-10-14 17:25:00,848 [cuckoo.core.scheduler] INFO: Task #5291094: analysis procedure completed\n"
        ]
    }, 
    "misp": [
        {
            "info": "Cuckoo Sandbox analysis #4979971", 
            "level": "4", 
            "event_id": "2663316", 
            "iocs": [
                "612fba96383a5098c26fe1a222e1e755", 
                "2f9834f7b7fe09d98ef7b27d3828691ed4b361d1ccbbf8e10703f9ec03b05259", 
                "cb3a83fc24c7b6b0b9d438fbf053276cceaacd2e"
            ], 
            "url": "https://misp.cert.ee/events/view/2663316", 
            "date": "2024-06-02"
        }, 
        {
            "info": "Cuckoo Sandbox analysis #4546708", 
            "level": "4", 
            "event_id": "2423902", 
            "iocs": [
                "612fba96383a5098c26fe1a222e1e755", 
                "2f9834f7b7fe09d98ef7b27d3828691ed4b361d1ccbbf8e10703f9ec03b05259", 
                "cb3a83fc24c7b6b0b9d438fbf053276cceaacd2e"
            ], 
            "url": "https://misp.cert.ee/events/view/2423902", 
            "date": "2024-03-16"
        }, 
        {
            "info": "THE DUKES 7 years of Russian cyberespionage", 
            "level": "1", 
            "event_id": "3399818", 
            "iocs": [
                "cb3a83fc24c7b6b0b9d438fbf053276cceaacd2e"
            ], 
            "url": "https://misp.cert.ee/events/view/3399818", 
            "date": "2015-09-28"
        }
    ], 
    "strings": [
        "!This program cannot be run in DOS mode.", 
        ".edata", 
        "@.reloc", 
        "`.data", 
        "GnoOdkq", 
        "2JD)#F", 
        "\u001fWF]qu", 
        "*f/R3y", 
        "Wz]ExZ", 
        "Wz\\ExZ", 
        "DN\u001f#\\L", 
        "Bw;6xY", 
        ",)%V:u", 
        "kWu5*Tf/", 
        ")f;YTg", 
        "Uv3sY7", 
        "EvKsX7", 
        "$)VSsY7`", 
        "`K5;{-e", 
        "`K5;{4e", 
        "`K5;{-e", 
        ">-`K5;{"
    ], 
    "intelmq": [
        {
            "classification_taxonomy": "malicious-code", 
            "classification_type": "infected-system", 
            "feed_provider": "CERT-EE", 
            "time_source": "2024-08-15T16:01:01.502026+00:00", 
            "feed_name": "Sandbox", 
            "ioc": "2f9834f7b7fe09d98ef7b27d3828691ed4b361d1ccbbf8e10703f9ec03b05259", 
            "id": "khjFVpEBJ8b3ASlsiJBW", 
            "index": "imq-2024-08", 
            "url": "https://kips.cert.ee/app/discover#/doc/imq/imq-2024-08/?id=khjFVpEBJ8b3ASlsiJBW", 
            "time_observation": "2024-08-15T16:01:01+00:00", 
            "feed_accuracy": 50
        }, 
        {
            "classification_taxonomy": "malicious-code", 
            "classification_type": "infected-system", 
            "feed_provider": "CERT-EE", 
            "time_source": "2024-03-16T17:13:44.033073+00:00", 
            "feed_name": "Sandbox", 
            "ioc": "2f9834f7b7fe09d98ef7b27d3828691ed4b361d1ccbbf8e10703f9ec03b05259", 
            "id": "3K9BSI4BJ8b3ASlsUem-", 
            "index": "imq-2024-03", 
            "url": "https://kips.cert.ee/app/discover#/doc/imq/imq-2024-03/?id=3K9BSI4BJ8b3ASlsUem-", 
            "time_observation": "2024-03-16T17:13:44+00:00", 
            "feed_accuracy": 50
        }, 
        {
            "classification_taxonomy": "malicious-code", 
            "classification_type": "infected-system", 
            "feed_provider": "CERT-EE", 
            "time_source": "2024-03-16T17:13:44.033151+00:00", 
            "feed_name": "Sandbox", 
            "ioc": "2f9834f7b7fe09d98ef7b27d3828691ed4b361d1ccbbf8e10703f9ec03b05259", 
            "id": "3a9BSI4BJ8b3ASlsUenG", 
            "index": "imq-2024-03", 
            "url": "https://kips.cert.ee/app/discover#/doc/imq/imq-2024-03/?id=3a9BSI4BJ8b3ASlsUenG", 
            "time_observation": "2024-03-16T17:13:44+00:00", 
            "feed_accuracy": 50
        }, 
        {
            "classification_taxonomy": "malicious-code", 
            "classification_type": "infected-system", 
            "feed_provider": "CERT-EE", 
            "time_source": "2023-03-11T14:59:55.563183+00:00", 
            "feed_name": "CERT-EE own finding", 
            "ioc": "2f9834f7b7fe09d98ef7b27d3828691ed4b361d1ccbbf8e10703f9ec03b05259", 
            "id": "fcqd0YYBMVxc0rr3WfFH", 
            "index": "imq-2023-03", 
            "url": "https://kips.cert.ee/app/discover#/doc/imq/imq-2023-03/?id=fcqd0YYBMVxc0rr3WfFH", 
            "time_observation": "2023-03-11T16:59:55+00:00", 
            "feed_accuracy": 50
        }, 
        {
            "classification_taxonomy": "malicious-code", 
            "classification_type": "infected-system", 
            "feed_provider": "CERT-EE", 
            "time_source": "2023-03-11T14:59:55.563322+00:00", 
            "feed_name": "CERT-EE own finding", 
            "ioc": "2f9834f7b7fe09d98ef7b27d3828691ed4b361d1ccbbf8e10703f9ec03b05259", 
            "id": "fsqd0YYBMVxc0rr3WfFP", 
            "index": "imq-2023-03", 
            "url": "https://kips.cert.ee/app/discover#/doc/imq/imq-2023-03/?id=fsqd0YYBMVxc0rr3WfFP", 
            "time_observation": "2023-03-11T16:59:55+00:00", 
            "feed_accuracy": 50
        }
    ], 
    "metadata": {
        "output": {
            "pcap": {
                "basename": "dump.pcap", 
                "sha256": "540b33d65e9bac275738e2cd7e481362f49e5eec9e4619b9f9f1bd9f5386c6af", 
                "dirname": ""
            }
        }
    }
}