{
    "info": {
        "added": 1728914532.761133, 
        "started": 1728926440.99526, 
        "duration": 304, 
        "ended": 1728926745.956606, 
        "owner": null, 
        "score": 10, 
        "id": 5291101, 
        "category": "file", 
        "git": {
            "head": "", 
            "fetch_head": ""
        }, 
        "monitor": null, 
        "package": "exe", 
        "route": "internet", 
        "custom": null, 
        "machine": {
            "status": "stopped", 
            "name": "win7x641", 
            "label": "win7x641", 
            "platform": "windows", 
            "manager": "VirtualBox", 
            "started_on": "2024-10-14 17:20:42", 
            "shutdown_on": "2024-10-14 17:25:34"
        }, 
        "platform": "windows", 
        "version": "2.0.7", 
        "options": "procmemdump=yes,route=internet"
    }, 
    "signatures": [
        {
            "families": [], 
            "description": "Yara rule detected for file", 
            "severity": 1, 
            "ttp": {}, 
            "markcount": 1, 
            "references": [], 
            "marks": [
                {
                    "type": "generic", 
                    "description": "Downloader used to download MiniDuke RAT", 
                    "rule": "CrowdStrike_CSIT_13040_01"
                }
            ], 
            "name": "file_yara"
        }, 
        {
            "families": [], 
            "description": "The binary likely contains encrypted or compressed data indicative of a packer", 
            "severity": 2, 
            "ttp": {
                "T1045": {
                    "short": "Software Packing", 
                    "long": "Software packing is a method of compressing or encrypting an executable. Packing an executable changes the file signature in an attempt to avoid signature-based detection. Most decompression techniques decompress the executable code in memory."
                }
            }, 
            "markcount": 2, 
            "references": [
                "http://www.forensickb.com/2013/03/file-entropy-explained.html", 
                "http://virii.es/U/Using%20Entropy%20Analysis%20to%20Find%20Encrypted%20and%20Packed%20Malware.pdf"
            ], 
            "marks": [
                {
                    "entropy": 7.555655520383077, 
                    "section": {
                        "size_of_data": "0x00004600", 
                        "virtual_address": "0x00004000", 
                        "entropy": 7.555655520383077, 
                        "name": ".rdata", 
                        "virtual_size": "0x000045d0"
                    }, 
                    "type": "generic", 
                    "description": "A section with a high entropy has been found"
                }, 
                {
                    "entropy": 0.8333333333333334, 
                    "type": "generic", 
                    "description": "Overall entropy of this PE file is high"
                }
            ], 
            "name": "packer_entropy"
        }, 
        {
            "families": [], 
            "description": "File has been identified by 13 AntiVirus engine on IRMA as malicious", 
            "severity": 60, 
            "ttp": {}, 
            "markcount": 13, 
            "references": [], 
            "marks": [
                {
                    "category": "G Data Antivirus (Windows)", 
                    "ioc": "Virus: Gen:Variant.MiniDuke.1 (Engine A)", 
                    "type": "ioc", 
                    "description": null
                }, 
                {
                    "category": "Avast Core Security (Linux)", 
                    "ioc": "Win32:WormX-gen [Wrm]", 
                    "type": "ioc", 
                    "description": null
                }, 
                {
                    "category": "F-Secure Antivirus (Linux)", 
                    "ioc": "Backdoor:W32/MiniDuke.A [FSE]", 
                    "type": "ioc", 
                    "description": null
                }, 
                {
                    "category": "Windows Defender (Windows)", 
                    "ioc": "Trojan:Win32/Urelas", 
                    "type": "ioc", 
                    "description": null
                }, 
                {
                    "category": "Microsoft Defender ATP (Linux)", 
                    "ioc": "Trojan:Win32/Cozer.gen.A!dha", 
                    "type": "ioc", 
                    "description": null
                }, 
                {
                    "category": "Sophos Anti-Virus (Linux)", 
                    "ioc": "Mal/Generic-S", 
                    "type": "ioc", 
                    "description": null
                }, 
                {
                    "category": "eScan Antivirus (Linux)", 
                    "ioc": "Gen:Variant.MiniDuke.1(DB)", 
                    "type": "ioc", 
                    "description": null
                }, 
                {
                    "category": "ESET Security (Windows)", 
                    "ioc": "a variant of Win32/SandyEva.C trojan", 
                    "type": "ioc", 
                    "description": null
                }, 
                {
                    "category": "McAfee CLI scanner (Linux)", 
                    "ioc": "BackDoor-FAMU", 
                    "type": "ioc", 
                    "description": null
                }, 
                {
                    "category": "DrWeb Antivirus (Linux)", 
                    "ioc": "BackDoor.Miniduke", 
                    "type": "ioc", 
                    "description": null
                }, 
                {
                    "category": "Trend Micro SProtect (Linux)", 
                    "ioc": "BKDR_MINIDUKE.SM", 
                    "type": "ioc", 
                    "description": null
                }, 
                {
                    "category": "Bitdefender Antivirus (Linux)", 
                    "ioc": "Gen:Variant.MiniDuke.1", 
                    "type": "ioc", 
                    "description": null
                }, 
                {
                    "category": "Kaspersky Standard (Windows)", 
                    "ioc": "HEUR:Trojan.Win32.Generic", 
                    "type": "ioc", 
                    "description": null
                }
            ], 
            "name": "antivirus_irma"
        }, 
        {
            "families": [], 
            "description": "File has been identified by 59 AntiVirus engines on VirusTotal as malicious", 
            "severity": 60, 
            "ttp": {}, 
            "markcount": 59, 
            "references": [], 
            "marks": [
                {
                    "category": "Bkav", 
                    "ioc": "W32.AIDetectMalware", 
                    "type": "ioc", 
                    "description": null
                }, 
                {
                    "category": "Lionic", 
                    "ioc": "Trojan.Win32.SandyEva.4!c", 
                    "type": "ioc", 
                    "description": null
                }, 
                {
                    "category": "Cynet", 
                    "ioc": "Malicious (score: 100)", 
                    "type": "ioc", 
                    "description": null
                }, 
                {
                    "category": "Skyhigh", 
                    "ioc": "BehavesLike.Win32.RAHack.mc", 
                    "type": "ioc", 
                    "description": null
                }, 
                {
                    "category": "Cylance", 
                    "ioc": "Unsafe", 
                    "type": "ioc", 
                    "description": null
                }, 
                {
                    "category": "VIPRE", 
                    "ioc": "Gen:Variant.MiniDuke.1", 
                    "type": "ioc", 
                    "description": null
                }, 
                {
                    "category": "Sangfor", 
                    "ioc": "Trojan.Win32.APT29.IOC", 
                    "type": "ioc", 
                    "description": null
                }, 
                {
                    "category": "CrowdStrike", 
                    "ioc": "win/malicious_confidence_100% (W)", 
                    "type": "ioc", 
                    "description": null
                }, 
                {
                    "category": "BitDefender", 
                    "ioc": "Gen:Variant.MiniDuke.1", 
                    "type": "ioc", 
                    "description": null
                }, 
                {
                    "category": "K7GW", 
                    "ioc": "Trojan ( 0042f2f81 )", 
                    "type": "ioc", 
                    "description": null
                }, 
                {
                    "category": "K7AntiVirus", 
                    "ioc": "Trojan ( 0042f2f81 )", 
                    "type": "ioc", 
                    "description": null
                }, 
                {
                    "category": "Arcabit", 
                    "ioc": "Trojan.MiniDuke.1", 
                    "type": "ioc", 
                    "description": null
                }, 
                {
                    "category": "VirIT", 
                    "ioc": "Backdoor.Win32.Miniduke.A", 
                    "type": "ioc", 
                    "description": null
                }, 
                {
                    "category": "Symantec", 
                    "ioc": "ML.Attribute.HighConfidence", 
                    "type": "ioc", 
                    "description": null
                }, 
                {
                    "category": "Elastic", 
                    "ioc": "malicious (high confidence)", 
                    "type": "ioc", 
                    "description": null
                }, 
                {
                    "category": "ESET-NOD32", 
                    "ioc": "a variant of Win32/SandyEva.C", 
                    "type": "ioc", 
                    "description": null
                }, 
                {
                    "category": "APEX", 
                    "ioc": "Malicious", 
                    "type": "ioc", 
                    "description": null
                }, 
                {
                    "category": "Avast", 
                    "ioc": "Win32:WormX-gen [Wrm]", 
                    "type": "ioc", 
                    "description": null
                }, 
                {
                    "category": "Kaspersky", 
                    "ioc": "HEUR:Trojan.Win32.Generic", 
                    "type": "ioc", 
                    "description": null
                }, 
                {
                    "category": "Alibaba", 
                    "ioc": "Backdoor:Win32/MiniDuke.89db71aa", 
                    "type": "ioc", 
                    "description": null
                }, 
                {
                    "category": "MicroWorld-eScan", 
                    "ioc": "Gen:Variant.MiniDuke.1", 
                    "type": "ioc", 
                    "description": null
                }, 
                {
                    "category": "Rising", 
                    "ioc": "Backdoor.Miniduke!8.4821 (TFE:1:NN5a85l6rjF)", 
                    "type": "ioc", 
                    "description": null
                }, 
                {
                    "category": "Emsisoft", 
                    "ioc": "Gen:Variant.MiniDuke.1 (B)", 
                    "type": "ioc", 
                    "description": null
                }, 
                {
                    "category": "F-Secure", 
                    "ioc": "Backdoor:W32/MiniDuke.A", 
                    "type": "ioc", 
                    "description": null
                }, 
                {
                    "category": "DrWeb", 
                    "ioc": "BackDoor.Miniduke", 
                    "type": "ioc", 
                    "description": null
                }, 
                {
                    "category": "Zillya", 
                    "ioc": "Backdoor.MiniDuke.Win32.13", 
                    "type": "ioc", 
                    "description": null
                }, 
                {
                    "category": "TrendMicro", 
                    "ioc": "BKDR_MINIDUKE.SM", 
                    "type": "ioc", 
                    "description": null
                }, 
                {
                    "category": "McAfeeD", 
                    "ioc": "ti!9C13A32033BC", 
                    "type": "ioc", 
                    "description": null
                }, 
                {
                    "category": "CTX", 
                    "ioc": "dll.trojan.miniduke", 
                    "type": "ioc", 
                    "description": null
                }, 
                {
                    "category": "Sophos", 
                    "ioc": "Mal/Generic-S", 
                    "type": "ioc", 
                    "description": null
                }, 
                {
                    "category": "Ikarus", 
                    "ioc": "Backdoor.Win32.MiniDuke", 
                    "type": "ioc", 
                    "description": null
                }, 
                {
                    "category": "FireEye", 
                    "ioc": "Generic.mg.b100d530d67cfbe7", 
                    "type": "ioc", 
                    "description": null
                }, 
                {
                    "category": "Jiangmin", 
                    "ioc": "Backdoor.MiniDuke.ah", 
                    "type": "ioc", 
                    "description": null
                }, 
                {
                    "category": "Webroot", 
                    "ioc": "W32.Malware.Gen", 
                    "type": "ioc", 
                    "description": null
                }, 
                {
                    "category": "Google", 
                    "ioc": "Detected", 
                    "type": "ioc", 
                    "description": null
                }, 
                {
                    "category": "Avira", 
                    "ioc": "TR/Crypt.XPACK.Gen", 
                    "type": "ioc", 
                    "description": null
                }, 
                {
                    "category": "Antiy-AVL", 
                    "ioc": "Trojan[APT]/Win32.APT29", 
                    "type": "ioc", 
                    "description": null
                }, 
                {
                    "category": "Kingsoft", 
                    "ioc": "malware.kb.a.995", 
                    "type": "ioc", 
                    "description": null
                }, 
                {
                    "category": "Gridinsoft", 
                    "ioc": "Trojan.Win32.Packed.oa!s4", 
                    "type": "ioc", 
                    "description": null
                }, 
                {
                    "category": "Xcitium", 
                    "ioc": "Malware@#gfoqw9swnj12", 
                    "type": "ioc", 
                    "description": null
                }, 
                {
                    "category": "Microsoft", 
                    "ioc": "Trojan:Win32/Urelas", 
                    "type": "ioc", 
                    "description": null
                }, 
                {
                    "category": "ZoneAlarm", 
                    "ioc": "HEUR:Trojan.Win32.Generic", 
                    "type": "ioc", 
                    "description": null
                }, 
                {
                    "category": "GData", 
                    "ioc": "Gen:Variant.MiniDuke.1", 
                    "type": "ioc", 
                    "description": null
                }, 
                {
                    "category": "Varist", 
                    "ioc": "W32/MiniDuke.A.gen!Eldorado", 
                    "type": "ioc", 
                    "description": null
                }, 
                {
                    "category": "AhnLab-V3", 
                    "ioc": "Backdoor/Win.Miniduke.R506688", 
                    "type": "ioc", 
                    "description": null
                }, 
                {
                    "category": "McAfee", 
                    "ioc": "BackDoor-FAMU!B100D530D67C", 
                    "type": "ioc", 
                    "description": null
                }, 
                {
                    "category": "DeepInstinct", 
                    "ioc": "MALICIOUS", 
                    "type": "ioc", 
                    "description": null
                }, 
                {
                    "category": "VBA32", 
                    "ioc": "Backdoor.MiniDuke", 
                    "type": "ioc", 
                    "description": null
                }, 
                {
                    "category": "Malwarebytes", 
                    "ioc": "Malware.AI.3184762307", 
                    "type": "ioc", 
                    "description": null
                }, 
                {
                    "category": "Panda", 
                    "ioc": "Trj/CI.A", 
                    "type": "ioc", 
                    "description": null
                }
            ], 
            "name": "antivirus_virustotal"
        }
    ], 
    "target": {
        "category": "file", 
        "file": {
            "mimetype": "application/x-dosexec", 
            "yara": [
                {
                    "meta": {
                        "description": "Downloader used to download MiniDuke RAT", 
                        "copyright": "(c) 2020 CrowdStrike Inc.", 
                        "reports": "CSIT-13040", 
                        "version": "201807251357", 
                        "actor": "COZY BEAR", 
                        "last_modified": "2018-07-25", 
                        "malware_family": "MiniDuke"
                    }, 
                    "name": "CrowdStrike_CSIT_13040_01", 
                    "offsets": {
                        "part_Kernel32_3_2": [
                            [
                                2247, 
                                11
                            ]
                        ], 
                        "part_Kernel32_2_2": [
                            [
                                2235, 
                                7
                            ]
                        ], 
                        "part_VirtualProtect_2_2": [
                            [
                                2501, 
                                12
                            ]
                        ], 
                        "part_Kernel32_1_2": [
                            [
                                2223, 
                                4
                            ]
                        ], 
                        "part_LdrLoadDll_1_2": [
                            [
                                2003, 
                                10
                            ]
                        ], 
                        "part_VirtualProtect_3_1": [
                            [
                                2508, 
                                3
                            ]
                        ], 
                        "part_LdrLoadDll_2_2": [
                            [
                                2013, 
                                9
                            ]
                        ], 
                        "part_VirtualProtect_4_2": [
                            [
                                2518, 
                                6
                            ]
                        ], 
                        "part_Kernel32_4_2": [
                            [
                                2257, 
                                8
                            ]
                        ], 
                        "sig_3": [
                            [
                                1655, 
                                1
                            ]
                        ], 
                        "part_LdrLoadDll_3_2": [
                            [
                                2023, 
                                5
                            ]
                        ], 
                        "part_VirtualProtect_1_1": [
                            [
                                2491, 
                                2
                            ]
                        ], 
                        "decrypt_string": [
                            [
                                2909, 
                                0
                            ]
                        ]
                    }, 
                    "strings": [
                        "0sA=", 
                        "ARwk", 
                        "aGN0AAA=", 
                        "aHVhbFA=", 
                        "xwQkMwAyAA==", 
                        "xwQkTGRyTA==", 
                        "xwQkVmlydA==", 
                        "xwQkZQBsAA==", 
                        "xwQkawBlAA==", 
                        "xwQkb2FkRA==", 
                        "xwQkbGwAAA==", 
                        "xwQkcgBuAA==", 
                        "xwQkcm90ZQ=="
                    ]
                }
            ], 
            "sha1": "43fa0d5a30b4cd72bb7e156c00c1611bb4f4bd0a", 
            "name": "9c13a32033bc7dd06016651b0f21a2bed9be1dc40c6879f925c71e05f4f1c8f7", 
            "type": "PE32 executable (DLL) (GUI) Intel 80386, for MS Windows", 
            "sha256": "9c13a32033bc7dd06016651b0f21a2bed9be1dc40c6879f925c71e05f4f1c8f7", 
            "urls": [], 
            "crc32": "5F326AE7", 
            "path": "/srv/cuckoo/cwd/storage/binaries/9c13a32033bc7dd06016651b0f21a2bed9be1dc40c6879f925c71e05f4f1c8f7", 
            "ssdeep": null, 
            "size": 22784, 
            "sha512": "ff1bda046ad01c7a9c09d5b35be92674598e4d1104462bd3c980136b2d87b598a306746e2bf118a8d63e62f8b2eaccbdf14a0896cf231641e469d87201544d5d", 
            "md5": "b100d530d67cfbe76394bb0160567382"
        }, 
        "custom": null
    }, 
    "irma": {
        "status": null, 
        "probes_finished": 16, 
        "scan_id": "7543b80b-1d98-4073-994d-a31279d7c5a8", 
        "parent_file_sha256": null, 
        "name": "9c13a32033bc7dd06016651b0f21a2bed9be1dc40c6879f925c71e05f4f1c8f7", 
        "probes_total": 18, 
        "scan_date": 1728915947, 
        "other_results": [], 
        "probe_results": {
            "antivirus": {
                "G Data Antivirus (Windows)": {
                    "status": 1, 
                    "duration": 0.25, 
                    "version": "5.5.20197.1358", 
                    "results": "Virus: Gen:Variant.MiniDuke.1 (Engine A)", 
                    "virus_database_version": "unavailable"
                }, 
                "Avast Core Security (Linux)": {
                    "status": 1, 
                    "duration": 0.13, 
                    "version": "4.5.1", 
                    "results": "Win32:WormX-gen [Wrm]", 
                    "virus_database_version": "unavailable"
                }, 
                "C4S ClamAV (Linux)": {
                    "status": 0, 
                    "duration": 0.39, 
                    "version": "0.103.12", 
                    "results": null, 
                    "virus_database_version": "27403"
                }, 
                "F-Secure Antivirus (Linux)": {
                    "status": 1, 
                    "duration": 0.04, 
                    "version": "11.10", 
                    "results": "Backdoor:W32/MiniDuke.A [FSE]", 
                    "virus_database_version": "2024-09-20_06"
                }, 
                "Windows Defender (Windows)": {
                    "status": 1, 
                    "duration": 0.19, 
                    "version": "1.1.24080.9", 
                    "results": "Trojan:Win32/Urelas", 
                    "virus_database_version": "1.419.483.0"
                }, 
                "Microsoft Defender ATP (Linux)": {
                    "status": 1, 
                    "duration": 8.29, 
                    "version": "unavailable", 
                    "results": "Trojan:Win32/Cozer.gen.A!dha", 
                    "virus_database_version": "123"
                }, 
                "Forticlient (Linux)": {
                    "status": 0, 
                    "duration": 3.03, 
                    "version": "unavailable", 
                    "results": null, 
                    "virus_database_version": "unavailable"
                }, 
                "Sophos Anti-Virus (Linux)": {
                    "status": 1, 
                    "duration": 0.35, 
                    "version": "1.1.5.14 (2024-05-28)", 
                    "results": "Mal/Generic-S", 
                    "virus_database_version": "unavailable"
                }, 
                "eScan Antivirus (Linux)": {
                    "status": 1, 
                    "duration": 3.93, 
                    "version": "7.0.21", 
                    "results": "Gen:Variant.MiniDuke.1(DB)", 
                    "virus_database_version": "7.97546 (23/09/2024)"
                }, 
                "ESET Security (Windows)": {
                    "status": 1, 
                    "duration": 0.56, 
                    "version": "unavailable", 
                    "results": "a variant of Win32/SandyEva.C trojan", 
                    "virus_database_version": "unavailable"
                }, 
                "McAfee CLI scanner (Linux)": {
                    "status": 1, 
                    "duration": 7.81, 
                    "version": "6.0.6.653", 
                    "results": "BackDoor-FAMU", 
                    "virus_database_version": "11200"
                }, 
                "DrWeb Antivirus (Linux)": {
                    "status": 1, 
                    "duration": 0.17, 
                    "version": "11.1.16.2406170954", 
                    "results": "BackDoor.Miniduke", 
                    "virus_database_version": "unavailable"
                }, 
                "Trend Micro SProtect (Linux)": {
                    "status": 1, 
                    "duration": 4.72, 
                    "version": "3.0", 
                    "results": "BKDR_MINIDUKE.SM", 
                    "virus_database_version": "0x020000400"
                }, 
                "ClamAV (Linux)": {
                    "status": 0, 
                    "duration": 0.34, 
                    "version": "0.103.12", 
                    "results": null, 
                    "virus_database_version": "27427"
                }, 
                "Bitdefender Antivirus (Linux)": {
                    "status": 1, 
                    "duration": 7.97, 
                    "version": "7.90123", 
                    "results": "Gen:Variant.MiniDuke.1", 
                    "virus_database_version": null
                }, 
                "Kaspersky Standard (Windows)": {
                    "status": 1, 
                    "duration": 0.89, 
                    "version": "21.17", 
                    "results": "HEUR:Trojan.Win32.Generic", 
                    "virus_database_version": "2024-10-13 11:03:00 (full)"
                }
            }
        }, 
        "file_infos": {
            "mimetype": "PE32 executable (DLL) (GUI) Intel 80386, for MS Windows", 
            "sha1": "43fa0d5a30b4cd72bb7e156c00c1611bb4f4bd0a", 
            "tags": [], 
            "timestamp_first_scan": 1710609541.05, 
            "size": 22784, 
            "timestamp_last_scan": 1728915955.97, 
            "sha256": "9c13a32033bc7dd06016651b0f21a2bed9be1dc40c6879f925c71e05f4f1c8f7", 
            "md5": "b100d530d67cfbe76394bb0160567382"
        }, 
        "submitter": "cli", 
        "path": "", 
        "result_id": "b80f0c40-de63-4f19-a261-923a98085719"
    }, 
    "suricata": {
        "tls": [], 
        "files": [], 
        "alerts": [], 
        "http": []
    }, 
    "virustotal": {
        "permalink": "https://www.virustotal.com/gui/file/9c13a32033bc7dd06016651b0f21a2bed9be1dc40c6879f925c71e05f4f1c8f7/detection/f-9c13a32033bc7dd06016651b0f21a2bed9be1dc40c6879f925c71e05f4f1c8f7-1728894521", 
        "sha1": "43fa0d5a30b4cd72bb7e156c00c1611bb4f4bd0a", 
        "resource": "b100d530d67cfbe76394bb0160567382", 
        "response_code": 1, 
        "scan_date": "2024-10-14 08:28:41", 
        "scan_id": "9c13a32033bc7dd06016651b0f21a2bed9be1dc40c6879f925c71e05f4f1c8f7-1728894521", 
        "summary": {
            "positives": 59, 
            "permalink": "https://www.virustotal.com/gui/file/9c13a32033bc7dd06016651b0f21a2bed9be1dc40c6879f925c71e05f4f1c8f7/detection/f-9c13a32033bc7dd06016651b0f21a2bed9be1dc40c6879f925c71e05f4f1c8f7-1728894521", 
            "scan_date": "2024-10-14 08:28:41"
        }, 
        "sha256": "9c13a32033bc7dd06016651b0f21a2bed9be1dc40c6879f925c71e05f4f1c8f7", 
        "normalized": [
            "AIDetectMalware", 
            "SandyEva", 
            "Malicious", 
            "score", 
            "RAHack", 
            "Unsafe", 
            "MiniDuke", 
            "APT29", 
            "confidence", 
            "100%", 
            "Attribute", 
            "HighConfidence", 
            "high confidence", 
            "WormX", 
            "NN5a85l6rjF", 
            "Detected", 
            "XPACK", 
            "Malware@#gfoqw9swnj12", 
            "Urelas", 
            "Eldorado", 
            "R506688", 
            "FAMU", 
            "Gencirc", 
            "rWExSAMKmY8", 
            "susgen"
        ], 
        "total": 72, 
        "positives": 59, 
        "verbose_msg": "Scan finished, information embedded", 
        "md5": "b100d530d67cfbe76394bb0160567382", 
        "scans": {
            "Bkav": {
                "detected": true, 
                "version": "2.0.0.1", 
                "result": "W32.AIDetectMalware", 
                "normalized": [
                    "AIDetectMalware"
                ], 
                "update": "20241014"
            }, 
            "Lionic": {
                "detected": true, 
                "version": "8.16", 
                "result": "Trojan.Win32.SandyEva.4!c", 
                "normalized": [
                    "SandyEva"
                ], 
                "update": "20241014"
            }, 
            "tehtris": {
                "detected": false, 
                "version": "v0.1.4", 
                "result": null, 
                "normalized": [], 
                "update": "20241014"
            }, 
            "Cynet": {
                "detected": true, 
                "version": "4.0.1.1", 
                "result": "Malicious (score: 100)", 
                "normalized": [
                    "Malicious", 
                    "score"
                ], 
                "update": "20241014"
            }, 
            "CMC": {
                "detected": false, 
                "version": "2.4.2022.1", 
                "result": null, 
                "normalized": [], 
                "update": "20241013"
            }, 
            "CAT-QuickHeal": {
                "detected": false, 
                "version": "22.00", 
                "result": null, 
                "normalized": [], 
                "update": "20241013"
            }, 
            "Skyhigh": {
                "detected": true, 
                "version": "v2021.2.0+4045", 
                "result": "BehavesLike.Win32.RAHack.mc", 
                "normalized": [
                    "RAHack"
                ], 
                "update": "20241013"
            }, 
            "ALYac": {
                "detected": false, 
                "version": "2.0.0.10", 
                "result": null, 
                "normalized": [], 
                "update": "20241014"
            }, 
            "Cylance": {
                "detected": true, 
                "version": "3.0.0.0", 
                "result": "Unsafe", 
                "normalized": [
                    "Unsafe"
                ], 
                "update": "20241010"
            }, 
            "VIPRE": {
                "detected": true, 
                "version": "6.0.0.35", 
                "result": "Gen:Variant.MiniDuke.1", 
                "normalized": [
                    "MiniDuke"
                ], 
                "update": "20241013"
            }, 
            "Sangfor": {
                "detected": true, 
                "version": "2.25.10.0", 
                "result": "Trojan.Win32.APT29.IOC", 
                "normalized": [
                    "APT29"
                ], 
                "update": "20241008"
            }, 
            "CrowdStrike": {
                "detected": true, 
                "version": "1.0", 
                "result": "win/malicious_confidence_100% (W)", 
                "normalized": [
                    "malicious", 
                    "confidence", 
                    "100%"
                ], 
                "update": "20231026"
            }, 
            "BitDefender": {
                "detected": true, 
                "version": "7.2", 
                "result": "Gen:Variant.MiniDuke.1", 
                "normalized": [
                    "MiniDuke"
                ], 
                "update": "20241014"
            }, 
            "K7GW": {
                "detected": true, 
                "version": "12.193.53548", 
                "result": "Trojan ( 0042f2f81 )", 
                "normalized": [], 
                "update": "20241014"
            }, 
            "K7AntiVirus": {
                "detected": true, 
                "version": "12.193.53546", 
                "result": "Trojan ( 0042f2f81 )", 
                "normalized": [], 
                "update": "20241014"
            }, 
            "Arcabit": {
                "detected": true, 
                "version": "2022.0.0.18", 
                "result": "Trojan.MiniDuke.1", 
                "normalized": [
                    "MiniDuke"
                ], 
                "update": "20241014"
            }, 
            "Baidu": {
                "detected": false, 
                "version": "1.0.0.2", 
                "result": null, 
                "normalized": [], 
                "update": "20190318"
            }, 
            "VirIT": {
                "detected": true, 
                "version": "9.5.807", 
                "result": "Backdoor.Win32.Miniduke.A", 
                "normalized": [
                    "Miniduke"
                ], 
                "update": "20241011"
            }, 
            "Symantec": {
                "detected": true, 
                "version": "1.22.0.0", 
                "result": "ML.Attribute.HighConfidence", 
                "normalized": [
                    "Attribute", 
                    "HighConfidence"
                ], 
                "update": "20241013"
            }, 
            "Elastic": {
                "detected": true, 
                "version": "4.0.167", 
                "result": "malicious (high confidence)", 
                "normalized": [
                    "malicious", 
                    "high confidence"
                ], 
                "update": "20241008"
            }, 
            "ESET-NOD32": {
                "detected": true, 
                "version": "30049", 
                "result": "a variant of Win32/SandyEva.C", 
                "normalized": [
                    "SandyEva"
                ], 
                "update": "20241014"
            }, 
            "APEX": {
                "detected": true, 
                "version": "6.585", 
                "result": "Malicious", 
                "normalized": [
                    "Malicious"
                ], 
                "update": "20241013"
            }, 
            "Avast": {
                "detected": true, 
                "version": "23.9.8494.0", 
                "result": "Win32:WormX-gen [Wrm]", 
                "normalized": [
                    "WormX"
                ], 
                "update": "20241014"
            }, 
            "ClamAV": {
                "detected": false, 
                "version": "1.4.1.0", 
                "result": null, 
                "normalized": [], 
                "update": "20241013"
            }, 
            "Kaspersky": {
                "detected": true, 
                "version": "22.0.1.28", 
                "result": "HEUR:Trojan.Win32.Generic", 
                "normalized": [], 
                "update": "20241008"
            }, 
            "Alibaba": {
                "detected": true, 
                "version": "0.3.0.5", 
                "result": "Backdoor:Win32/MiniDuke.89db71aa", 
                "normalized": [
                    "MiniDuke"
                ], 
                "update": "20190527"
            }, 
            "NANO-Antivirus": {
                "detected": false, 
                "version": "1.0.146.25796", 
                "result": null, 
                "normalized": [], 
                "update": "20241014"
            }, 
            "SUPERAntiSpyware": {
                "detected": false, 
                "version": "5.6.0.1032", 
                "result": null, 
                "normalized": [], 
                "update": "20241013"
            }, 
            "MicroWorld-eScan": {
                "detected": true, 
                "version": "14.0.409.0", 
                "result": "Gen:Variant.MiniDuke.1", 
                "normalized": [
                    "MiniDuke"
                ], 
                "update": "20241014"
            }, 
            "Rising": {
                "detected": true, 
                "version": "25.0.0.28", 
                "result": "Backdoor.Miniduke!8.4821 (TFE:1:NN5a85l6rjF)", 
                "normalized": [
                    "Miniduke", 
                    "NN5a85l6rjF"
                ], 
                "update": "20241014"
            }, 
            "Emsisoft": {
                "detected": true, 
                "version": "2024.1.0.53752", 
                "result": "Gen:Variant.MiniDuke.1 (B)", 
                "normalized": [
                    "MiniDuke"
                ], 
                "update": "20241014"
            }, 
            "F-Secure": {
                "detected": true, 
                "version": "18.10.1547.307", 
                "result": "Backdoor:W32/MiniDuke.A", 
                "normalized": [
                    "MiniDuke"
                ], 
                "update": "20241014"
            }, 
            "DrWeb": {
                "detected": true, 
                "version": "7.0.65.5230", 
                "result": "BackDoor.Miniduke", 
                "normalized": [
                    "Miniduke"
                ], 
                "update": "20241014"
            }, 
            "Zillya": {
                "detected": true, 
                "version": "2.0.0.5214", 
                "result": "Backdoor.MiniDuke.Win32.13", 
                "normalized": [
                    "MiniDuke"
                ], 
                "update": "20241011"
            }, 
            "TrendMicro": {
                "detected": true, 
                "version": "11.0.0.1006", 
                "result": "BKDR_MINIDUKE.SM", 
                "normalized": [
                    "MINIDUKE"
                ], 
                "update": "20241014"
            }, 
            "McAfeeD": {
                "detected": true, 
                "version": "1.2.0.7977", 
                "result": "ti!9C13A32033BC", 
                "normalized": [], 
                "update": "20241014"
            }, 
            "Trapmine": {
                "detected": false, 
                "version": "4.0.16.240", 
                "result": null, 
                "normalized": [], 
                "update": "20241004"
            }, 
            "CTX": {
                "detected": true, 
                "version": "2024.8.29.1", 
                "result": "dll.trojan.miniduke", 
                "normalized": [
                    "miniduke"
                ], 
                "update": "20241014"
            }, 
            "Sophos": {
                "detected": true, 
                "version": "2.5.5.0", 
                "result": "Mal/Generic-S", 
                "normalized": [], 
                "update": "20241013"
            }, 
            "Ikarus": {
                "detected": true, 
                "version": "6.3.23.0", 
                "result": "Backdoor.Win32.MiniDuke", 
                "normalized": [
                    "MiniDuke"
                ], 
                "update": "20241013"
            }, 
            "FireEye": {
                "detected": true, 
                "version": "35.47.0.0", 
                "result": "Generic.mg.b100d530d67cfbe7", 
                "normalized": [], 
                "update": "20241014"
            }, 
            "Jiangmin": {
                "detected": true, 
                "version": "16.0.100", 
                "result": "Backdoor.MiniDuke.ah", 
                "normalized": [
                    "MiniDuke"
                ], 
                "update": "20241013"
            }, 
            "Webroot": {
                "detected": true, 
                "version": "1.0.0.403", 
                "result": "W32.Malware.Gen", 
                "normalized": [], 
                "update": "20241014"
            }, 
            "Google": {
                "detected": true, 
                "version": "1728891026", 
                "result": "Detected", 
                "normalized": [
                    "Detected"
                ], 
                "update": "20241014"
            }, 
            "Avira": {
                "detected": true, 
                "version": "8.3.3.20", 
                "result": "TR/Crypt.XPACK.Gen", 
                "normalized": [
                    "XPACK"
                ], 
                "update": "20241014"
            }, 
            "Antiy-AVL": {
                "detected": true, 
                "version": "3.0", 
                "result": "Trojan[APT]/Win32.APT29", 
                "normalized": [
                    "APT29"
                ], 
                "update": "20241014"
            }, 
            "Kingsoft": {
                "detected": true, 
                "version": "None", 
                "result": "malware.kb.a.995", 
                "normalized": [], 
                "update": "20241009"
            }, 
            "Gridinsoft": {
                "detected": true, 
                "version": "1.0.192.174", 
                "result": "Trojan.Win32.Packed.oa!s4", 
                "normalized": [], 
                "update": "20241014"
            }, 
            "Xcitium": {
                "detected": true, 
                "version": "37129", 
                "result": "Malware@#gfoqw9swnj12", 
                "normalized": [
                    "Malware@#gfoqw9swnj12"
                ], 
                "update": "20241013"
            }, 
            "Microsoft": {
                "detected": true, 
                "version": "1.1.24080.9", 
                "result": "Trojan:Win32/Urelas", 
                "normalized": [
                    "Urelas"
                ], 
                "update": "20241014"
            }, 
            "ViRobot": {
                "detected": false, 
                "version": "2014.3.20.0", 
                "result": null, 
                "normalized": [], 
                "update": "20241014"
            }, 
            "ZoneAlarm": {
                "detected": true, 
                "version": "1.0", 
                "result": "HEUR:Trojan.Win32.Generic", 
                "normalized": [], 
                "update": "20241008"
            }, 
            "GData": {
                "detected": true, 
                "version": "A:25.39049B:27.37807", 
                "result": "Gen:Variant.MiniDuke.1", 
                "normalized": [
                    "MiniDuke"
                ], 
                "update": "20241014"
            }, 
            "Varist": {
                "detected": true, 
                "version": "6.6.1.3", 
                "result": "W32/MiniDuke.A.gen!Eldorado", 
                "normalized": [
                    "MiniDuke", 
                    "Eldorado"
                ], 
                "update": "20241014"
            }, 
            "AhnLab-V3": {
                "detected": true, 
                "version": "3.26.1.10507", 
                "result": "Backdoor/Win.Miniduke.R506688", 
                "normalized": [
                    "Miniduke", 
                    "R506688"
                ], 
                "update": "20241014"
            }, 
            "Acronis": {
                "detected": false, 
                "version": "1.2.0.121", 
                "result": null, 
                "normalized": [], 
                "update": "20240328"
            }, 
            "McAfee": {
                "detected": true, 
                "version": "6.0.6.653", 
                "result": "BackDoor-FAMU!B100D530D67C", 
                "normalized": [
                    "FAMU"
                ], 
                "update": "20241013"
            }, 
            "TACHYON": {
                "detected": false, 
                "version": "2024-10-14.02", 
                "result": null, 
                "normalized": [], 
                "update": "20241014"
            }, 
            "DeepInstinct": {
                "detected": true, 
                "version": "5.0.0.8", 
                "result": "MALICIOUS", 
                "normalized": [
                    "MALICIOUS"
                ], 
                "update": "20241013"
            }, 
            "VBA32": {
                "detected": true, 
                "version": "5.0.0", 
                "result": "Backdoor.MiniDuke", 
                "normalized": [
                    "MiniDuke"
                ], 
                "update": "20241011"
            }, 
            "Malwarebytes": {
                "detected": true, 
                "version": "4.5.5.54", 
                "result": "Malware.AI.3184762307", 
                "normalized": [], 
                "update": "20241014"
            }, 
            "Panda": {
                "detected": true, 
                "version": "4.6.4.2", 
                "result": "Trj/CI.A", 
                "normalized": [], 
                "update": "20241013"
            }, 
            "Zoner": {
                "detected": false, 
                "version": "2.2.2.0", 
                "result": null, 
                "normalized": [], 
                "update": "20241014"
            }, 
            "TrendMicro-HouseCall": {
                "detected": true, 
                "version": "10.0.0.1040", 
                "result": "BKDR_MINIDUKE.SM", 
                "normalized": [
                    "MINIDUKE"
                ], 
                "update": "20241014"
            }, 
            "Tencent": {
                "detected": true, 
                "version": "1.0.0.1", 
                "result": "Malware.Win32.Gencirc.11898213", 
                "normalized": [
                    "Gencirc"
                ], 
                "update": "20241014"
            }, 
            "Yandex": {
                "detected": true, 
                "version": "5.5.2.24", 
                "result": "Trojan.SandyEva!rWExSAMKmY8", 
                "normalized": [
                    "SandyEva", 
                    "rWExSAMKmY8"
                ], 
                "update": "20241014"
            }, 
            "huorong": {
                "detected": true, 
                "version": "5f98eb7:5f98eb7:659eb6d:659eb6d", 
                "result": "Backdoor/Agent.la", 
                "normalized": [], 
                "update": "20241013"
            }, 
            "MaxSecure": {
                "detected": true, 
                "version": "1.0.0.1", 
                "result": "Trojan.Malware.5352999.susgen", 
                "normalized": [
                    "susgen"
                ], 
                "update": "20241011"
            }, 
            "Fortinet": {
                "detected": true, 
                "version": "None", 
                "result": "W32/SandyEva.C!tr", 
                "normalized": [
                    "SandyEva"
                ], 
                "update": "20241014"
            }, 
            "AVG": {
                "detected": true, 
                "version": "23.9.8494.0", 
                "result": "Win32:WormX-gen [Wrm]", 
                "normalized": [
                    "WormX"
                ], 
                "update": "20241014"
            }, 
            "Paloalto": {
                "detected": true, 
                "version": "0.9.0.1003", 
                "result": "generic.ml", 
                "normalized": [], 
                "update": "20241014"
            }, 
            "alibabacloud": {
                "detected": true, 
                "version": "2.2.0", 
                "result": "Trojan:Win/SandyEva.C", 
                "normalized": [
                    "SandyEva"
                ], 
                "update": "20240910"
            }
        }
    }, 
    "network": {
        "udp": [], 
        "dns_servers": [], 
        "http": [], 
        "smtp": [], 
        "tcp": [], 
        "geoinfo": {}, 
        "mitm": [], 
        "https_ex": [], 
        "http_ex": [], 
        "sorted_pcap_sha256": "0ae6df637de9a7dea4e8eb2de9c07318cc746569b980a8fe9ad9533475aa88ff", 
        "icmp": [], 
        "tls": [], 
        "dead_hosts": [], 
        "smtp_ex": [], 
        "hosts": [], 
        "pcap_sha256": "9fe45db3b9e9e9ce8bf37aab76070404a51d8c519a39d78d91d73ce11f53089f", 
        "dns": [], 
        "domains": [], 
        "irc": []
    }, 
    "resubmit": {
        "resubmit_ids": []
    }, 
    "static": {
        "pdb_path": null, 
        "pe_imports": [], 
        "peid_signatures": null, 
        "keys": [], 
        "signature": [], 
        "pe_timestamp": "2013-02-21 13:03:41", 
        "pe_exports": [
            {
                "ordinal": 1, 
                "name": "JnrMfop", 
                "address": "0x3a30200c"
            }
        ], 
        "imported_dll_count": 0, 
        "pe_imphash": "", 
        "pe_resources": [], 
        "pe_versioninfo": [], 
        "pe_sections": [
            {
                "size_of_data": "0x00000200", 
                "virtual_address": "0x00001000", 
                "entropy": 0.43566551123390124, 
                "name": ".edata", 
                "virtual_size": "0x0000003c"
            }, 
            {
                "size_of_data": "0x00000a00", 
                "virtual_address": "0x00002000", 
                "entropy": 3.6529687618681135, 
                "name": ".text", 
                "virtual_size": "0x000009a7"
            }, 
            {
                "size_of_data": "0x00000200", 
                "virtual_address": "0x00003000", 
                "entropy": 0.07763316234324169, 
                "name": ".reloc", 
                "virtual_size": "0x00000008"
            }, 
            {
                "size_of_data": "0x00004600", 
                "virtual_address": "0x00004000", 
                "entropy": 7.555655520383077, 
                "name": ".rdata", 
                "virtual_size": "0x000045d0"
            }
        ]
    }, 
    "snort": {
        "alerts": []
    }, 
    "behavior": {
        "generic": [
            {
                "process_path": "C:\\Windows\\System32\\lsass.exe", 
                "process_name": "lsass.exe", 
                "pid": 500, 
                "summary": {}, 
                "first_seen": 1728918133.15625, 
                "ppid": 384
            }
        ], 
        "processes": [
            {
                "process_path": "C:\\Windows\\System32\\lsass.exe", 
                "calls": [], 
                "track": false, 
                "pid": 500, 
                "process_name": "lsass.exe", 
                "command_line": "C:\\Windows\\system32\\lsass.exe", 
                "modules": [
                    {
                        "basename": "lsass.exe", 
                        "imgsize": 49152, 
                        "baseaddr": "0xffdd0000", 
                        "filepath": "C:\\Windows\\system32\\lsass.exe"
                    }, 
                    {
                        "basename": "ntdll.dll", 
                        "imgsize": 1740800, 
                        "baseaddr": "0x77990000", 
                        "filepath": "C:\\Windows\\SYSTEM32\\ntdll.dll"
                    }, 
                    {
                        "basename": "kernel32.dll", 
                        "imgsize": 1175552, 
                        "baseaddr": "0x77870000", 
                        "filepath": "C:\\Windows\\system32\\kernel32.dll"
                    }, 
                    {
                        "basename": "KERNELBASE.dll", 
                        "imgsize": 438272, 
                        "baseaddr": "0x7fefd9e0000", 
                        "filepath": "C:\\Windows\\system32\\KERNELBASE.dll"
                    }, 
                    {
                        "basename": "msvcrt.dll", 
                        "imgsize": 651264, 
                        "baseaddr": "0x7feffa00000", 
                        "filepath": "C:\\Windows\\system32\\msvcrt.dll"
                    }, 
                    {
                        "basename": "RPCRT4.dll", 
                        "imgsize": 1232896, 
                        "baseaddr": "0x7fefdb70000", 
                        "filepath": "C:\\Windows\\system32\\RPCRT4.dll"
                    }, 
                    {
                        "basename": "SspiSrv.dll", 
                        "imgsize": 45056, 
                        "baseaddr": "0x7fefd590000", 
                        "filepath": "C:\\Windows\\system32\\SspiSrv.dll"
                    }, 
                    {
                        "basename": "lsasrv.dll", 
                        "imgsize": 1470464, 
                        "baseaddr": "0x7fefd400000", 
                        "filepath": "C:\\Windows\\system32\\lsasrv.dll"
                    }, 
                    {
                        "basename": "sechost.dll", 
                        "imgsize": 126976, 
                        "baseaddr": "0x7fefdca0000", 
                        "filepath": "C:\\Windows\\SYSTEM32\\sechost.dll"
                    }, 
                    {
                        "basename": "SspiCli.dll", 
                        "imgsize": 151552, 
                        "baseaddr": "0x7fefd5a0000", 
                        "filepath": "C:\\Windows\\system32\\SspiCli.dll"
                    }, 
                    {
                        "basename": "ADVAPI32.dll", 
                        "imgsize": 897024, 
                        "baseaddr": "0x7fefe3e0000", 
                        "filepath": "C:\\Windows\\system32\\ADVAPI32.dll"
                    }, 
                    {
                        "basename": "USER32.dll", 
                        "imgsize": 1024000, 
                        "baseaddr": "0x77770000", 
                        "filepath": "C:\\Windows\\system32\\USER32.dll"
                    }, 
                    {
                        "basename": "GDI32.dll", 
                        "imgsize": 421888, 
                        "baseaddr": "0x7fefe7a0000", 
                        "filepath": "C:\\Windows\\system32\\GDI32.dll"
                    }, 
                    {
                        "basename": "LPK.dll", 
                        "imgsize": 57344, 
                        "baseaddr": "0x7feffbc0000", 
                        "filepath": "C:\\Windows\\system32\\LPK.dll"
                    }, 
                    {
                        "basename": "USP10.dll", 
                        "imgsize": 823296, 
                        "baseaddr": "0x7feffbd0000", 
                        "filepath": "C:\\Windows\\system32\\USP10.dll"
                    }, 
                    {
                        "basename": "SAMSRV.dll", 
                        "imgsize": 774144, 
                        "baseaddr": "0x7fefd270000", 
                        "filepath": "C:\\Windows\\system32\\SAMSRV.dll"
                    }, 
                    {
                        "basename": "cryptdll.dll", 
                        "imgsize": 81920, 
                        "baseaddr": "0x7fefd250000", 
                        "filepath": "C:\\Windows\\system32\\cryptdll.dll"
                    }, 
                    {
                        "basename": "MSASN1.dll", 
                        "imgsize": 61440, 
                        "baseaddr": "0x7fefd7e0000", 
                        "filepath": "C:\\Windows\\system32\\MSASN1.dll"
                    }, 
                    {
                        "basename": "wevtapi.dll", 
                        "imgsize": 446464, 
                        "baseaddr": "0x7fefd1e0000", 
                        "filepath": "C:\\Windows\\system32\\wevtapi.dll"
                    }, 
                    {
                        "basename": "IMM32.DLL", 
                        "imgsize": 188416, 
                        "baseaddr": "0x7fefe810000", 
                        "filepath": "C:\\Windows\\system32\\IMM32.DLL"
                    }, 
                    {
                        "basename": "MSCTF.dll", 
                        "imgsize": 1085440, 
                        "baseaddr": "0x7fefdcd0000", 
                        "filepath": "C:\\Windows\\system32\\MSCTF.dll"
                    }, 
                    {
                        "basename": "cngaudit.dll", 
                        "imgsize": 36864, 
                        "baseaddr": "0x7fefd1d0000", 
                        "filepath": "C:\\Windows\\system32\\cngaudit.dll"
                    }, 
                    {
                        "basename": "AUTHZ.dll", 
                        "imgsize": 192512, 
                        "baseaddr": "0x7fefd1a0000", 
                        "filepath": "C:\\Windows\\system32\\AUTHZ.dll"
                    }, 
                    {
                        "basename": "ncrypt.dll", 
                        "imgsize": 319488, 
                        "baseaddr": "0x7fefd150000", 
                        "filepath": "C:\\Windows\\system32\\ncrypt.dll"
                    }, 
                    {
                        "basename": "bcrypt.dll", 
                        "imgsize": 139264, 
                        "baseaddr": "0x7fefd120000", 
                        "filepath": "C:\\Windows\\system32\\bcrypt.dll"
                    }, 
                    {
                        "basename": "msprivs.DLL", 
                        "imgsize": 8192, 
                        "baseaddr": "0x75570000", 
                        "filepath": "C:\\Windows\\system32\\msprivs.DLL"
                    }, 
                    {
                        "basename": "netjoin.dll", 
                        "imgsize": 204800, 
                        "baseaddr": "0x7fefd0e0000", 
                        "filepath": "C:\\Windows\\system32\\netjoin.dll"
                    }, 
                    {
                        "basename": "negoexts.DLL", 
                        "imgsize": 147456, 
                        "baseaddr": "0x7fefd0b0000", 
                        "filepath": "C:\\Windows\\system32\\negoexts.DLL"
                    }, 
                    {
                        "basename": "Secur32.dll", 
                        "imgsize": 45056, 
                        "baseaddr": "0x7fefd3e0000", 
                        "filepath": "C:\\Windows\\system32\\Secur32.dll"
                    }, 
                    {
                        "basename": "cryptbase.dll", 
                        "imgsize": 61440, 
                        "baseaddr": "0x7fefd630000", 
                        "filepath": "C:\\Windows\\system32\\cryptbase.dll"
                    }, 
                    {
                        "basename": "kerberos.DLL", 
                        "imgsize": 737280, 
                        "baseaddr": "0x7fefcff0000", 
                        "filepath": "C:\\Windows\\system32\\kerberos.DLL"
                    }, 
                    {
                        "basename": "CRYPTSP.dll", 
                        "imgsize": 94208, 
                        "baseaddr": "0x7fefcfd0000", 
                        "filepath": "C:\\Windows\\system32\\CRYPTSP.dll"
                    }, 
                    {
                        "basename": "WS2_32.dll", 
                        "imgsize": 315392, 
                        "baseaddr": "0x7fefe020000", 
                        "filepath": "C:\\Windows\\system32\\WS2_32.dll"
                    }, 
                    {
                        "basename": "NSI.dll", 
                        "imgsize": 32768, 
                        "baseaddr": "0x7fefdcc0000", 
                        "filepath": "C:\\Windows\\system32\\NSI.dll"
                    }, 
                    {
                        "basename": "mswsock.dll", 
                        "imgsize": 348160, 
                        "baseaddr": "0x7fefcf70000", 
                        "filepath": "C:\\Windows\\system32\\mswsock.dll"
                    }, 
                    {
                        "basename": "wship6.dll", 
                        "imgsize": 28672, 
                        "baseaddr": "0x7fefcf60000", 
                        "filepath": "C:\\Windows\\System32\\wship6.dll"
                    }, 
                    {
                        "basename": "msv1_0.DLL", 
                        "imgsize": 331776, 
                        "baseaddr": "0x7fefcf00000", 
                        "filepath": "C:\\Windows\\system32\\msv1_0.DLL"
                    }, 
                    {
                        "basename": "netlogon.DLL", 
                        "imgsize": 712704, 
                        "baseaddr": "0x7fefce50000", 
                        "filepath": "C:\\Windows\\system32\\netlogon.DLL"
                    }, 
                    {
                        "basename": "DNSAPI.dll", 
                        "imgsize": 372736, 
                        "baseaddr": "0x7fefcdf0000", 
                        "filepath": "C:\\Windows\\system32\\DNSAPI.dll"
                    }, 
                    {
                        "basename": "logoncli.dll", 
                        "imgsize": 196608, 
                        "baseaddr": "0x7fefcdc0000", 
                        "filepath": "C:\\Windows\\system32\\logoncli.dll"
                    }, 
                    {
                        "basename": "schannel.DLL", 
                        "imgsize": 356352, 
                        "baseaddr": "0x7fefcd60000", 
                        "filepath": "C:\\Windows\\system32\\schannel.DLL"
                    }, 
                    {
                        "basename": "CRYPT32.dll", 
                        "imgsize": 1470464, 
                        "baseaddr": "0x7fefd800000", 
                        "filepath": "C:\\Windows\\system32\\CRYPT32.dll"
                    }, 
                    {
                        "basename": "wdigest.DLL", 
                        "imgsize": 221184, 
                        "baseaddr": "0x7fefcd20000", 
                        "filepath": "C:\\Windows\\system32\\wdigest.DLL"
                    }, 
                    {
                        "basename": "rsaenh.dll", 
                        "imgsize": 290816, 
                        "baseaddr": "0x7fefccd0000", 
                        "filepath": "C:\\Windows\\system32\\rsaenh.dll"
                    }, 
                    {
                        "basename": "tspkg.DLL", 
                        "imgsize": 98304, 
                        "baseaddr": "0x7fefccb0000", 
                        "filepath": "C:\\Windows\\system32\\tspkg.DLL"
                    }, 
                    {
                        "basename": "pku2u.DLL", 
                        "imgsize": 282624, 
                        "baseaddr": "0x7fefcc60000", 
                        "filepath": "C:\\Windows\\system32\\pku2u.DLL"
                    }, 
                    {
                        "basename": "bcryptprimitives.dll", 
                        "imgsize": 311296, 
                        "baseaddr": "0x7fefcc10000", 
                        "filepath": "C:\\Windows\\system32\\bcryptprimitives.dll"
                    }, 
                    {
                        "basename": "RpcRtRemote.dll", 
                        "imgsize": 81920, 
                        "baseaddr": "0x7fefd720000", 
                        "filepath": "C:\\Windows\\system32\\RpcRtRemote.dll"
                    }, 
                    {
                        "basename": "efslsaext.dll", 
                        "imgsize": 73728, 
                        "baseaddr": "0x7fefcbf0000", 
                        "filepath": "C:\\Windows\\system32\\efslsaext.dll"
                    }, 
                    {
                        "basename": "scecli.DLL", 
                        "imgsize": 253952, 
                        "baseaddr": "0x7fefcbb0000", 
                        "filepath": "C:\\Windows\\system32\\scecli.DLL"
                    }, 
                    {
                        "basename": "credssp.dll", 
                        "imgsize": 40960, 
                        "baseaddr": "0x7fefcba0000", 
                        "filepath": "C:\\Windows\\system32\\credssp.dll"
                    }, 
                    {
                        "basename": "WINSTA.dll", 
                        "imgsize": 249856, 
                        "baseaddr": "0x7fefd6e0000", 
                        "filepath": "C:\\Windows\\system32\\WINSTA.dll"
                    }, 
                    {
                        "basename": "IPHLPAPI.DLL", 
                        "imgsize": 159744, 
                        "baseaddr": "0x7fefb330000", 
                        "filepath": "C:\\Windows\\system32\\IPHLPAPI.DLL"
                    }, 
                    {
                        "basename": "WINNSI.DLL", 
                        "imgsize": 45056, 
                        "baseaddr": "0x7fefb320000", 
                        "filepath": "C:\\Windows\\system32\\WINNSI.DLL"
                    }, 
                    {
                        "basename": "netutils.dll", 
                        "imgsize": 49152, 
                        "baseaddr": "0x7fefb080000", 
                        "filepath": "C:\\Windows\\system32\\netutils.dll"
                    }, 
                    {
                        "basename": "USERENV.dll", 
                        "imgsize": 122880, 
                        "baseaddr": "0x7fefca90000", 
                        "filepath": "C:\\Windows\\system32\\USERENV.dll"
                    }, 
                    {
                        "basename": "profapi.dll", 
                        "imgsize": 61440, 
                        "baseaddr": "0x7fefd740000", 
                        "filepath": "C:\\Windows\\system32\\profapi.dll"
                    }, 
                    {
                        "basename": "wshtcpip.dll", 
                        "imgsize": 28672, 
                        "baseaddr": "0x7fefc970000", 
                        "filepath": "C:\\Windows\\System32\\wshtcpip.dll"
                    }, 
                    {
                        "basename": "dssenh.dll", 
                        "imgsize": 204800, 
                        "baseaddr": "0x7fef3f70000", 
                        "filepath": "C:\\Windows\\system32\\dssenh.dll"
                    }, 
                    {
                        "basename": "GPAPI.dll", 
                        "imgsize": 110592, 
                        "baseaddr": "0x7fefca70000", 
                        "filepath": "C:\\Windows\\system32\\GPAPI.dll"
                    }, 
                    {
                        "basename": "monitor-x64.dll", 
                        "imgsize": 2269184, 
                        "baseaddr": "0x74d40000", 
                        "filepath": "C:\\tmptpreht\\bin\\monitor-x64.dll"
                    }
                ], 
                "time": 0, 
                "tid": 1904, 
                "first_seen": 1728918133.15625, 
                "ppid": 384, 
                "type": "process"
            }
        ], 
        "processtree": [
            {
                "track": false, 
                "pid": 500, 
                "process_name": "lsass.exe", 
                "command_line": "C:\\Windows\\system32\\lsass.exe", 
                "first_seen": 1728918133.15625, 
                "ppid": 384, 
                "children": []
            }
        ]
    }, 
    "debug": {
        "action": [], 
        "dbgview": [], 
        "errors": [], 
        "log": [
            "2024-10-14 14:02:12,015 [analyzer] DEBUG: Starting analyzer from: C:\\tmptpreht\n", 
            "2024-10-14 14:02:12,015 [analyzer] DEBUG: Pipe server name: \\??\\PIPE\\ZhZwVrHGvpTgkGulVoRS\n", 
            "2024-10-14 14:02:12,015 [analyzer] DEBUG: Log pipe server name: \\??\\PIPE\\YjdGQhPlIKmghmFtYbixfQQPS\n", 
            "2024-10-14 14:02:12,375 [analyzer] DEBUG: Started auxiliary module Curtain\n", 
            "2024-10-14 14:02:12,375 [analyzer] DEBUG: Started auxiliary module DbgView\n", 
            "2024-10-14 14:02:13,015 [analyzer] DEBUG: Started auxiliary module Disguise\n", 
            "2024-10-14 14:02:13,217 [analyzer] DEBUG: Loaded monitor into process with pid 500\n", 
            "2024-10-14 14:02:13,217 [analyzer] DEBUG: Started auxiliary module DumpTLSMasterSecrets\n", 
            "2024-10-14 14:02:13,217 [analyzer] DEBUG: Started auxiliary module Human\n", 
            "2024-10-14 14:02:13,217 [analyzer] DEBUG: Started auxiliary module InstallCertificate\n", 
            "2024-10-14 14:02:13,217 [analyzer] DEBUG: Started auxiliary module Reboot\n", 
            "2024-10-14 14:02:13,312 [analyzer] DEBUG: Started auxiliary module RecentFiles\n", 
            "2024-10-14 14:02:13,312 [analyzer] DEBUG: Started auxiliary module Screenshots\n", 
            "2024-10-14 14:02:13,312 [analyzer] DEBUG: Started auxiliary module Sysmon\n", 
            "2024-10-14 14:02:13,312 [analyzer] DEBUG: Started auxiliary module LoadZer0m0n\n", 
            "2024-10-14 14:02:13,390 [lib.api.process] ERROR: Failed to execute process from path u'C:\\\\Users\\\\ADMINI~1\\\\AppData\\\\Local\\\\Temp\\\\9c13a32033bc7dd06016651b0f21a2bed9be1dc40c6879f925c71e05f4f1c8f7.exe' with arguments ['bin\\\\inject-x86.exe', '--app', u'C:\\\\Users\\\\ADMINI~1\\\\AppData\\\\Local\\\\Temp\\\\9c13a32033bc7dd06016651b0f21a2bed9be1dc40c6879f925c71e05f4f1c8f7.exe', '--only-start', '--curdir', 'C:\\\\Users\\\\ADMINI~1\\\\AppData\\\\Local\\\\Temp'] (Error: Command '['bin\\\\inject-x86.exe', '--app', u'C:\\\\Users\\\\ADMINI~1\\\\AppData\\\\Local\\\\Temp\\\\9c13a32033bc7dd06016651b0f21a2bed9be1dc40c6879f925c71e05f4f1c8f7.exe', '--only-start', '--curdir', 'C:\\\\Users\\\\ADMINI~1\\\\AppData\\\\Local\\\\Temp']' returned non-zero exit status 1)\n"
        ], 
        "cuckoo": [
            "2024-10-14 17:20:41,427 [cuckoo.core.scheduler] INFO: Task #5291101: acquired machine win7x641 (label=win7x641)\n", 
            "2024-10-14 17:20:41,428 [cuckoo.core.resultserver] DEBUG: Now tracking machine 192.168.168.201 for task #5291101\n", 
            "2024-10-14 17:20:42,136 [cuckoo.auxiliary.sniffer] INFO: Started sniffer with PID 1966237 (interface=vboxnet0, host=192.168.168.201)\n", 
            "2024-10-14 17:20:42,783 [cuckoo.machinery.virtualbox] DEBUG: Starting vm win7x641\n", 
            "2024-10-14 17:20:43,986 [cuckoo.machinery.virtualbox] DEBUG: Restoring virtual machine win7x641 to vmcloak\n", 
            "2024-10-14 17:23:36,678 [cuckoo.core.guest] INFO: Starting analysis #5291101 on guest (id=win7x641, ip=192.168.168.201)\n", 
            "2024-10-14 17:23:37,682 [cuckoo.core.guest] DEBUG: win7x641: not ready yet\n", 
            "2024-10-14 17:23:42,705 [cuckoo.core.guest] INFO: Guest is running Cuckoo Agent 0.10 (id=win7x641, ip=192.168.168.201)\n", 
            "2024-10-14 17:23:42,810 [cuckoo.core.guest] DEBUG: Uploading analyzer to guest (id=win7x641, ip=192.168.168.201, monitor=latest, size=6660546)\n", 
            "2024-10-14 17:23:44,223 [cuckoo.core.resultserver] DEBUG: Task #5291101: live log analysis.log initialized.\n", 
            "2024-10-14 17:23:45,389 [cuckoo.core.resultserver] DEBUG: Task #5291101 is sending a BSON stream\n", 
            "2024-10-14 17:23:47,183 [cuckoo.core.guest] WARNING: win7x641: analysis #5291101 caught an exception\n", 
            "Traceback (most recent call last):\n", 
            "  File \"C:/tmptpreht/analyzer.py\", line 824, in <module>\n", 
            "    success = analyzer.run()\n", 
            "  File \"C:/tmptpreht/analyzer.py\", line 673, in run\n", 
            "    pids = self.package.start(self.target)\n", 
            "  File \"C:\\tmptpreht\\modules\\packages\\exe.py\", line 34, in start\n", 
            "    return self.execute(path, args=shlex.split(args))\n", 
            "  File \"C:\\tmptpreht\\lib\\common\\abstracts.py\", line 205, in execute\n", 
            "    \"Unable to execute the initial process, analysis aborted.\"\n", 
            "CuckooPackageError: Unable to execute the initial process, analysis aborted.\n", 
            "\n", 
            "2024-10-14 17:23:47,188 [cuckoo.core.resultserver] DEBUG: Task #5291101: File upload for 'shots/0001.jpg'\n", 
            "2024-10-14 17:23:47,203 [cuckoo.core.resultserver] DEBUG: Task #5291101 uploaded file length: 133503\n", 
            "2024-10-14 17:23:47,205 [cuckoo.core.plugins] DEBUG: Stopped auxiliary module: Redsocks\n", 
            "2024-10-14 17:23:47,264 [cuckoo.core.plugins] DEBUG: Stopped auxiliary module: Sniffer\n", 
            "2024-10-14 17:23:48,827 [cuckoo.machinery.virtualbox] INFO: Successfully generated memory dump for virtual machine with label win7x641 to path /srv/cuckoo/cwd/storage/analyses/5291101/memory.dmp\n", 
            "2024-10-14 17:23:48,828 [cuckoo.machinery.virtualbox] DEBUG: Stopping vm win7x641\n", 
            "2024-10-14 17:25:34,653 [cuckoo.core.resultserver] DEBUG: Stopped tracking machine 192.168.168.201 for task #5291101\n", 
            "2024-10-14 17:25:34,653 [cuckoo.core.resultserver] DEBUG: Cancel <Context for LOG> for task 5291101\n", 
            "2024-10-14 17:25:35,228 [cuckoo.core.scheduler] DEBUG: Released database task #5291101\n", 
            "2024-10-14 17:25:45,438 [cuckoo.core.scheduler] INFO: Task #5291101: analysis procedure completed\n"
        ]
    }, 
    "strings": [
        "!This program cannot be run in DOS mode.", 
        ".edata", 
        "@.text", 
        "`.reloc", 
        ".rdata", 
        "JnrMfop", 
        "$rotehualP", 
        "$Virt1", 
        "tjFm2$I", 
        "Rz^\u001fiP", 
        ">^:4hs", 
        "/^s$JW", 
        "iH)n5M", 
        "/]@Cf-", 
        "cShVZ6", 
        "^?(%&gw", 
        "t`Rz^\u001f", 
        "5+- {[S)=+", 
        "RzV\u001f*r", 
        "18pEyX", 
        "vhZxC:", 
        "9}^-3%", 
        "eHQ)E^", 
        "/^s$*R", 
        "s-8mX1", 
        "s-8mXw", 
        "t*\\G%5a", 
        "1{AMwq", 
        "t*\\G%9a"
    ], 
    "intelmq": [
        {
            "classification_taxonomy": "malicious-code", 
            "classification_type": "infected-system", 
            "feed_provider": "CERT-EE", 
            "time_source": "2024-08-15T16:18:39.796298+00:00", 
            "feed_name": "Sandbox", 
            "ioc": "43fa0d5a30b4cd72bb7e156c00c1611bb4f4bd0a", 
            "id": "oBnxVpEBJ8b3ASlsBIio", 
            "index": "imq-2024-08", 
            "url": "https://kips.cert.ee/app/discover#/doc/imq/imq-2024-08/?id=oBnxVpEBJ8b3ASlsBIio", 
            "time_observation": "2024-08-15T16:18:39+00:00", 
            "feed_accuracy": 50
        }, 
        {
            "classification_taxonomy": "malicious-code", 
            "classification_type": "infected-system", 
            "feed_provider": "CERT-EE", 
            "time_source": "2024-03-16T17:24:14.746196+00:00", 
            "feed_name": "Sandbox", 
            "ioc": "43fa0d5a30b4cd72bb7e156c00c1611bb4f4bd0a", 
            "id": "mbBKSI4BJ8b3ASls8X-A", 
            "index": "imq-2024-03", 
            "url": "https://kips.cert.ee/app/discover#/doc/imq/imq-2024-03/?id=mbBKSI4BJ8b3ASls8X-A", 
            "time_observation": "2024-03-16T17:24:14+00:00", 
            "feed_accuracy": 50
        }, 
        {
            "classification_taxonomy": "malicious-code", 
            "classification_type": "infected-system", 
            "feed_provider": "CERT-EE", 
            "time_source": "2024-03-16T17:24:14.746361+00:00", 
            "feed_name": "Sandbox", 
            "ioc": "43fa0d5a30b4cd72bb7e156c00c1611bb4f4bd0a", 
            "id": "mrBKSI4BJ8b3ASls8X-K", 
            "index": "imq-2024-03", 
            "url": "https://kips.cert.ee/app/discover#/doc/imq/imq-2024-03/?id=mrBKSI4BJ8b3ASls8X-K", 
            "time_observation": "2024-03-16T17:24:14+00:00", 
            "feed_accuracy": 50
        }, 
        {
            "classification_taxonomy": "malicious-code", 
            "classification_type": "infected-system", 
            "feed_provider": "CERT-EE", 
            "time_source": "2023-03-11T15:12:49.330342+00:00", 
            "feed_name": "CERT-EE own finding", 
            "ioc": "43fa0d5a30b4cd72bb7e156c00c1611bb4f4bd0a", 
            "id": "Wsup0YYBMVxc0rr3JxnS", 
            "index": "imq-2023-03", 
            "url": "https://kips.cert.ee/app/discover#/doc/imq/imq-2023-03/?id=Wsup0YYBMVxc0rr3JxnS", 
            "time_observation": "2023-03-11T17:12:49+00:00", 
            "feed_accuracy": 50
        }, 
        {
            "classification_taxonomy": "malicious-code", 
            "classification_type": "infected-system", 
            "feed_provider": "CERT-EE", 
            "time_source": "2023-03-11T15:12:49.330555+00:00", 
            "feed_name": "CERT-EE own finding", 
            "ioc": "43fa0d5a30b4cd72bb7e156c00c1611bb4f4bd0a", 
            "id": "W8up0YYBMVxc0rr3Jxnb", 
            "index": "imq-2023-03", 
            "url": "https://kips.cert.ee/app/discover#/doc/imq/imq-2023-03/?id=W8up0YYBMVxc0rr3Jxnb", 
            "time_observation": "2023-03-11T17:12:49+00:00", 
            "feed_accuracy": 50
        }
    ], 
    "metadata": {
        "output": {
            "pcap": {
                "basename": "dump.pcap", 
                "sha256": "9fe45db3b9e9e9ce8bf37aab76070404a51d8c519a39d78d91d73ce11f53089f", 
                "dirname": ""
            }
        }
    }
}