{"started_on": {"$dt": "2024-10-14T17:19:53.281004"}, "duration": -1, "sample_id": 5139919, "owner": null, "id": 5291094, "category": "file", "priority": 2, "guest": {"status": "stopped", "name": "win7x646", "label": "win7x646", "manager": "VirtualBox", "started_on": "2024-10-14 17:19:54", "shutdown_on": "2024-10-14 17:24:59"}, "clock": {"$dt": "2024-10-14T14:02:12.331412"}, "custom": null, "machine": null, "platform": "windows", "memory": true, "status": "running", "tags": [], "processing": null, "enforce_timeout": false, "completed_on": null, "target": "/srv/cuckoo/cwd/storage/cuckoo-tmp/tmpfi9odO/2f9834f7b7fe09d98ef7b27d3828691ed4b361d1ccbbf8e10703f9ec03b05259", "package": "exe", "route": "internet", "timeout": 300, "submit_id": 5121426, "options": {"procmemdump": "yes", "route": "internet"}, "added_on": {"$dt": "2024-10-14T14:02:12.331478"}}