{"started_on": {"$dt": "2024-10-14T17:22:46.583423"}, "duration": -1, "sample_id": 5139946, "owner": null, "id": 5291121, "category": "file", "priority": 2, "guest": {"status": "stopped", "name": "win7x6430", "label": "win7x6430", "manager": "VirtualBox", "started_on": "2024-10-14 17:24:14", "shutdown_on": "2024-10-14 17:34:09"}, "clock": {"$dt": "2024-10-14T14:03:45.951046"}, "custom": null, "machine": null, "platform": "windows", "memory": true, "status": "running", "tags": [], "processing": null, "enforce_timeout": false, "completed_on": null, "target": "/srv/cuckoo/cwd/storage/cuckoo-tmp/tmpytT7gB/2cab9946741fc4cddefcec2104d4fe6d76390868f60f3207e9cb0e210bbe8db0", "package": "exe", "route": "internet", "timeout": 300, "submit_id": 5121430, "options": {"procmemdump": "yes", "route": "internet"}, "added_on": {"$dt": "2024-10-14T14:03:45.951115"}}