{"started_on": {"$dt": "2024-10-14T17:10:23.619392"}, "duration": -1, "sample_id": 5139874, "owner": null, "id": 5291049, "category": "file", "priority": 2, "guest": {"status": "stopped", "name": "win7x6430", "label": "win7x6430", "manager": "VirtualBox", "started_on": "2024-10-14 17:14:19", "shutdown_on": "2024-10-14 17:18:09"}, "clock": {"$dt": "2024-10-14T13:59:16.023584"}, "custom": null, "machine": null, "platform": "windows", "memory": true, "status": "running", "tags": [], "processing": null, "enforce_timeout": false, "completed_on": null, "target": "/srv/cuckoo/cwd/storage/cuckoo-tmp/tmpFCq_tg/3f17aadb4a41292e7b208a467f3a8be3e2a88d77a23cba54092673dfd3dff155", "package": "exe", "route": "internet", "timeout": 300, "submit_id": 5121421, "options": {"procmemdump": "yes", "route": "internet"}, "added_on": {"$dt": "2024-10-14T13:59:16.023625"}}