{"started_on": {"$dt": "2024-10-14T17:20:34.578665"}, "duration": -1, "sample_id": 5139925, "owner": null, "id": 5291100, "category": "file", "priority": 2, "guest": {"status": "stopped", "name": "win7x643", "label": "win7x643", "manager": "VirtualBox", "started_on": "2024-10-14 17:20:38", "shutdown_on": "2024-10-14 17:25:33"}, "clock": {"$dt": "2024-10-14T14:02:12.735362"}, "custom": null, "machine": null, "platform": "windows", "memory": true, "status": "running", "tags": [], "processing": null, "enforce_timeout": false, "completed_on": null, "target": "/srv/cuckoo/cwd/storage/cuckoo-tmp/tmp13iCjq/8d457e4189017712917c5c8f900bb9072c5910c9f975c50337115f952d885635", "package": "exe", "route": "internet", "timeout": 300, "submit_id": 5121426, "options": {"procmemdump": "yes", "route": "internet"}, "added_on": {"$dt": "2024-10-14T14:02:12.735410"}}