{"started_on": {"$dt": "2024-10-14T17:21:40.149358"}, "duration": -1, "sample_id": 5139939, "owner": null, "id": 5291114, "category": "file", "priority": 2, "guest": {"status": "stopped", "name": "win7x6427", "label": "win7x6427", "manager": "VirtualBox", "started_on": "2024-10-14 17:22:28", "shutdown_on": "2024-10-14 17:33:02"}, "clock": {"$dt": "2024-10-14T14:03:02.606381"}, "custom": null, "machine": null, "platform": "windows", "memory": true, "status": "running", "tags": [], "processing": null, "enforce_timeout": false, "completed_on": null, "target": "/srv/cuckoo/cwd/storage/cuckoo-tmp/tmp9qXJvY/98f028dfd1ef15f10c1184823ae7199e329aa3c811d511d183ee83e68af3c980", "package": "exe", "route": "internet", "timeout": 300, "submit_id": 5121428, "options": {"procmemdump": "yes", "route": "internet"}, "added_on": {"$dt": "2024-10-14T14:03:02.606429"}}