{"started_on": {"$dt": "2024-10-14T17:08:32.588475"}, "duration": -1, "sample_id": 5139859, "owner": null, "id": 5291034, "category": "file", "priority": 2, "guest": {"status": "stopped", "name": "win7x6423", "label": "win7x6423", "manager": "VirtualBox", "started_on": "2024-10-14 17:09:03", "shutdown_on": "2024-10-14 17:18:13"}, "clock": {"$dt": "2024-10-14T13:58:16.302834"}, "custom": null, "machine": null, "platform": "windows", "memory": true, "status": "running", "tags": [], "processing": null, "enforce_timeout": false, "completed_on": null, "target": "/srv/cuckoo/cwd/storage/cuckoo-tmp/tmpq_HqjT/1d0d00c76353c8a1d2e33af602238244f0e0417193d7f65cfca4f4b576107071", "package": "exe", "route": "internet", "timeout": 300, "submit_id": 5121420, "options": {"procmemdump": "yes", "route": "internet"}, "added_on": {"$dt": "2024-10-14T13:58:16.302869"}}