{"started_on": {"$dt": "2024-10-14T17:21:46.601944"}, "duration": -1, "sample_id": 5139940, "owner": null, "id": 5291115, "category": "file", "priority": 2, "guest": {"status": "stopped", "name": "win7x645", "label": "win7x645", "manager": "VirtualBox", "started_on": "2024-10-14 17:23:43", "shutdown_on": "2024-10-14 17:33:16"}, "clock": {"$dt": "2024-10-14T14:03:02.674901"}, "custom": null, "machine": null, "platform": "windows", "memory": true, "status": "running", "tags": [], "processing": null, "enforce_timeout": false, "completed_on": null, "target": "/srv/cuckoo/cwd/storage/cuckoo-tmp/tmpr3Wq9I/163e7330b1c7e93c5f03f9bb732d0cff6b88c2df29504a3696b396fc8f7a9e1f", "package": "exe", "route": "internet", "timeout": 300, "submit_id": 5121428, "options": {"procmemdump": "yes", "route": "internet"}, "added_on": {"$dt": "2024-10-14T14:03:02.674961"}}