{"started_on": {"$dt": "2024-10-14T17:09:20.975380"}, "duration": -1, "sample_id": 5139863, "owner": null, "id": 5291038, "category": "file", "priority": 2, "guest": {"status": "stopped", "name": "win7x645", "label": "win7x645", "manager": "VirtualBox", "started_on": "2024-10-14 17:09:43", "shutdown_on": "2024-10-14 17:15:22"}, "clock": {"$dt": "2024-10-14T13:58:16.420588"}, "custom": null, "machine": null, "platform": "windows", "memory": true, "status": "running", "tags": [], "processing": null, "enforce_timeout": false, "completed_on": null, "target": "/srv/cuckoo/cwd/storage/cuckoo-tmp/tmpsdi9S4/6b3b6ae4dd02cbd4a01075f0a3d92412c338368e281fbb7f413ebcb9d5a79990", "package": "exe", "route": "internet", "timeout": 300, "submit_id": 5121420, "options": {"procmemdump": "yes", "route": "internet"}, "added_on": {"$dt": "2024-10-14T13:58:16.420624"}}