{
    "info": {
        "added": 1728914532.830383, 
        "started": 1728926454.081243, 
        "duration": 373, 
        "ended": 1728926827.109145, 
        "owner": null, 
        "score": 10, 
        "id": 5291103, 
        "category": "file", 
        "git": {
            "head": "", 
            "fetch_head": ""
        }, 
        "monitor": null, 
        "package": "exe", 
        "route": "internet", 
        "custom": null, 
        "machine": {
            "status": "stopped", 
            "name": "win7x6410", 
            "label": "win7x6410", 
            "platform": "windows", 
            "manager": "VirtualBox", 
            "started_on": "2024-10-14 17:22:27", 
            "shutdown_on": "2024-10-14 17:27:06"
        }, 
        "platform": "windows", 
        "version": "2.0.7", 
        "options": "procmemdump=yes,route=internet"
    }, 
    "signatures": [
        {
            "families": [], 
            "description": "Yara rule detected for file", 
            "severity": 1, 
            "ttp": {}, 
            "markcount": 1, 
            "references": [], 
            "marks": [
                {
                    "type": "generic", 
                    "description": "Take screenshot", 
                    "rule": "screenshot"
                }
            ], 
            "name": "file_yara"
        }, 
        {
            "families": [], 
            "description": "The binary likely contains encrypted or compressed data indicative of a packer", 
            "severity": 2, 
            "ttp": {
                "T1045": {
                    "short": "Software Packing", 
                    "long": "Software packing is a method of compressing or encrypting an executable. Packing an executable changes the file signature in an attempt to avoid signature-based detection. Most decompression techniques decompress the executable code in memory."
                }
            }, 
            "markcount": 2, 
            "references": [
                "http://www.forensickb.com/2013/03/file-entropy-explained.html", 
                "http://virii.es/U/Using%20Entropy%20Analysis%20to%20Find%20Encrypted%20and%20Packed%20Malware.pdf"
            ], 
            "marks": [
                {
                    "entropy": 7.5087429401709755, 
                    "section": {
                        "size_of_data": "0x00003600", 
                        "virtual_address": "0x00005000", 
                        "entropy": 7.5087429401709755, 
                        "name": ".data", 
                        "virtual_size": "0x00003468"
                    }, 
                    "type": "generic", 
                    "description": "A section with a high entropy has been found"
                }, 
                {
                    "entropy": 0.7714285714285715, 
                    "type": "generic", 
                    "description": "Overall entropy of this PE file is high"
                }
            ], 
            "name": "packer_entropy"
        }, 
        {
            "families": [], 
            "description": "File has been identified by 15 AntiVirus engine on IRMA as malicious", 
            "severity": 60, 
            "ttp": {}, 
            "markcount": 15, 
            "references": [], 
            "marks": [
                {
                    "category": "G Data Antivirus (Windows)", 
                    "ioc": "Virus: Gen:Variant.Razy.451399 (Engine A)", 
                    "type": "ioc", 
                    "description": null
                }, 
                {
                    "category": "Avast Core Security (Linux)", 
                    "ioc": "Win32:Evo-gen [Trj]", 
                    "type": "ioc", 
                    "description": null
                }, 
                {
                    "category": "C4S ClamAV (Linux)", 
                    "ioc": "Win.Trojan.Agent-372920", 
                    "type": "ioc", 
                    "description": null
                }, 
                {
                    "category": "F-Secure Antivirus (Linux)", 
                    "ioc": "Backdoor:W32/MiniDuke.G [FSE]", 
                    "type": "ioc", 
                    "description": null
                }, 
                {
                    "category": "Windows Defender (Windows)", 
                    "ioc": "Trojan:Win32/Tiggre!rfn", 
                    "type": "ioc", 
                    "description": null
                }, 
                {
                    "category": "Microsoft Defender ATP (Linux)", 
                    "ioc": "TrojanSpy:Win32/Travnet.C", 
                    "type": "ioc", 
                    "description": null
                }, 
                {
                    "category": "Sophos Anti-Virus (Linux)", 
                    "ioc": "Mal/EncPk-ND", 
                    "type": "ioc", 
                    "description": null
                }, 
                {
                    "category": "eScan Antivirus (Linux)", 
                    "ioc": "Gen:Variant.Razy.451399(DB)", 
                    "type": "ioc", 
                    "description": null
                }, 
                {
                    "category": "ESET Security (Windows)", 
                    "ioc": "a variant of Win32/Kryptik.GDGU trojan", 
                    "type": "ioc", 
                    "description": null
                }, 
                {
                    "category": "McAfee CLI scanner (Linux)", 
                    "ioc": "Trojan-FHFI", 
                    "type": "ioc", 
                    "description": null
                }, 
                {
                    "category": "DrWeb Antivirus (Linux)", 
                    "ioc": "Trojan.DownLoader3.36592", 
                    "type": "ioc", 
                    "description": null
                }, 
                {
                    "category": "Trend Micro SProtect (Linux)", 
                    "ioc": "Backdoor.Win32.MINIDUKE.AB", 
                    "type": "ioc", 
                    "description": null
                }, 
                {
                    "category": "ClamAV (Linux)", 
                    "ioc": "Win.Trojan.Agent-372920", 
                    "type": "ioc", 
                    "description": null
                }, 
                {
                    "category": "Bitdefender Antivirus (Linux)", 
                    "ioc": "Gen:Variant.Razy.451399", 
                    "type": "ioc", 
                    "description": null
                }, 
                {
                    "category": "Kaspersky Standard (Windows)", 
                    "ioc": "HEUR:Trojan-PSW.Win32.MiniDuke.gen", 
                    "type": "ioc", 
                    "description": null
                }
            ], 
            "name": "antivirus_irma"
        }, 
        {
            "families": [], 
            "description": "File has been identified by 56 AntiVirus engines on VirusTotal as malicious", 
            "severity": 60, 
            "ttp": {}, 
            "markcount": 56, 
            "references": [], 
            "marks": [
                {
                    "category": "Bkav", 
                    "ioc": "W32.AIDetectMalware", 
                    "type": "ioc", 
                    "description": null
                }, 
                {
                    "category": "Lionic", 
                    "ioc": "Trojan.Win32.MiniDuke.i!c", 
                    "type": "ioc", 
                    "description": null
                }, 
                {
                    "category": "Cynet", 
                    "ioc": "Malicious (score: 100)", 
                    "type": "ioc", 
                    "description": null
                }, 
                {
                    "category": "Skyhigh", 
                    "ioc": "BehavesLike.Win32.Infected.lh", 
                    "type": "ioc", 
                    "description": null
                }, 
                {
                    "category": "ALYac", 
                    "ioc": "Gen:Variant.Razy.451399", 
                    "type": "ioc", 
                    "description": null
                }, 
                {
                    "category": "Cylance", 
                    "ioc": "Unsafe", 
                    "type": "ioc", 
                    "description": null
                }, 
                {
                    "category": "VIPRE", 
                    "ioc": "Gen:Variant.Razy.451399", 
                    "type": "ioc", 
                    "description": null
                }, 
                {
                    "category": "Sangfor", 
                    "ioc": "Trojan.Win32.Kryptik.Vgkp", 
                    "type": "ioc", 
                    "description": null
                }, 
                {
                    "category": "CrowdStrike", 
                    "ioc": "win/malicious_confidence_100% (W)", 
                    "type": "ioc", 
                    "description": null
                }, 
                {
                    "category": "BitDefender", 
                    "ioc": "Gen:Variant.Razy.451399", 
                    "type": "ioc", 
                    "description": null
                }, 
                {
                    "category": "Arcabit", 
                    "ioc": "Trojan.Razy.D6E347", 
                    "type": "ioc", 
                    "description": null
                }, 
                {
                    "category": "VirIT", 
                    "ioc": "Trojan.Win32.Generic.CMEZ", 
                    "type": "ioc", 
                    "description": null
                }, 
                {
                    "category": "Symantec", 
                    "ioc": "ML.Attribute.HighConfidence", 
                    "type": "ioc", 
                    "description": null
                }, 
                {
                    "category": "Elastic", 
                    "ioc": "malicious (high confidence)", 
                    "type": "ioc", 
                    "description": null
                }, 
                {
                    "category": "ESET-NOD32", 
                    "ioc": "a variant of Win32/Kryptik.GDGU", 
                    "type": "ioc", 
                    "description": null
                }, 
                {
                    "category": "APEX", 
                    "ioc": "Malicious", 
                    "type": "ioc", 
                    "description": null
                }, 
                {
                    "category": "Avast", 
                    "ioc": "Win32:Evo-gen [Trj]", 
                    "type": "ioc", 
                    "description": null
                }, 
                {
                    "category": "ClamAV", 
                    "ioc": "Win.Trojan.Agent-372920", 
                    "type": "ioc", 
                    "description": null
                }, 
                {
                    "category": "Kaspersky", 
                    "ioc": "HEUR:Trojan-PSW.Win32.MiniDuke.gen", 
                    "type": "ioc", 
                    "description": null
                }, 
                {
                    "category": "Alibaba", 
                    "ioc": "TrojanPSW:Win32/MiniDuke.ce2bbd2e", 
                    "type": "ioc", 
                    "description": null
                }, 
                {
                    "category": "NANO-Antivirus", 
                    "ioc": "Virus.Win32.Gen-Crypt.ccnc", 
                    "type": "ioc", 
                    "description": null
                }, 
                {
                    "category": "MicroWorld-eScan", 
                    "ioc": "Gen:Variant.Razy.451399", 
                    "type": "ioc", 
                    "description": null
                }, 
                {
                    "category": "Rising", 
                    "ioc": "Trojan.Tnega!8.11997 (TFE:1:GXguedocBC)", 
                    "type": "ioc", 
                    "description": null
                }, 
                {
                    "category": "Emsisoft", 
                    "ioc": "Gen:Variant.Razy.451399 (B)", 
                    "type": "ioc", 
                    "description": null
                }, 
                {
                    "category": "F-Secure", 
                    "ioc": "Backdoor:W32/MiniDuke.G", 
                    "type": "ioc", 
                    "description": null
                }, 
                {
                    "category": "DrWeb", 
                    "ioc": "Trojan.DownLoader3.36592", 
                    "type": "ioc", 
                    "description": null
                }, 
                {
                    "category": "Zillya", 
                    "ioc": "Trojan.Generic.Win32.2489", 
                    "type": "ioc", 
                    "description": null
                }, 
                {
                    "category": "TrendMicro", 
                    "ioc": "Backdoor.Win32.MINIDUKE.AB", 
                    "type": "ioc", 
                    "description": null
                }, 
                {
                    "category": "McAfeeD", 
                    "ioc": "ti!91B97F3B8EF8", 
                    "type": "ioc", 
                    "description": null
                }, 
                {
                    "category": "CTX", 
                    "ioc": "dll.trojan.miniduke", 
                    "type": "ioc", 
                    "description": null
                }, 
                {
                    "category": "Sophos", 
                    "ioc": "Mal/EncPk-ND", 
                    "type": "ioc", 
                    "description": null
                }, 
                {
                    "category": "SentinelOne", 
                    "ioc": "Static AI - Malicious PE", 
                    "type": "ioc", 
                    "description": null
                }, 
                {
                    "category": "FireEye", 
                    "ioc": "Generic.mg.1c658719e6dedb92", 
                    "type": "ioc", 
                    "description": null
                }, 
                {
                    "category": "Webroot", 
                    "ioc": "W32.Trojan.Gen", 
                    "type": "ioc", 
                    "description": null
                }, 
                {
                    "category": "Google", 
                    "ioc": "Detected", 
                    "type": "ioc", 
                    "description": null
                }, 
                {
                    "category": "Avira", 
                    "ioc": "TR/Crypt.XPACK.Gen", 
                    "type": "ioc", 
                    "description": null
                }, 
                {
                    "category": "Antiy-AVL", 
                    "ioc": "Trojan[APT]/Win32.Darkuniverse", 
                    "type": "ioc", 
                    "description": null
                }, 
                {
                    "category": "Kingsoft", 
                    "ioc": "malware.kb.a.999", 
                    "type": "ioc", 
                    "description": null
                }, 
                {
                    "category": "Xcitium", 
                    "ioc": "Malware@#28gibb9ci2gm3", 
                    "type": "ioc", 
                    "description": null
                }, 
                {
                    "category": "Microsoft", 
                    "ioc": "Worm:Win32/Gamarue!ml", 
                    "type": "ioc", 
                    "description": null
                }, 
                {
                    "category": "ZoneAlarm", 
                    "ioc": "HEUR:Trojan-PSW.Win32.MiniDuke.gen", 
                    "type": "ioc", 
                    "description": null
                }, 
                {
                    "category": "GData", 
                    "ioc": "Gen:Variant.Razy.451399", 
                    "type": "ioc", 
                    "description": null
                }, 
                {
                    "category": "McAfee", 
                    "ioc": "Trojan-FHFI!1C658719E6DE", 
                    "type": "ioc", 
                    "description": null
                }, 
                {
                    "category": "DeepInstinct", 
                    "ioc": "MALICIOUS", 
                    "type": "ioc", 
                    "description": null
                }, 
                {
                    "category": "VBA32", 
                    "ioc": "TrojanDropper.Dapato", 
                    "type": "ioc", 
                    "description": null
                }, 
                {
                    "category": "Ikarus", 
                    "ioc": "Trojan.Win32.Vimditator", 
                    "type": "ioc", 
                    "description": null
                }, 
                {
                    "category": "Panda", 
                    "ioc": "Generic Malware", 
                    "type": "ioc", 
                    "description": null
                }, 
                {
                    "category": "TrendMicro-HouseCall", 
                    "ioc": "Backdoor.Win32.MINIDUKE.AB", 
                    "type": "ioc", 
                    "description": null
                }, 
                {
                    "category": "Tencent", 
                    "ioc": "Malware.Win32.Gencirc.11c0b811", 
                    "type": "ioc", 
                    "description": null
                }, 
                {
                    "category": "Yandex", 
                    "ioc": "Trojan.GenAsa!J/w4Isqslhs", 
                    "type": "ioc", 
                    "description": null
                }
            ], 
            "name": "antivirus_virustotal"
        }
    ], 
    "target": {
        "category": "file", 
        "file": {
            "mimetype": "application/x-dosexec", 
            "yara": [
                {
                    "meta": {
                        "version": "0.1", 
                        "description": "Take screenshot", 
                        "author": "x0r"
                    }, 
                    "name": "screenshot", 
                    "offsets": {
                        "c1": [
                            [
                                1932, 
                                0
                            ]
                        ], 
                        "d2": [
                            [
                                1137, 
                                2
                            ]
                        ], 
                        "d1": [
                            [
                                1148, 
                                1
                            ]
                        ]
                    }, 
                    "strings": [
                        "Qml0Qmx0", 
                        "R0RJMzIuRExM", 
                        "VVNFUjMyLkRMTA=="
                    ]
                }
            ], 
            "sha1": "c17ad20e3790ba674e3fe6f01b9c10270bf0f0e4", 
            "name": "91b97f3b8ef8ebc8bbd06e06927e7b38090c026f8fca77e209e69c056b042cb7", 
            "type": "PE32 executable (DLL) (GUI) Intel 80386, for MS Windows", 
            "sha256": "91b97f3b8ef8ebc8bbd06e06927e7b38090c026f8fca77e209e69c056b042cb7", 
            "urls": [], 
            "crc32": "FADCDD5B", 
            "path": "/srv/cuckoo/cwd/storage/binaries/91b97f3b8ef8ebc8bbd06e06927e7b38090c026f8fca77e209e69c056b042cb7", 
            "ssdeep": null, 
            "size": 18944, 
            "sha512": "ec3b9781052c9e81fad7ef96b57e224359a5d772aadad6806fc651b125e97521c4eaef6a692cf21e845d4675c43ed0d2c2a5ea9d7b415ba30ce15204281e41be", 
            "md5": "1c658719e6dedb929a6d85359c59682d"
        }, 
        "custom": null
    }, 
    "irma": {
        "status": null, 
        "probes_finished": 16, 
        "scan_id": "214d5565-b768-45f5-a673-3fc9ed94ca77", 
        "parent_file_sha256": null, 
        "name": "91b97f3b8ef8ebc8bbd06e06927e7b38090c026f8fca77e209e69c056b042cb7", 
        "probes_total": 18, 
        "scan_date": 1728916028, 
        "other_results": [], 
        "probe_results": {
            "antivirus": {
                "G Data Antivirus (Windows)": {
                    "status": 1, 
                    "duration": 0.27, 
                    "version": "5.5.20197.1358", 
                    "results": "Virus: Gen:Variant.Razy.451399 (Engine A)", 
                    "virus_database_version": "unavailable"
                }, 
                "Avast Core Security (Linux)": {
                    "status": 1, 
                    "duration": 0.14, 
                    "version": "4.5.1", 
                    "results": "Win32:Evo-gen [Trj]", 
                    "virus_database_version": "unavailable"
                }, 
                "C4S ClamAV (Linux)": {
                    "status": 1, 
                    "duration": 0.39, 
                    "version": "0.103.12", 
                    "results": "Win.Trojan.Agent-372920", 
                    "virus_database_version": "27403"
                }, 
                "F-Secure Antivirus (Linux)": {
                    "status": 1, 
                    "duration": 0.06, 
                    "version": "11.10", 
                    "results": "Backdoor:W32/MiniDuke.G [FSE]", 
                    "virus_database_version": "2024-09-20_06"
                }, 
                "Windows Defender (Windows)": {
                    "status": 1, 
                    "duration": 0.78, 
                    "version": "1.1.24080.9", 
                    "results": "Trojan:Win32/Tiggre!rfn", 
                    "virus_database_version": "1.419.483.0"
                }, 
                "Microsoft Defender ATP (Linux)": {
                    "status": 1, 
                    "duration": 14.24, 
                    "version": "unavailable", 
                    "results": "TrojanSpy:Win32/Travnet.C", 
                    "virus_database_version": "123"
                }, 
                "Forticlient (Linux)": {
                    "status": 0, 
                    "duration": 3.04, 
                    "version": "unavailable", 
                    "results": null, 
                    "virus_database_version": "unavailable"
                }, 
                "Sophos Anti-Virus (Linux)": {
                    "status": 1, 
                    "duration": 0.37, 
                    "version": "1.1.5.14 (2024-05-28)", 
                    "results": "Mal/EncPk-ND", 
                    "virus_database_version": "unavailable"
                }, 
                "eScan Antivirus (Linux)": {
                    "status": 1, 
                    "duration": 4.25, 
                    "version": "7.0.21", 
                    "results": "Gen:Variant.Razy.451399(DB)", 
                    "virus_database_version": "7.97546 (23/09/2024)"
                }, 
                "ESET Security (Windows)": {
                    "status": 1, 
                    "duration": 0.73, 
                    "version": "unavailable", 
                    "results": "a variant of Win32/Kryptik.GDGU trojan", 
                    "virus_database_version": "unavailable"
                }, 
                "McAfee CLI scanner (Linux)": {
                    "status": 1, 
                    "duration": 7.72, 
                    "version": "6.0.6.653", 
                    "results": "Trojan-FHFI", 
                    "virus_database_version": "11200"
                }, 
                "DrWeb Antivirus (Linux)": {
                    "status": 1, 
                    "duration": 0.11, 
                    "version": "11.1.16.2406170954", 
                    "results": "Trojan.DownLoader3.36592", 
                    "virus_database_version": "unavailable"
                }, 
                "Trend Micro SProtect (Linux)": {
                    "status": 1, 
                    "duration": 4.69, 
                    "version": "3.0", 
                    "results": "Backdoor.Win32.MINIDUKE.AB", 
                    "virus_database_version": "0x020000400"
                }, 
                "ClamAV (Linux)": {
                    "status": 1, 
                    "duration": 0.44, 
                    "version": "0.103.12", 
                    "results": "Win.Trojan.Agent-372920", 
                    "virus_database_version": "27427"
                }, 
                "Bitdefender Antivirus (Linux)": {
                    "status": 1, 
                    "duration": 8.4, 
                    "version": "7.90123", 
                    "results": "Gen:Variant.Razy.451399", 
                    "virus_database_version": null
                }, 
                "Kaspersky Standard (Windows)": {
                    "status": 1, 
                    "duration": 0.97, 
                    "version": "21.17", 
                    "results": "HEUR:Trojan-PSW.Win32.MiniDuke.gen", 
                    "virus_database_version": "2024-10-13 11:03:00 (full)"
                }
            }
        }, 
        "file_infos": {
            "mimetype": "PE32 executable (DLL) (GUI) Intel 80386, for MS Windows", 
            "sha1": "c17ad20e3790ba674e3fe6f01b9c10270bf0f0e4", 
            "tags": [], 
            "timestamp_first_scan": 1710610191.92, 
            "size": 18944, 
            "timestamp_last_scan": 1728916042.99, 
            "sha256": "91b97f3b8ef8ebc8bbd06e06927e7b38090c026f8fca77e209e69c056b042cb7", 
            "md5": "1c658719e6dedb929a6d85359c59682d"
        }, 
        "submitter": "cli", 
        "path": "", 
        "result_id": "0a519632-7ffc-4847-8c27-cb0941224c38"
    }, 
    "suricata": {
        "tls": [], 
        "files": [], 
        "alerts": [], 
        "http": [
            {
                "status": "200", 
                "timestamp": "2024-10-14T17:25:12.958419+0300", 
                "referer": null, 
                "content_type": "application/vnd.ms-cab-compressed", 
                "src_port": 49235, 
                "url": "/msdownload/update/v3/static/trustedr/en/authrootstl.cab", 
                "hostname": "www.download.windowsupdate.com", 
                "src_ip": "192.168.168.210", 
                "length": 71954, 
                "dst_port": 80, 
                "dst_ip": "93.184.221.240", 
                "method": "GET", 
                "user_agent": "Microsoft-CryptoAPI/6.1"
            }
        ]
    }, 
    "virustotal": {
        "permalink": "https://www.virustotal.com/gui/file/91b97f3b8ef8ebc8bbd06e06927e7b38090c026f8fca77e209e69c056b042cb7/detection/f-91b97f3b8ef8ebc8bbd06e06927e7b38090c026f8fca77e209e69c056b042cb7-1728894546", 
        "sha1": "c17ad20e3790ba674e3fe6f01b9c10270bf0f0e4", 
        "resource": "1c658719e6dedb929a6d85359c59682d", 
        "response_code": 1, 
        "scan_date": "2024-10-14 08:29:06", 
        "scan_id": "91b97f3b8ef8ebc8bbd06e06927e7b38090c026f8fca77e209e69c056b042cb7-1728894546", 
        "summary": {
            "positives": 56, 
            "permalink": "https://www.virustotal.com/gui/file/91b97f3b8ef8ebc8bbd06e06927e7b38090c026f8fca77e209e69c056b042cb7/detection/f-91b97f3b8ef8ebc8bbd06e06927e7b38090c026f8fca77e209e69c056b042cb7-1728894546", 
            "scan_date": "2024-10-14 08:29:06"
        }, 
        "sha256": "91b97f3b8ef8ebc8bbd06e06927e7b38090c026f8fca77e209e69c056b042cb7", 
        "normalized": [
            "AIDetectMalware", 
            "MiniDuke", 
            "Malicious", 
            "score", 
            "Infected", 
            "Razy", 
            "Unsafe", 
            "Kryptik", 
            "Vgkp", 
            "confidence", 
            "100%", 
            "CMEZ", 
            "Attribute", 
            "HighConfidence", 
            "high confidence", 
            "GDGU", 
            "TrojanPSW", 
            "ccnc", 
            "Tnega", 
            "GXguedocBC", 
            "DownLoader3", 
            "EncPk", 
            "Static AI", 
            "Malicious PE", 
            "Detected", 
            "XPACK", 
            "Darkuniverse", 
            "Malware@#28gibb9ci2gm3", 
            "Gamarue", 
            "FHFI", 
            "Dapato", 
            "Vimditator", 
            "Gencirc", 
            "GenAsa", 
            "w4Isqslhs", 
            "susgen", 
            "BAIQ"
        ], 
        "total": 73, 
        "positives": 56, 
        "verbose_msg": "Scan finished, information embedded", 
        "md5": "1c658719e6dedb929a6d85359c59682d", 
        "scans": {
            "Bkav": {
                "detected": true, 
                "version": "2.0.0.1", 
                "result": "W32.AIDetectMalware", 
                "normalized": [
                    "AIDetectMalware"
                ], 
                "update": "20241014"
            }, 
            "Lionic": {
                "detected": true, 
                "version": "8.16", 
                "result": "Trojan.Win32.MiniDuke.i!c", 
                "normalized": [
                    "MiniDuke"
                ], 
                "update": "20241014"
            }, 
            "tehtris": {
                "detected": false, 
                "version": "v0.1.4", 
                "result": null, 
                "normalized": [], 
                "update": "20241014"
            }, 
            "Cynet": {
                "detected": true, 
                "version": "4.0.1.1", 
                "result": "Malicious (score: 100)", 
                "normalized": [
                    "Malicious", 
                    "score"
                ], 
                "update": "20241014"
            }, 
            "CMC": {
                "detected": false, 
                "version": "2.4.2022.1", 
                "result": null, 
                "normalized": [], 
                "update": "20241013"
            }, 
            "CAT-QuickHeal": {
                "detected": false, 
                "version": "22.00", 
                "result": null, 
                "normalized": [], 
                "update": "20241013"
            }, 
            "Skyhigh": {
                "detected": true, 
                "version": "v2021.2.0+4045", 
                "result": "BehavesLike.Win32.Infected.lh", 
                "normalized": [
                    "Infected"
                ], 
                "update": "20241013"
            }, 
            "ALYac": {
                "detected": true, 
                "version": "2.0.0.10", 
                "result": "Gen:Variant.Razy.451399", 
                "normalized": [
                    "Razy"
                ], 
                "update": "20241014"
            }, 
            "Cylance": {
                "detected": true, 
                "version": "3.0.0.0", 
                "result": "Unsafe", 
                "normalized": [
                    "Unsafe"
                ], 
                "update": "20241010"
            }, 
            "VIPRE": {
                "detected": true, 
                "version": "6.0.0.35", 
                "result": "Gen:Variant.Razy.451399", 
                "normalized": [
                    "Razy"
                ], 
                "update": "20241013"
            }, 
            "Sangfor": {
                "detected": true, 
                "version": "2.25.10.0", 
                "result": "Trojan.Win32.Kryptik.Vgkp", 
                "normalized": [
                    "Kryptik", 
                    "Vgkp"
                ], 
                "update": "20241008"
            }, 
            "CrowdStrike": {
                "detected": true, 
                "version": "1.0", 
                "result": "win/malicious_confidence_100% (W)", 
                "normalized": [
                    "malicious", 
                    "confidence", 
                    "100%"
                ], 
                "update": "20231026"
            }, 
            "BitDefender": {
                "detected": true, 
                "version": "7.2", 
                "result": "Gen:Variant.Razy.451399", 
                "normalized": [
                    "Razy"
                ], 
                "update": "20241014"
            }, 
            "K7GW": {
                "detected": false, 
                "version": "12.193.53548", 
                "result": null, 
                "normalized": [], 
                "update": "20241014"
            }, 
            "K7AntiVirus": {
                "detected": false, 
                "version": "12.193.53546", 
                "result": null, 
                "normalized": [], 
                "update": "20241014"
            }, 
            "Arcabit": {
                "detected": true, 
                "version": "2022.0.0.18", 
                "result": "Trojan.Razy.D6E347", 
                "normalized": [
                    "Razy"
                ], 
                "update": "20241014"
            }, 
            "Baidu": {
                "detected": false, 
                "version": "1.0.0.2", 
                "result": null, 
                "normalized": [], 
                "update": "20190318"
            }, 
            "VirIT": {
                "detected": true, 
                "version": "9.5.807", 
                "result": "Trojan.Win32.Generic.CMEZ", 
                "normalized": [
                    "CMEZ"
                ], 
                "update": "20241011"
            }, 
            "Symantec": {
                "detected": true, 
                "version": "1.22.0.0", 
                "result": "ML.Attribute.HighConfidence", 
                "normalized": [
                    "Attribute", 
                    "HighConfidence"
                ], 
                "update": "20241013"
            }, 
            "Elastic": {
                "detected": true, 
                "version": "4.0.167", 
                "result": "malicious (high confidence)", 
                "normalized": [
                    "malicious", 
                    "high confidence"
                ], 
                "update": "20241008"
            }, 
            "ESET-NOD32": {
                "detected": true, 
                "version": "30049", 
                "result": "a variant of Win32/Kryptik.GDGU", 
                "normalized": [
                    "Kryptik", 
                    "GDGU"
                ], 
                "update": "20241014"
            }, 
            "APEX": {
                "detected": true, 
                "version": "6.585", 
                "result": "Malicious", 
                "normalized": [
                    "Malicious"
                ], 
                "update": "20241013"
            }, 
            "Avast": {
                "detected": true, 
                "version": "23.9.8494.0", 
                "result": "Win32:Evo-gen [Trj]", 
                "normalized": [], 
                "update": "20241014"
            }, 
            "ClamAV": {
                "detected": true, 
                "version": "1.4.1.0", 
                "result": "Win.Trojan.Agent-372920", 
                "normalized": [], 
                "update": "20241013"
            }, 
            "Kaspersky": {
                "detected": true, 
                "version": "22.0.1.28", 
                "result": "HEUR:Trojan-PSW.Win32.MiniDuke.gen", 
                "normalized": [
                    "MiniDuke"
                ], 
                "update": "20241008"
            }, 
            "Alibaba": {
                "detected": true, 
                "version": "0.3.0.5", 
                "result": "TrojanPSW:Win32/MiniDuke.ce2bbd2e", 
                "normalized": [
                    "TrojanPSW", 
                    "MiniDuke"
                ], 
                "update": "20190527"
            }, 
            "NANO-Antivirus": {
                "detected": true, 
                "version": "1.0.146.25796", 
                "result": "Virus.Win32.Gen-Crypt.ccnc", 
                "normalized": [
                    "ccnc"
                ], 
                "update": "20241014"
            }, 
            "SUPERAntiSpyware": {
                "detected": false, 
                "version": "5.6.0.1032", 
                "result": null, 
                "normalized": [], 
                "update": "20241013"
            }, 
            "MicroWorld-eScan": {
                "detected": true, 
                "version": "14.0.409.0", 
                "result": "Gen:Variant.Razy.451399", 
                "normalized": [
                    "Razy"
                ], 
                "update": "20241014"
            }, 
            "Rising": {
                "detected": true, 
                "version": "25.0.0.28", 
                "result": "Trojan.Tnega!8.11997 (TFE:1:GXguedocBC)", 
                "normalized": [
                    "Tnega", 
                    "GXguedocBC"
                ], 
                "update": "20241014"
            }, 
            "Emsisoft": {
                "detected": true, 
                "version": "2024.1.0.53752", 
                "result": "Gen:Variant.Razy.451399 (B)", 
                "normalized": [
                    "Razy"
                ], 
                "update": "20241014"
            }, 
            "F-Secure": {
                "detected": true, 
                "version": "18.10.1547.307", 
                "result": "Backdoor:W32/MiniDuke.G", 
                "normalized": [
                    "MiniDuke"
                ], 
                "update": "20241014"
            }, 
            "DrWeb": {
                "detected": true, 
                "version": "7.0.65.5230", 
                "result": "Trojan.DownLoader3.36592", 
                "normalized": [
                    "DownLoader3"
                ], 
                "update": "20241014"
            }, 
            "Zillya": {
                "detected": true, 
                "version": "2.0.0.5214", 
                "result": "Trojan.Generic.Win32.2489", 
                "normalized": [], 
                "update": "20241011"
            }, 
            "TrendMicro": {
                "detected": true, 
                "version": "11.0.0.1006", 
                "result": "Backdoor.Win32.MINIDUKE.AB", 
                "normalized": [
                    "MINIDUKE"
                ], 
                "update": "20241014"
            }, 
            "McAfeeD": {
                "detected": true, 
                "version": "1.2.0.7977", 
                "result": "ti!91B97F3B8EF8", 
                "normalized": [], 
                "update": "20241014"
            }, 
            "Trapmine": {
                "detected": false, 
                "version": "4.0.16.240", 
                "result": null, 
                "normalized": [], 
                "update": "20241004"
            }, 
            "CTX": {
                "detected": true, 
                "version": "2024.8.29.1", 
                "result": "dll.trojan.miniduke", 
                "normalized": [
                    "miniduke"
                ], 
                "update": "20241014"
            }, 
            "Sophos": {
                "detected": true, 
                "version": "2.5.5.0", 
                "result": "Mal/EncPk-ND", 
                "normalized": [
                    "EncPk"
                ], 
                "update": "20241013"
            }, 
            "SentinelOne": {
                "detected": true, 
                "version": "24.2.1.1", 
                "result": "Static AI - Malicious PE", 
                "normalized": [
                    "Static AI", 
                    "Malicious PE"
                ], 
                "update": "20240417"
            }, 
            "FireEye": {
                "detected": true, 
                "version": "35.47.0.0", 
                "result": "Generic.mg.1c658719e6dedb92", 
                "normalized": [], 
                "update": "20241014"
            }, 
            "Jiangmin": {
                "detected": false, 
                "version": "16.0.100", 
                "result": null, 
                "normalized": [], 
                "update": "20241013"
            }, 
            "Webroot": {
                "detected": true, 
                "version": "1.0.0.403", 
                "result": "W32.Trojan.Gen", 
                "normalized": [], 
                "update": "20241014"
            }, 
            "Google": {
                "detected": true, 
                "version": "1728891026", 
                "result": "Detected", 
                "normalized": [
                    "Detected"
                ], 
                "update": "20241014"
            }, 
            "Avira": {
                "detected": true, 
                "version": "8.3.3.20", 
                "result": "TR/Crypt.XPACK.Gen", 
                "normalized": [
                    "XPACK"
                ], 
                "update": "20241014"
            }, 
            "Antiy-AVL": {
                "detected": true, 
                "version": "3.0", 
                "result": "Trojan[APT]/Win32.Darkuniverse", 
                "normalized": [
                    "Darkuniverse"
                ], 
                "update": "20241014"
            }, 
            "Kingsoft": {
                "detected": true, 
                "version": "None", 
                "result": "malware.kb.a.999", 
                "normalized": [], 
                "update": "20241009"
            }, 
            "Gridinsoft": {
                "detected": false, 
                "version": "1.0.192.174", 
                "result": null, 
                "normalized": [], 
                "update": "20241014"
            }, 
            "Xcitium": {
                "detected": true, 
                "version": "37129", 
                "result": "Malware@#28gibb9ci2gm3", 
                "normalized": [
                    "Malware@#28gibb9ci2gm3"
                ], 
                "update": "20241013"
            }, 
            "Microsoft": {
                "detected": true, 
                "version": "1.1.24080.9", 
                "result": "Worm:Win32/Gamarue!ml", 
                "normalized": [
                    "Gamarue"
                ], 
                "update": "20241014"
            }, 
            "ViRobot": {
                "detected": false, 
                "version": "2014.3.20.0", 
                "result": null, 
                "normalized": [], 
                "update": "20241014"
            }, 
            "ZoneAlarm": {
                "detected": true, 
                "version": "1.0", 
                "result": "HEUR:Trojan-PSW.Win32.MiniDuke.gen", 
                "normalized": [
                    "MiniDuke"
                ], 
                "update": "20241008"
            }, 
            "GData": {
                "detected": true, 
                "version": "A:25.39049B:27.37807", 
                "result": "Gen:Variant.Razy.451399", 
                "normalized": [
                    "Razy"
                ], 
                "update": "20241014"
            }, 
            "Varist": {
                "detected": false, 
                "version": "6.6.1.3", 
                "result": null, 
                "normalized": [], 
                "update": "20241014"
            }, 
            "AhnLab-V3": {
                "detected": false, 
                "version": "3.26.1.10507", 
                "result": null, 
                "normalized": [], 
                "update": "20241014"
            }, 
            "Acronis": {
                "detected": false, 
                "version": "1.2.0.121", 
                "result": null, 
                "normalized": [], 
                "update": "20240328"
            }, 
            "McAfee": {
                "detected": true, 
                "version": "6.0.6.653", 
                "result": "Trojan-FHFI!1C658719E6DE", 
                "normalized": [
                    "FHFI"
                ], 
                "update": "20241013"
            }, 
            "TACHYON": {
                "detected": false, 
                "version": "2024-10-14.02", 
                "result": null, 
                "normalized": [], 
                "update": "20241014"
            }, 
            "DeepInstinct": {
                "detected": true, 
                "version": "5.0.0.8", 
                "result": "MALICIOUS", 
                "normalized": [
                    "MALICIOUS"
                ], 
                "update": "20241013"
            }, 
            "VBA32": {
                "detected": true, 
                "version": "5.0.0", 
                "result": "TrojanDropper.Dapato", 
                "normalized": [
                    "Dapato"
                ], 
                "update": "20241011"
            }, 
            "Malwarebytes": {
                "detected": false, 
                "version": "4.5.5.54", 
                "result": null, 
                "normalized": [], 
                "update": "20241014"
            }, 
            "Ikarus": {
                "detected": true, 
                "version": "6.3.23.0", 
                "result": "Trojan.Win32.Vimditator", 
                "normalized": [
                    "Vimditator"
                ], 
                "update": "20241013"
            }, 
            "Panda": {
                "detected": true, 
                "version": "4.6.4.2", 
                "result": "Generic Malware", 
                "normalized": [], 
                "update": "20241013"
            }, 
            "Zoner": {
                "detected": false, 
                "version": "2.2.2.0", 
                "result": null, 
                "normalized": [], 
                "update": "20241014"
            }, 
            "TrendMicro-HouseCall": {
                "detected": true, 
                "version": "10.0.0.1040", 
                "result": "Backdoor.Win32.MINIDUKE.AB", 
                "normalized": [
                    "MINIDUKE"
                ], 
                "update": "20241014"
            }, 
            "Tencent": {
                "detected": true, 
                "version": "1.0.0.1", 
                "result": "Malware.Win32.Gencirc.11c0b811", 
                "normalized": [
                    "Gencirc"
                ], 
                "update": "20241014"
            }, 
            "Yandex": {
                "detected": true, 
                "version": "5.5.2.24", 
                "result": "Trojan.GenAsa!J/w4Isqslhs", 
                "normalized": [
                    "GenAsa", 
                    "w4Isqslhs"
                ], 
                "update": "20241014"
            }, 
            "huorong": {
                "detected": true, 
                "version": "5f98eb7:5f98eb7:659eb6d:659eb6d", 
                "result": "Trojan/Generic!FB8C962A9FA48CB2", 
                "normalized": [], 
                "update": "20241013"
            }, 
            "MaxSecure": {
                "detected": true, 
                "version": "1.0.0.1", 
                "result": "Trojan.Malware.2588.susgen", 
                "normalized": [
                    "susgen"
                ], 
                "update": "20241011"
            }, 
            "Fortinet": {
                "detected": true, 
                "version": "None", 
                "result": "W32/Dx.BAIQ!tr", 
                "normalized": [
                    "BAIQ"
                ], 
                "update": "20241014"
            }, 
            "AVG": {
                "detected": true, 
                "version": "23.9.8494.0", 
                "result": "Win32:Evo-gen [Trj]", 
                "normalized": [], 
                "update": "20241014"
            }, 
            "Paloalto": {
                "detected": true, 
                "version": "0.9.0.1003", 
                "result": "generic.ml", 
                "normalized": [], 
                "update": "20241014"
            }, 
            "alibabacloud": {
                "detected": true, 
                "version": "2.2.0", 
                "result": "Trojan[stealer]:Win/MiniDuke.gen", 
                "normalized": [
                    "MiniDuke"
                ], 
                "update": "20240910"
            }
        }
    }, 
    "network": {
        "udp": [], 
        "dns_servers": [], 
        "http": [], 
        "smtp": [], 
        "tcp": [], 
        "geoinfo": {}, 
        "mitm": [], 
        "https_ex": [], 
        "http_ex": [], 
        "sorted_pcap_sha256": "840c1f90e935a089886388929d97e0c581d46e80ba2d15781cebcbd8ba682cf8", 
        "icmp": [], 
        "tls": [], 
        "dead_hosts": [], 
        "smtp_ex": [], 
        "hosts": [], 
        "pcap_sha256": "0fa4c580f233ea3d81212d14169adfc387087fe31eac2981afe6784661dc887a", 
        "dns": [], 
        "domains": [], 
        "irc": []
    }, 
    "resubmit": {
        "resubmit_ids": []
    }, 
    "static": {
        "pdb_path": null, 
        "pe_imports": [
            {
                "imports": [
                    {
                        "name": "ExitProcess", 
                        "address": "0x401093"
                    }, 
                    {
                        "name": "CloseHandle", 
                        "address": "0x401097"
                    }, 
                    {
                        "name": "GetTimeZoneInformation", 
                        "address": "0x40109b"
                    }, 
                    {
                        "name": "GetModuleHandleA", 
                        "address": "0x40109f"
                    }, 
                    {
                        "name": "CreateFileA", 
                        "address": "0x4010a3"
                    }, 
                    {
                        "name": "ReadFile", 
                        "address": "0x4010a7"
                    }, 
                    {
                        "name": "GetLastError", 
                        "address": "0x4010ab"
                    }, 
                    {
                        "name": "ExitThread", 
                        "address": "0x4010af"
                    }, 
                    {
                        "name": "HeapFree", 
                        "address": "0x4010b3"
                    }, 
                    {
                        "name": "WaitForSingleObject", 
                        "address": "0x4010b7"
                    }, 
                    {
                        "name": "HeapDestroy", 
                        "address": "0x4010bb"
                    }, 
                    {
                        "name": "lstrcatA", 
                        "address": "0x4010bf"
                    }, 
                    {
                        "name": "RtlFillMemory", 
                        "address": "0x4010c3"
                    }, 
                    {
                        "name": "HeapReAlloc", 
                        "address": "0x4010c7"
                    }
                ], 
                "dll": "KERNEL32.DLL"
            }, 
            {
                "imports": [
                    {
                        "name": "DialogBoxParamA", 
                        "address": "0x4010cf"
                    }, 
                    {
                        "name": "GetDlgItemTextA", 
                        "address": "0x4010d3"
                    }, 
                    {
                        "name": "MessageBoxA", 
                        "address": "0x4010d7"
                    }, 
                    {
                        "name": "EndDialog", 
                        "address": "0x4010db"
                    }, 
                    {
                        "name": "RegisterClassA", 
                        "address": "0x4010df"
                    }, 
                    {
                        "name": "PeekMessageA", 
                        "address": "0x4010e3"
                    }, 
                    {
                        "name": "LoadCursorA", 
                        "address": "0x4010e7"
                    }, 
                    {
                        "name": "PostQuitMessage", 
                        "address": "0x4010eb"
                    }, 
                    {
                        "name": "WaitMessage", 
                        "address": "0x4010ef"
                    }, 
                    {
                        "name": "LoadMenuA", 
                        "address": "0x4010f3"
                    }, 
                    {
                        "name": "SetWindowTextA", 
                        "address": "0x4010f7"
                    }, 
                    {
                        "name": "ShowCursor", 
                        "address": "0x4010fb"
                    }, 
                    {
                        "name": "ShowWindow", 
                        "address": "0x4010ff"
                    }
                ], 
                "dll": "USER32.DLL"
            }, 
            {
                "imports": [
                    {
                        "name": "GdiGetLocalFont", 
                        "address": "0x401107"
                    }, 
                    {
                        "name": "GetFontData", 
                        "address": "0x40110b"
                    }, 
                    {
                        "name": "GetFontResourceInfoW", 
                        "address": "0x40110f"
                    }, 
                    {
                        "name": "Rectangle", 
                        "address": "0x401113"
                    }, 
                    {
                        "name": "DrawEscape", 
                        "address": "0x401117"
                    }, 
                    {
                        "name": "EngBitBlt", 
                        "address": "0x40111b"
                    }, 
                    {
                        "name": "EngPaint", 
                        "address": "0x40111f"
                    }, 
                    {
                        "name": "FillRgn", 
                        "address": "0x401123"
                    }, 
                    {
                        "name": "GetFontLanguageInfo", 
                        "address": "0x401127"
                    }, 
                    {
                        "name": "GetFontData", 
                        "address": "0x40112b"
                    }
                ], 
                "dll": "GDI32.DLL"
            }, 
            {
                "imports": [
                    {
                        "name": "CreateStatusWindowA", 
                        "address": "0x401133"
                    }, 
                    {
                        "name": "CreateToolbar", 
                        "address": "0x401137"
                    }, 
                    {
                        "name": "CreateUpDownControl", 
                        "address": "0x40113b"
                    }, 
                    {
                        "name": "CreateStatusWindowA", 
                        "address": "0x40113f"
                    }, 
                    {
                        "name": "CreateToolbarEx", 
                        "address": "0x401143"
                    }, 
                    {
                        "name": "DllGetVersion", 
                        "address": "0x401147"
                    }, 
                    {
                        "name": "InitMUILanguage", 
                        "address": "0x40114b"
                    }, 
                    {
                        "name": "CreateMRUListW", 
                        "address": "0x40114f"
                    }, 
                    {
                        "name": "ImageList_SetBkColor", 
                        "address": "0x401153"
                    }, 
                    {
                        "name": "FreeMRUList", 
                        "address": "0x401157"
                    }, 
                    {
                        "name": "ShowHideMenuCtl", 
                        "address": "0x40115b"
                    }
                ], 
                "dll": "comctl32.dll"
            }
        ], 
        "peid_signatures": null, 
        "keys": [], 
        "signature": [], 
        "pe_timestamp": "2011-06-20 16:48:15", 
        "pe_exports": [
            {
                "ordinal": 1, 
                "name": "JorPglt", 
                "address": "0x40400c"
            }
        ], 
        "imported_dll_count": 4, 
        "pe_imphash": "f170f7f037320ab1516ef504b46452ac", 
        "pe_resources": [], 
        "pe_versioninfo": [], 
        "pe_sections": [
            {
                "size_of_data": "0x00000600", 
                "virtual_address": "0x00001000", 
                "entropy": 4.393084253657995, 
                "name": ".idata", 
                "virtual_size": "0x00000572"
            }, 
            {
                "size_of_data": "0x00000200", 
                "virtual_address": "0x00002000", 
                "entropy": 0.4356655112339012, 
                "name": ".edata", 
                "virtual_size": "0x0000003c"
            }, 
            {
                "size_of_data": "0x00000200", 
                "virtual_address": "0x00003000", 
                "entropy": 0.06116285224115448, 
                "name": ".reloc", 
                "virtual_size": "0x00000008"
            }, 
            {
                "size_of_data": "0x00000600", 
                "virtual_address": "0x00004000", 
                "entropy": 3.8510145642900375, 
                "name": ".text", 
                "virtual_size": "0x000005c3"
            }, 
            {
                "size_of_data": "0x00003600", 
                "virtual_address": "0x00005000", 
                "entropy": 7.5087429401709755, 
                "name": ".data", 
                "virtual_size": "0x00003468"
            }
        ]
    }, 
    "snort": {
        "alerts": []
    }, 
    "behavior": {
        "generic": [
            {
                "process_path": "C:\\Windows\\System32\\lsass.exe", 
                "process_name": "lsass.exe", 
                "pid": 512, 
                "summary": {}, 
                "first_seen": 1728918132.96875, 
                "ppid": 388
            }
        ], 
        "processes": [
            {
                "process_path": "C:\\Windows\\System32\\lsass.exe", 
                "calls": [], 
                "track": false, 
                "pid": 512, 
                "process_name": "lsass.exe", 
                "command_line": "C:\\Windows\\system32\\lsass.exe", 
                "modules": [
                    {
                        "basename": "lsass.exe", 
                        "imgsize": 49152, 
                        "baseaddr": "0xffc30000", 
                        "filepath": "C:\\Windows\\system32\\lsass.exe"
                    }, 
                    {
                        "basename": "ntdll.dll", 
                        "imgsize": 1740800, 
                        "baseaddr": "0x77510000", 
                        "filepath": "C:\\Windows\\SYSTEM32\\ntdll.dll"
                    }, 
                    {
                        "basename": "kernel32.dll", 
                        "imgsize": 1175552, 
                        "baseaddr": "0x773f0000", 
                        "filepath": "C:\\Windows\\system32\\kernel32.dll"
                    }, 
                    {
                        "basename": "KERNELBASE.dll", 
                        "imgsize": 438272, 
                        "baseaddr": "0x7fefd370000", 
                        "filepath": "C:\\Windows\\system32\\KERNELBASE.dll"
                    }, 
                    {
                        "basename": "msvcrt.dll", 
                        "imgsize": 651264, 
                        "baseaddr": "0x7fefd950000", 
                        "filepath": "C:\\Windows\\system32\\msvcrt.dll"
                    }, 
                    {
                        "basename": "RPCRT4.dll", 
                        "imgsize": 1232896, 
                        "baseaddr": "0x7feff460000", 
                        "filepath": "C:\\Windows\\system32\\RPCRT4.dll"
                    }, 
                    {
                        "basename": "SspiSrv.dll", 
                        "imgsize": 45056, 
                        "baseaddr": "0x7fefd110000", 
                        "filepath": "C:\\Windows\\system32\\SspiSrv.dll"
                    }, 
                    {
                        "basename": "lsasrv.dll", 
                        "imgsize": 1470464, 
                        "baseaddr": "0x7fefcf80000", 
                        "filepath": "C:\\Windows\\system32\\lsasrv.dll"
                    }, 
                    {
                        "basename": "sechost.dll", 
                        "imgsize": 126976, 
                        "baseaddr": "0x7fefe6a0000", 
                        "filepath": "C:\\Windows\\SYSTEM32\\sechost.dll"
                    }, 
                    {
                        "basename": "SspiCli.dll", 
                        "imgsize": 151552, 
                        "baseaddr": "0x7fefd120000", 
                        "filepath": "C:\\Windows\\system32\\SspiCli.dll"
                    }, 
                    {
                        "basename": "ADVAPI32.dll", 
                        "imgsize": 897024, 
                        "baseaddr": "0x7fefda20000", 
                        "filepath": "C:\\Windows\\system32\\ADVAPI32.dll"
                    }, 
                    {
                        "basename": "USER32.dll", 
                        "imgsize": 1024000, 
                        "baseaddr": "0x772f0000", 
                        "filepath": "C:\\Windows\\system32\\USER32.dll"
                    }, 
                    {
                        "basename": "GDI32.dll", 
                        "imgsize": 421888, 
                        "baseaddr": "0x7fefdb70000", 
                        "filepath": "C:\\Windows\\system32\\GDI32.dll"
                    }, 
                    {
                        "basename": "LPK.dll", 
                        "imgsize": 57344, 
                        "baseaddr": "0x7feff450000", 
                        "filepath": "C:\\Windows\\system32\\LPK.dll"
                    }, 
                    {
                        "basename": "USP10.dll", 
                        "imgsize": 823296, 
                        "baseaddr": "0x7fefdbe0000", 
                        "filepath": "C:\\Windows\\system32\\USP10.dll"
                    }, 
                    {
                        "basename": "SAMSRV.dll", 
                        "imgsize": 774144, 
                        "baseaddr": "0x7fefcdf0000", 
                        "filepath": "C:\\Windows\\system32\\SAMSRV.dll"
                    }, 
                    {
                        "basename": "cryptdll.dll", 
                        "imgsize": 81920, 
                        "baseaddr": "0x7fefcdd0000", 
                        "filepath": "C:\\Windows\\system32\\cryptdll.dll"
                    }, 
                    {
                        "basename": "MSASN1.dll", 
                        "imgsize": 61440, 
                        "baseaddr": "0x7fefd360000", 
                        "filepath": "C:\\Windows\\system32\\MSASN1.dll"
                    }, 
                    {
                        "basename": "wevtapi.dll", 
                        "imgsize": 446464, 
                        "baseaddr": "0x7fefcd60000", 
                        "filepath": "C:\\Windows\\system32\\wevtapi.dll"
                    }, 
                    {
                        "basename": "IMM32.DLL", 
                        "imgsize": 188416, 
                        "baseaddr": "0x7fefd9f0000", 
                        "filepath": "C:\\Windows\\system32\\IMM32.DLL"
                    }, 
                    {
                        "basename": "MSCTF.dll", 
                        "imgsize": 1085440, 
                        "baseaddr": "0x7fefe2e0000", 
                        "filepath": "C:\\Windows\\system32\\MSCTF.dll"
                    }, 
                    {
                        "basename": "cngaudit.dll", 
                        "imgsize": 36864, 
                        "baseaddr": "0x7fefcd50000", 
                        "filepath": "C:\\Windows\\system32\\cngaudit.dll"
                    }, 
                    {
                        "basename": "AUTHZ.dll", 
                        "imgsize": 192512, 
                        "baseaddr": "0x7fefcd20000", 
                        "filepath": "C:\\Windows\\system32\\AUTHZ.dll"
                    }, 
                    {
                        "basename": "ncrypt.dll", 
                        "imgsize": 319488, 
                        "baseaddr": "0x7fefccd0000", 
                        "filepath": "C:\\Windows\\system32\\ncrypt.dll"
                    }, 
                    {
                        "basename": "bcrypt.dll", 
                        "imgsize": 139264, 
                        "baseaddr": "0x7fefcca0000", 
                        "filepath": "C:\\Windows\\system32\\bcrypt.dll"
                    }, 
                    {
                        "basename": "msprivs.DLL", 
                        "imgsize": 8192, 
                        "baseaddr": "0x750f0000", 
                        "filepath": "C:\\Windows\\system32\\msprivs.DLL"
                    }, 
                    {
                        "basename": "netjoin.dll", 
                        "imgsize": 204800, 
                        "baseaddr": "0x7fefcc60000", 
                        "filepath": "C:\\Windows\\system32\\netjoin.dll"
                    }, 
                    {
                        "basename": "negoexts.DLL", 
                        "imgsize": 147456, 
                        "baseaddr": "0x7fefcc30000", 
                        "filepath": "C:\\Windows\\system32\\negoexts.DLL"
                    }, 
                    {
                        "basename": "Secur32.dll", 
                        "imgsize": 45056, 
                        "baseaddr": "0x7fefcf70000", 
                        "filepath": "C:\\Windows\\system32\\Secur32.dll"
                    }, 
                    {
                        "basename": "cryptbase.dll", 
                        "imgsize": 61440, 
                        "baseaddr": "0x7fefd1b0000", 
                        "filepath": "C:\\Windows\\system32\\cryptbase.dll"
                    }, 
                    {
                        "basename": "kerberos.DLL", 
                        "imgsize": 737280, 
                        "baseaddr": "0x7fefcb70000", 
                        "filepath": "C:\\Windows\\system32\\kerberos.DLL"
                    }, 
                    {
                        "basename": "CRYPTSP.dll", 
                        "imgsize": 94208, 
                        "baseaddr": "0x7fefcb50000", 
                        "filepath": "C:\\Windows\\system32\\CRYPTSP.dll"
                    }, 
                    {
                        "basename": "WS2_32.dll", 
                        "imgsize": 315392, 
                        "baseaddr": "0x7feff7d0000", 
                        "filepath": "C:\\Windows\\system32\\WS2_32.dll"
                    }, 
                    {
                        "basename": "NSI.dll", 
                        "imgsize": 32768, 
                        "baseaddr": "0x7fefdb00000", 
                        "filepath": "C:\\Windows\\system32\\NSI.dll"
                    }, 
                    {
                        "basename": "mswsock.dll", 
                        "imgsize": 348160, 
                        "baseaddr": "0x7fefcaf0000", 
                        "filepath": "C:\\Windows\\system32\\mswsock.dll"
                    }, 
                    {
                        "basename": "wship6.dll", 
                        "imgsize": 28672, 
                        "baseaddr": "0x7fefcae0000", 
                        "filepath": "C:\\Windows\\System32\\wship6.dll"
                    }, 
                    {
                        "basename": "msv1_0.DLL", 
                        "imgsize": 331776, 
                        "baseaddr": "0x7fefca80000", 
                        "filepath": "C:\\Windows\\system32\\msv1_0.DLL"
                    }, 
                    {
                        "basename": "netlogon.DLL", 
                        "imgsize": 712704, 
                        "baseaddr": "0x7fefc9d0000", 
                        "filepath": "C:\\Windows\\system32\\netlogon.DLL"
                    }, 
                    {
                        "basename": "DNSAPI.dll", 
                        "imgsize": 372736, 
                        "baseaddr": "0x7fefc970000", 
                        "filepath": "C:\\Windows\\system32\\DNSAPI.dll"
                    }, 
                    {
                        "basename": "logoncli.dll", 
                        "imgsize": 196608, 
                        "baseaddr": "0x7fefc940000", 
                        "filepath": "C:\\Windows\\system32\\logoncli.dll"
                    }, 
                    {
                        "basename": "schannel.DLL", 
                        "imgsize": 356352, 
                        "baseaddr": "0x7fefc8e0000", 
                        "filepath": "C:\\Windows\\system32\\schannel.DLL"
                    }, 
                    {
                        "basename": "CRYPT32.dll", 
                        "imgsize": 1470464, 
                        "baseaddr": "0x7fefd470000", 
                        "filepath": "C:\\Windows\\system32\\CRYPT32.dll"
                    }, 
                    {
                        "basename": "wdigest.DLL", 
                        "imgsize": 221184, 
                        "baseaddr": "0x7fefc8a0000", 
                        "filepath": "C:\\Windows\\system32\\wdigest.DLL"
                    }, 
                    {
                        "basename": "rsaenh.dll", 
                        "imgsize": 290816, 
                        "baseaddr": "0x7fefc850000", 
                        "filepath": "C:\\Windows\\system32\\rsaenh.dll"
                    }, 
                    {
                        "basename": "tspkg.DLL", 
                        "imgsize": 98304, 
                        "baseaddr": "0x7fefc830000", 
                        "filepath": "C:\\Windows\\system32\\tspkg.DLL"
                    }, 
                    {
                        "basename": "pku2u.DLL", 
                        "imgsize": 282624, 
                        "baseaddr": "0x7fefc7e0000", 
                        "filepath": "C:\\Windows\\system32\\pku2u.DLL"
                    }, 
                    {
                        "basename": "bcryptprimitives.dll", 
                        "imgsize": 311296, 
                        "baseaddr": "0x7fefc790000", 
                        "filepath": "C:\\Windows\\system32\\bcryptprimitives.dll"
                    }, 
                    {
                        "basename": "RpcRtRemote.dll", 
                        "imgsize": 81920, 
                        "baseaddr": "0x7fefd2a0000", 
                        "filepath": "C:\\Windows\\system32\\RpcRtRemote.dll"
                    }, 
                    {
                        "basename": "efslsaext.dll", 
                        "imgsize": 73728, 
                        "baseaddr": "0x7fefc770000", 
                        "filepath": "C:\\Windows\\system32\\efslsaext.dll"
                    }, 
                    {
                        "basename": "scecli.DLL", 
                        "imgsize": 253952, 
                        "baseaddr": "0x7fefc730000", 
                        "filepath": "C:\\Windows\\system32\\scecli.DLL"
                    }, 
                    {
                        "basename": "credssp.dll", 
                        "imgsize": 40960, 
                        "baseaddr": "0x7fefc720000", 
                        "filepath": "C:\\Windows\\system32\\credssp.dll"
                    }, 
                    {
                        "basename": "WINSTA.dll", 
                        "imgsize": 249856, 
                        "baseaddr": "0x7fefd260000", 
                        "filepath": "C:\\Windows\\system32\\WINSTA.dll"
                    }, 
                    {
                        "basename": "IPHLPAPI.DLL", 
                        "imgsize": 159744, 
                        "baseaddr": "0x7fefaeb0000", 
                        "filepath": "C:\\Windows\\system32\\IPHLPAPI.DLL"
                    }, 
                    {
                        "basename": "WINNSI.DLL", 
                        "imgsize": 45056, 
                        "baseaddr": "0x7fefaea0000", 
                        "filepath": "C:\\Windows\\system32\\WINNSI.DLL"
                    }, 
                    {
                        "basename": "netutils.dll", 
                        "imgsize": 49152, 
                        "baseaddr": "0x7fefaa40000", 
                        "filepath": "C:\\Windows\\system32\\netutils.dll"
                    }, 
                    {
                        "basename": "USERENV.dll", 
                        "imgsize": 122880, 
                        "baseaddr": "0x7fefc610000", 
                        "filepath": "C:\\Windows\\system32\\USERENV.dll"
                    }, 
                    {
                        "basename": "profapi.dll", 
                        "imgsize": 61440, 
                        "baseaddr": "0x7fefd2c0000", 
                        "filepath": "C:\\Windows\\system32\\profapi.dll"
                    }, 
                    {
                        "basename": "wshtcpip.dll", 
                        "imgsize": 28672, 
                        "baseaddr": "0x7fefc4f0000", 
                        "filepath": "C:\\Windows\\System32\\wshtcpip.dll"
                    }, 
                    {
                        "basename": "dssenh.dll", 
                        "imgsize": 204800, 
                        "baseaddr": "0x7fef4fd0000", 
                        "filepath": "C:\\Windows\\system32\\dssenh.dll"
                    }, 
                    {
                        "basename": "GPAPI.dll", 
                        "imgsize": 110592, 
                        "baseaddr": "0x7fefc5f0000", 
                        "filepath": "C:\\Windows\\system32\\GPAPI.dll"
                    }, 
                    {
                        "basename": "monitor-x64.dll", 
                        "imgsize": 2269184, 
                        "baseaddr": "0x74180000", 
                        "filepath": "C:\\tmp2zg5xi\\bin\\monitor-x64.dll"
                    }
                ], 
                "time": 0, 
                "tid": 2352, 
                "first_seen": 1728918132.96875, 
                "ppid": 388, 
                "type": "process"
            }
        ], 
        "processtree": [
            {
                "track": false, 
                "pid": 512, 
                "process_name": "lsass.exe", 
                "command_line": "C:\\Windows\\system32\\lsass.exe", 
                "first_seen": 1728918132.96875, 
                "ppid": 388, 
                "children": []
            }
        ]
    }, 
    "debug": {
        "action": [], 
        "dbgview": [], 
        "errors": [], 
        "log": [
            "2024-10-14 14:02:12,000 [analyzer] DEBUG: Starting analyzer from: C:\\tmp2zg5xi\n", 
            "2024-10-14 14:02:12,015 [analyzer] DEBUG: Pipe server name: \\??\\PIPE\\mraGjLkLozoRrikFErDChViYnffDQsa\n", 
            "2024-10-14 14:02:12,015 [analyzer] DEBUG: Log pipe server name: \\??\\PIPE\\oSALujHUWCPeMQUpEalcFdYEMj\n", 
            "2024-10-14 14:02:12,390 [analyzer] DEBUG: Started auxiliary module Curtain\n", 
            "2024-10-14 14:02:12,390 [analyzer] DEBUG: Started auxiliary module DbgView\n", 
            "2024-10-14 14:02:12,828 [analyzer] DEBUG: Started auxiliary module Disguise\n", 
            "2024-10-14 14:02:13,030 [analyzer] DEBUG: Loaded monitor into process with pid 512\n", 
            "2024-10-14 14:02:13,030 [analyzer] DEBUG: Started auxiliary module DumpTLSMasterSecrets\n", 
            "2024-10-14 14:02:13,030 [analyzer] DEBUG: Started auxiliary module Human\n", 
            "2024-10-14 14:02:13,030 [analyzer] DEBUG: Started auxiliary module InstallCertificate\n", 
            "2024-10-14 14:02:13,030 [analyzer] DEBUG: Started auxiliary module Reboot\n", 
            "2024-10-14 14:02:13,108 [analyzer] DEBUG: Started auxiliary module RecentFiles\n", 
            "2024-10-14 14:02:13,108 [analyzer] DEBUG: Started auxiliary module Screenshots\n", 
            "2024-10-14 14:02:13,108 [analyzer] DEBUG: Started auxiliary module Sysmon\n", 
            "2024-10-14 14:02:13,108 [analyzer] DEBUG: Started auxiliary module LoadZer0m0n\n", 
            "2024-10-14 14:02:13,187 [lib.api.process] ERROR: Failed to execute process from path u'C:\\\\Users\\\\ADMINI~1\\\\AppData\\\\Local\\\\Temp\\\\91b97f3b8ef8ebc8bbd06e06927e7b38090c026f8fca77e209e69c056b042cb7.exe' with arguments ['bin\\\\inject-x86.exe', '--app', u'C:\\\\Users\\\\ADMINI~1\\\\AppData\\\\Local\\\\Temp\\\\91b97f3b8ef8ebc8bbd06e06927e7b38090c026f8fca77e209e69c056b042cb7.exe', '--only-start', '--curdir', 'C:\\\\Users\\\\ADMINI~1\\\\AppData\\\\Local\\\\Temp'] (Error: Command '['bin\\\\inject-x86.exe', '--app', u'C:\\\\Users\\\\ADMINI~1\\\\AppData\\\\Local\\\\Temp\\\\91b97f3b8ef8ebc8bbd06e06927e7b38090c026f8fca77e209e69c056b042cb7.exe', '--only-start', '--curdir', 'C:\\\\Users\\\\ADMINI~1\\\\AppData\\\\Local\\\\Temp']' returned non-zero exit status 1)\n"
        ], 
        "cuckoo": [
            "2024-10-14 17:20:54,488 [cuckoo.core.scheduler] DEBUG: Task #5291103: no machine available yet\n", 
            "2024-10-14 17:20:55,513 [cuckoo.core.scheduler] DEBUG: Task #5291103: no machine available yet\n", 
            "2024-10-14 17:20:56,540 [cuckoo.core.scheduler] DEBUG: Task #5291103: no machine available yet\n", 
            "2024-10-14 17:20:57,564 [cuckoo.core.scheduler] DEBUG: Task #5291103: no machine available yet\n", 
            "2024-10-14 17:20:58,810 [cuckoo.core.scheduler] DEBUG: Task #5291103: no machine available yet\n", 
            "2024-10-14 17:20:59,831 [cuckoo.core.scheduler] DEBUG: Task #5291103: no machine available yet\n", 
            "2024-10-14 17:21:00,859 [cuckoo.core.scheduler] DEBUG: Task #5291103: no machine available yet\n", 
            "2024-10-14 17:21:01,919 [cuckoo.core.scheduler] DEBUG: Task #5291103: no machine available yet\n", 
            "2024-10-14 17:21:03,344 [cuckoo.core.scheduler] DEBUG: Task #5291103: no machine available yet\n", 
            "2024-10-14 17:21:04,584 [cuckoo.core.scheduler] DEBUG: Task #5291103: no machine available yet\n", 
            "2024-10-14 17:21:05,634 [cuckoo.core.scheduler] DEBUG: Task #5291103: no machine available yet\n", 
            "2024-10-14 17:21:06,679 [cuckoo.core.scheduler] DEBUG: Task #5291103: no machine available yet\n", 
            "2024-10-14 17:21:07,719 [cuckoo.core.scheduler] DEBUG: Task #5291103: no machine available yet\n", 
            "2024-10-14 17:21:08,756 [cuckoo.core.scheduler] DEBUG: Task #5291103: no machine available yet\n", 
            "2024-10-14 17:21:09,796 [cuckoo.core.scheduler] DEBUG: Task #5291103: no machine available yet\n", 
            "2024-10-14 17:21:11,008 [cuckoo.core.scheduler] DEBUG: Task #5291103: no machine available yet\n", 
            "2024-10-14 17:21:12,234 [cuckoo.core.scheduler] DEBUG: Task #5291103: no machine available yet\n", 
            "2024-10-14 17:21:13,390 [cuckoo.core.scheduler] DEBUG: Task #5291103: no machine available yet\n", 
            "2024-10-14 17:21:14,604 [cuckoo.core.scheduler] DEBUG: Task #5291103: no machine available yet\n", 
            "2024-10-14 17:21:15,884 [cuckoo.core.scheduler] DEBUG: Task #5291103: no machine available yet\n", 
            "2024-10-14 17:21:16,908 [cuckoo.core.scheduler] DEBUG: Task #5291103: no machine available yet\n", 
            "2024-10-14 17:21:17,941 [cuckoo.core.scheduler] DEBUG: Task #5291103: no machine available yet\n", 
            "2024-10-14 17:21:18,977 [cuckoo.core.scheduler] DEBUG: Task #5291103: no machine available yet\n", 
            "2024-10-14 17:21:20,012 [cuckoo.core.scheduler] DEBUG: Task #5291103: no machine available yet\n", 
            "2024-10-14 17:21:21,048 [cuckoo.core.scheduler] DEBUG: Task #5291103: no machine available yet\n", 
            "2024-10-14 17:21:22,071 [cuckoo.core.scheduler] DEBUG: Task #5291103: no machine available yet\n", 
            "2024-10-14 17:21:23,095 [cuckoo.core.scheduler] DEBUG: Task #5291103: no machine available yet\n", 
            "2024-10-14 17:21:24,413 [cuckoo.core.scheduler] DEBUG: Task #5291103: no machine available yet\n", 
            "2024-10-14 17:21:25,494 [cuckoo.core.scheduler] DEBUG: Task #5291103: no machine available yet\n", 
            "2024-10-14 17:21:26,546 [cuckoo.core.scheduler] DEBUG: Task #5291103: no machine available yet\n", 
            "2024-10-14 17:21:27,605 [cuckoo.core.scheduler] DEBUG: Task #5291103: no machine available yet\n", 
            "2024-10-14 17:21:28,667 [cuckoo.core.scheduler] DEBUG: Task #5291103: no machine available yet\n", 
            "2024-10-14 17:21:29,734 [cuckoo.core.scheduler] DEBUG: Task #5291103: no machine available yet\n", 
            "2024-10-14 17:21:30,806 [cuckoo.core.scheduler] DEBUG: Task #5291103: no machine available yet\n", 
            "2024-10-14 17:21:32,111 [cuckoo.core.scheduler] DEBUG: Task #5291103: no machine available yet\n", 
            "2024-10-14 17:21:33,174 [cuckoo.core.scheduler] DEBUG: Task #5291103: no machine available yet\n", 
            "2024-10-14 17:21:34,259 [cuckoo.core.scheduler] DEBUG: Task #5291103: no machine available yet\n", 
            "2024-10-14 17:21:35,336 [cuckoo.core.scheduler] DEBUG: Task #5291103: no machine available yet\n", 
            "2024-10-14 17:21:36,538 [cuckoo.core.scheduler] DEBUG: Task #5291103: no machine available yet\n", 
            "2024-10-14 17:21:37,611 [cuckoo.core.scheduler] DEBUG: Task #5291103: no machine available yet\n", 
            "2024-10-14 17:21:38,668 [cuckoo.core.scheduler] DEBUG: Task #5291103: no machine available yet\n", 
            "2024-10-14 17:21:39,723 [cuckoo.core.scheduler] DEBUG: Task #5291103: no machine available yet\n", 
            "2024-10-14 17:21:40,772 [cuckoo.core.scheduler] DEBUG: Task #5291103: no machine available yet\n", 
            "2024-10-14 17:21:41,814 [cuckoo.core.scheduler] DEBUG: Task #5291103: no machine available yet\n", 
            "2024-10-14 17:21:42,865 [cuckoo.core.scheduler] DEBUG: Task #5291103: no machine available yet\n", 
            "2024-10-14 17:21:43,909 [cuckoo.core.scheduler] DEBUG: Task #5291103: no machine available yet\n", 
            "2024-10-14 17:21:44,956 [cuckoo.core.scheduler] DEBUG: Task #5291103: no machine available yet\n", 
            "2024-10-14 17:21:46,436 [cuckoo.core.scheduler] DEBUG: Task #5291103: no machine available yet\n", 
            "2024-10-14 17:21:47,511 [cuckoo.core.scheduler] DEBUG: Task #5291103: no machine available yet\n", 
            "2024-10-14 17:21:48,544 [cuckoo.core.scheduler] DEBUG: Task #5291103: no machine available yet\n", 
            "2024-10-14 17:21:49,567 [cuckoo.core.scheduler] DEBUG: Task #5291103: no machine available yet\n", 
            "2024-10-14 17:21:50,592 [cuckoo.core.scheduler] DEBUG: Task #5291103: no machine available yet\n", 
            "2024-10-14 17:21:51,774 [cuckoo.core.scheduler] DEBUG: Task #5291103: no machine available yet\n", 
            "2024-10-14 17:21:53,081 [cuckoo.core.scheduler] DEBUG: Task #5291103: no machine available yet\n", 
            "2024-10-14 17:21:54,125 [cuckoo.core.scheduler] DEBUG: Task #5291103: no machine available yet\n", 
            "2024-10-14 17:21:55,167 [cuckoo.core.scheduler] DEBUG: Task #5291103: no machine available yet\n", 
            "2024-10-14 17:21:56,194 [cuckoo.core.scheduler] DEBUG: Task #5291103: no machine available yet\n", 
            "2024-10-14 17:21:57,220 [cuckoo.core.scheduler] DEBUG: Task #5291103: no machine available yet\n", 
            "2024-10-14 17:21:58,897 [cuckoo.core.scheduler] DEBUG: Task #5291103: no machine available yet\n", 
            "2024-10-14 17:21:59,933 [cuckoo.core.scheduler] DEBUG: Task #5291103: no machine available yet\n", 
            "2024-10-14 17:22:00,968 [cuckoo.core.scheduler] DEBUG: Task #5291103: no machine available yet\n", 
            "2024-10-14 17:22:01,990 [cuckoo.core.scheduler] DEBUG: Task #5291103: no machine available yet\n", 
            "2024-10-14 17:22:03,018 [cuckoo.core.scheduler] DEBUG: Task #5291103: no machine available yet\n", 
            "2024-10-14 17:22:04,046 [cuckoo.core.scheduler] DEBUG: Task #5291103: no machine available yet\n", 
            "2024-10-14 17:22:05,070 [cuckoo.core.scheduler] DEBUG: Task #5291103: no machine available yet\n", 
            "2024-10-14 17:22:06,099 [cuckoo.core.scheduler] DEBUG: Task #5291103: no machine available yet\n", 
            "2024-10-14 17:22:07,126 [cuckoo.core.scheduler] DEBUG: Task #5291103: no machine available yet\n", 
            "2024-10-14 17:22:08,532 [cuckoo.core.scheduler] DEBUG: Task #5291103: no machine available yet\n", 
            "2024-10-14 17:22:09,575 [cuckoo.core.scheduler] DEBUG: Task #5291103: no machine available yet\n", 
            "2024-10-14 17:22:10,605 [cuckoo.core.scheduler] DEBUG: Task #5291103: no machine available yet\n", 
            "2024-10-14 17:22:11,643 [cuckoo.core.scheduler] DEBUG: Task #5291103: no machine available yet\n", 
            "2024-10-14 17:22:12,683 [cuckoo.core.scheduler] DEBUG: Task #5291103: no machine available yet\n", 
            "2024-10-14 17:22:13,717 [cuckoo.core.scheduler] DEBUG: Task #5291103: no machine available yet\n", 
            "2024-10-14 17:22:14,741 [cuckoo.core.scheduler] DEBUG: Task #5291103: no machine available yet\n", 
            "2024-10-14 17:22:15,788 [cuckoo.core.scheduler] DEBUG: Task #5291103: no machine available yet\n", 
            "2024-10-14 17:22:16,823 [cuckoo.core.scheduler] DEBUG: Task #5291103: no machine available yet\n", 
            "2024-10-14 17:22:17,886 [cuckoo.core.scheduler] DEBUG: Task #5291103: no machine available yet\n", 
            "2024-10-14 17:22:19,124 [cuckoo.core.scheduler] DEBUG: Task #5291103: no machine available yet\n", 
            "2024-10-14 17:22:20,281 [cuckoo.core.scheduler] DEBUG: Task #5291103: no machine available yet\n", 
            "2024-10-14 17:22:21,672 [cuckoo.core.scheduler] DEBUG: Task #5291103: no machine available yet\n", 
            "2024-10-14 17:22:22,856 [cuckoo.core.scheduler] DEBUG: Task #5291103: no machine available yet\n", 
            "2024-10-14 17:22:23,974 [cuckoo.core.scheduler] DEBUG: Task #5291103: no machine available yet\n", 
            "2024-10-14 17:22:25,075 [cuckoo.core.scheduler] DEBUG: Task #5291103: no machine available yet\n", 
            "2024-10-14 17:22:26,179 [cuckoo.core.scheduler] INFO: Task #5291103: acquired machine win7x6410 (label=win7x6410)\n", 
            "2024-10-14 17:22:26,189 [cuckoo.core.resultserver] DEBUG: Now tracking machine 192.168.168.210 for task #5291103\n", 
            "2024-10-14 17:22:26,949 [cuckoo.auxiliary.sniffer] INFO: Started sniffer with PID 1968083 (interface=vboxnet0, host=192.168.168.210)\n", 
            "2024-10-14 17:22:27,380 [cuckoo.machinery.virtualbox] DEBUG: Starting vm win7x6410\n", 
            "2024-10-14 17:22:35,359 [cuckoo.machinery.virtualbox] DEBUG: Restoring virtual machine win7x6410 to vmcloak\n", 
            "2024-10-14 17:25:06,122 [cuckoo.core.guest] INFO: Starting analysis #5291103 on guest (id=win7x6410, ip=192.168.168.210)\n", 
            "2024-10-14 17:25:07,129 [cuckoo.core.guest] DEBUG: win7x6410: not ready yet\n", 
            "2024-10-14 17:25:12,553 [cuckoo.core.guest] INFO: Guest is running Cuckoo Agent 0.10 (id=win7x6410, ip=192.168.168.210)\n", 
            "2024-10-14 17:25:13,236 [cuckoo.core.guest] DEBUG: Uploading analyzer to guest (id=win7x6410, ip=192.168.168.210, monitor=latest, size=6660546)\n", 
            "2024-10-14 17:25:15,154 [cuckoo.core.resultserver] DEBUG: Task #5291103: live log analysis.log initialized.\n", 
            "2024-10-14 17:25:15,526 [cuckoo.core.resultserver] DEBUG: Task #5291103 is sending a BSON stream\n", 
            "2024-10-14 17:25:16,781 [cuckoo.core.resultserver] DEBUG: Task #5291103: File upload for 'shots/0001.jpg'\n", 
            "2024-10-14 17:25:16,838 [cuckoo.core.resultserver] DEBUG: Task #5291103 uploaded file length: 133503\n", 
            "2024-10-14 17:25:17,153 [cuckoo.core.guest] WARNING: win7x6410: analysis #5291103 caught an exception\n", 
            "Traceback (most recent call last):\n", 
            "  File \"C:/tmp2zg5xi/analyzer.py\", line 824, in <module>\n", 
            "    success = analyzer.run()\n", 
            "  File \"C:/tmp2zg5xi/analyzer.py\", line 673, in run\n", 
            "    pids = self.package.start(self.target)\n", 
            "  File \"C:\\tmp2zg5xi\\modules\\packages\\exe.py\", line 34, in start\n", 
            "    return self.execute(path, args=shlex.split(args))\n", 
            "  File \"C:\\tmp2zg5xi\\lib\\common\\abstracts.py\", line 205, in execute\n", 
            "    \"Unable to execute the initial process, analysis aborted.\"\n", 
            "CuckooPackageError: Unable to execute the initial process, analysis aborted.\n", 
            "\n", 
            "2024-10-14 17:25:17,164 [cuckoo.core.plugins] DEBUG: Stopped auxiliary module: Redsocks\n", 
            "2024-10-14 17:25:17,198 [cuckoo.core.plugins] DEBUG: Stopped auxiliary module: Sniffer\n", 
            "2024-10-14 17:25:18,737 [cuckoo.machinery.virtualbox] INFO: Successfully generated memory dump for virtual machine with label win7x6410 to path /srv/cuckoo/cwd/storage/analyses/5291103/memory.dmp\n", 
            "2024-10-14 17:25:18,739 [cuckoo.machinery.virtualbox] DEBUG: Stopping vm win7x6410\n", 
            "2024-10-14 17:27:06,256 [cuckoo.core.resultserver] DEBUG: Stopped tracking machine 192.168.168.210 for task #5291103\n", 
            "2024-10-14 17:27:06,256 [cuckoo.core.resultserver] DEBUG: Cancel <Context for LOG> for task 5291103\n", 
            "2024-10-14 17:27:06,801 [cuckoo.core.scheduler] DEBUG: Released database task #5291103\n", 
            "2024-10-14 17:27:06,821 [cuckoo.core.scheduler] INFO: Task #5291103: analysis procedure completed\n"
        ]
    }, 
    "strings": [
        "!This program cannot be run in DOS mode.", 
        ".idata", 
        "@.edata", 
        "@.reloc", 
        "`.data", 
        "KERNEL32.DLL", 
        "USER32.DLL", 
        "GDI32.DLL", 
        "comctl32.dll", 
        "ExitProcess", 
        "CloseHandle", 
        "GetTimeZoneInformation", 
        "GetModuleHandleA", 
        "CreateFileA", 
        "ReadFile", 
        "GetLastError", 
        "ExitThread", 
        "HeapFree", 
        "WaitForSingleObject", 
        "HeapDestroy", 
        "lstrcatA", 
        "RtlFillMemory", 
        "HeapReAlloc", 
        "DialogBoxParamA", 
        "GetDlgItemTextA", 
        "MessageBoxA", 
        "EndDialog", 
        "RegisterClassA", 
        "PeekMessageA", 
        "LoadCursorA", 
        "PostQuitMessage", 
        "WaitMessage", 
        "LoadMenuA", 
        "SetWindowTextA", 
        "ShowCursor", 
        "ShowWindow", 
        "GdiGetLocalFont", 
        "GetFontData", 
        "GetFontResourceInfoW", 
        "Rectangle", 
        "DrawEscape", 
        "EngBitBlt", 
        "EngPaint", 
        "FillRgn", 
        "GetFontLanguageInfo", 
        "GetFontData", 
        "CreateStatusWindowA", 
        "CreateToolbar", 
        "CreateUpDownControl", 
        "CreateStatusWindowA", 
        "CreateToolbarEx", 
        "DllGetVersion", 
        "InitMUILanguage", 
        "CreateMRUListW", 
        "ImageList_SetBkColor", 
        "FreeMRUList", 
        "ShowHideMenuCtl", 
        "ChooseColorW", 
        "ChooseFontA", 
        "ChooseFontW", 
        "CommDlgExtendedError", 
        "ReplaceTextW", 
        "FindTextW", 
        "FindTextA", 
        "GetFileTitleA", 
        "GetOpenFileNameW", 
        "GetSaveFileNameA", 
        "PageSetupDlgA", 
        "PrintDlgExA", 
        "PrintDlgW", 
        "ReplaceTextA", 
        "JorPglt", 
        "\u001f>S-@@8", 
        "ww[&Jf", 
        "Jeob\u001fI", 
        "~/\u001f>|I", 
        "dO&\u001f>|", 
        "pvg'Bo", 
        "e%Mv\u001f>|", 
        "LJ5Oy4", 
        ",n~ I2$IN", 
        "HJw#6a"
    ], 
    "intelmq": [
        {
            "classification_taxonomy": "malicious-code", 
            "classification_type": "infected-system", 
            "feed_provider": "CERT-EE", 
            "time_source": "2024-08-15T16:31:43.776266+00:00", 
            "feed_name": "Sandbox", 
            "ioc": "1c658719e6dedb929a6d85359c59682d", 
            "id": "vRnxVpEBJ8b3ASlsg5aA", 
            "index": "imq-2024-08", 
            "url": "https://kips.cert.ee/app/discover#/doc/imq/imq-2024-08/?id=vRnxVpEBJ8b3ASlsg5aA", 
            "time_observation": "2024-08-15T16:31:43+00:00", 
            "feed_accuracy": 50
        }, 
        {
            "classification_taxonomy": "malicious-code", 
            "classification_type": "infected-system", 
            "feed_provider": "CERT-EE", 
            "time_source": "2024-03-16T17:35:01.611709+00:00", 
            "feed_name": "Sandbox", 
            "ioc": "1c658719e6dedb929a6d85359c59682d", 
            "id": "s7BUSI4BJ8b3ASls0LdK", 
            "index": "imq-2024-03", 
            "url": "https://kips.cert.ee/app/discover#/doc/imq/imq-2024-03/?id=s7BUSI4BJ8b3ASls0LdK", 
            "time_observation": "2024-03-16T17:35:01+00:00", 
            "feed_accuracy": 50
        }, 
        {
            "classification_taxonomy": "malicious-code", 
            "classification_type": "infected-system", 
            "feed_provider": "CERT-EE", 
            "time_source": "2024-03-16T17:35:01.611799+00:00", 
            "feed_name": "Sandbox", 
            "ioc": "1c658719e6dedb929a6d85359c59682d", 
            "id": "tLBUSI4BJ8b3ASls0Ldf", 
            "index": "imq-2024-03", 
            "url": "https://kips.cert.ee/app/discover#/doc/imq/imq-2024-03/?id=tLBUSI4BJ8b3ASls0Ldf", 
            "time_observation": "2024-03-16T17:35:01+00:00", 
            "feed_accuracy": 50
        }, 
        {
            "classification_taxonomy": "malicious-code", 
            "classification_type": "infected-system", 
            "feed_provider": "CERT-EE", 
            "time_source": "2023-03-11T14:51:32.843206+00:00", 
            "feed_name": "CERT-EE own finding", 
            "ioc": "1c658719e6dedb929a6d85359c59682d", 
            "id": "PsqV0YYBMVxc0rr3rd-H", 
            "index": "imq-2023-03", 
            "url": "https://kips.cert.ee/app/discover#/doc/imq/imq-2023-03/?id=PsqV0YYBMVxc0rr3rd-H", 
            "time_observation": "2023-03-11T16:51:32+00:00", 
            "feed_accuracy": 50
        }, 
        {
            "classification_taxonomy": "malicious-code", 
            "classification_type": "infected-system", 
            "feed_provider": "CERT-EE", 
            "time_source": "2023-03-11T14:51:32.843315+00:00", 
            "feed_name": "CERT-EE own finding", 
            "ioc": "1c658719e6dedb929a6d85359c59682d", 
            "id": "P8qV0YYBMVxc0rr3rd-Q", 
            "index": "imq-2023-03", 
            "url": "https://kips.cert.ee/app/discover#/doc/imq/imq-2023-03/?id=P8qV0YYBMVxc0rr3rd-Q", 
            "time_observation": "2023-03-11T16:51:32+00:00", 
            "feed_accuracy": 50
        }
    ], 
    "metadata": {
        "output": {
            "pcap": {
                "basename": "dump.pcap", 
                "sha256": "0fa4c580f233ea3d81212d14169adfc387087fe31eac2981afe6784661dc887a", 
                "dirname": ""
            }
        }
    }
}