{"path": "shots/0001.jpg", "pids": [], "filepath": null}
{"path": "files/47f3405ab0da5af1_usbsvc.scr", "pids": [2716], "filepath": "C:\\Users\\Administrator\\AppData\\Local\\Temp\\usbsvc.scr"}
{"path": "curtain/1728916060.48.curtain.log", "pids": [], "filepath": "C:\\curtain.log"}
{"path": "sysmon/1728916062.23.sysmon.xml", "pids": [], "filepath": "C:\\sysmon.xml"}
{"path": "files/2088561abb89b13d_apipcpdb.dll", "pids": [2716], "filepath": "c:\\users\\administrator\\appdata\\local\\temp\\apipcpdb.dll"}
{"path": "files/511b1a69a6be81f1_run_dll.lnk", "pids": [2512], "filepath": "C:\\Users\\Administrator\\AppData\\Startup\\run_dll.lnk"}
{"path": "files/443c07a2c83b7b02_ntuser{4cb43d7f-7eee-4906-8698-ffffffff80156501}.pol", "pids": [2716], "filepath": "C:\\Users\\Public\\Documents\\ntuser{4CB43D7F-7EEE-4906-8698-FFFFFFFF80156501}.pol"}
{"path": "files/96bcec06264976f3_2d85f72862b55c4eadd9e66e06947f3d", "pids": [2512], "filepath": "C:\\Users\\Administrator\\AppData\\LocalLow\\Microsoft\\CryptnetUrlCache\\Content\\2D85F72862B55C4EADD9E66E06947F3D"}
{"path": "files/29816202d05c0377_ntuser{4cb43d7f-7eee-4906-8698-ffffffff70141501}.pol", "pids": [2716], "filepath": "C:\\Users\\Public\\Documents\\ntuser{4CB43D7F-7EEE-4906-8698-FFFFFFFF70141501}.pol"}
{"path": "files/cb18dd2b94dae862_2d85f72862b55c4eadd9e66e06947f3d", "pids": [2512], "filepath": "C:\\Users\\Administrator\\AppData\\LocalLow\\Microsoft\\CryptnetUrlCache\\MetaData\\2D85F72862B55C4EADD9E66E06947F3D"}
{"path": "files/322bbd3ce5678503_montapi.scr", "pids": [2716], "filepath": "C:\\Windows\\SysWOW64\\montapi.scr"}
{"path": "files/b33efcb95235b98b_94308059b57b3142e455b38a6eb92015", "pids": [2512], "filepath": "C:\\Users\\Administrator\\AppData\\LocalLow\\Microsoft\\CryptnetUrlCache\\Content\\94308059B57B3142E455B38A6EB92015"}
{"path": "files/bdf402246633642b_envdhcp.scr", "pids": [2716], "filepath": "C:\\Windows\\SysWOW64\\envdhcp.scr"}
{"path": "files/43a2772e11605559_94308059b57b3142e455b38a6eb92015", "pids": [2512], "filepath": "C:\\Users\\Administrator\\AppData\\LocalLow\\Microsoft\\CryptnetUrlCache\\MetaData\\94308059B57B3142E455B38A6EB92015"}
{"path": "files/28a25b1b5ada2536_wmfw.exe", "pids": [2716], "filepath": "C:\\Windows\\SysWOW64\\wmfw.exe"}
