{"category": "regkey_written", "args": ["HKEY_CURRENT_USER\\Control Panel\\Desktop\\SCRNSAVE.EXE", "REG_SZ", "C:\\Windows\\SysWOW64\\envdhcp.scr"], "type": "reboot", "time": 14}
{"category": "regkey_written", "args": ["HKEY_CURRENT_USER\\Control Panel\\Desktop\\ScreenSaveBackup", "REG_SZ", ""], "type": "reboot", "time": 14}
{"category": "regkey_written", "args": ["HKEY_CURRENT_USER\\Control Panel\\Desktop\\ScreenSaveTimeOut", "REG_SZ", "60"], "type": "reboot", "time": 14}
{"category": "regkey_written", "args": ["HKEY_CURRENT_USER\\Control Panel\\Desktop\\ScreenSaveUtility", "REG_SZ", "C:\\Windows\\SysWOW64\\montapi.scr"], "type": "reboot", "time": 14}
{"category": "regkey_written", "args": ["HKEY_CURRENT_USER\\Software\\Microsoft\\Windows\\CurrentVersion\\Explorer\\Advanced\\EnableBalloonTips", "REG_DWORD", 0], "type": "reboot", "time": 14}
{"category": "regkey_written", "args": ["HKEY_CURRENT_USER\\Software\\Microsoft\\Windows\\CurrentVersion\\Explorer\\User Shell Folders\\Startup", "REG_SZ", "C:\\Users\\Administrator\\AppData\\Startup"], "type": "reboot", "time": 14}
{"category": "regkey_written", "args": ["HKEY_CURRENT_USER\\Software\\Microsoft\\Windows\\CurrentVersion\\Internet Settings\\5.0\\Cache\\Content\\CachePrefix", "REG_SZ", ""], "type": "reboot", "time": 14}
{"category": "regkey_written", "args": ["HKEY_CURRENT_USER\\Software\\Microsoft\\Windows\\CurrentVersion\\Internet Settings\\5.0\\Cache\\Cookies\\CachePrefix", "REG_SZ", "Cookie:"], "type": "reboot", "time": 14}
{"category": "regkey_written", "args": ["HKEY_CURRENT_USER\\Software\\Microsoft\\Windows\\CurrentVersion\\Internet Settings\\5.0\\Cache\\History\\CachePrefix", "REG_SZ", "Visited:"], "type": "reboot", "time": 14}
{"category": "regkey_written", "args": ["HKEY_CURRENT_USER\\Software\\Microsoft\\Windows\\CurrentVersion\\Internet Settings\\Wpad\\0a-00-27-00-00-00\\WpadDecision", "REG_DWORD", 0], "type": "reboot", "time": 14}
{"category": "regkey_written", "args": ["HKEY_CURRENT_USER\\Software\\Microsoft\\Windows\\CurrentVersion\\Internet Settings\\Wpad\\0a-00-27-00-00-00\\WpadDecision", "REG_DWORD", 0], "type": "reboot", "time": 14}
{"category": "regkey_written", "args": ["HKEY_CURRENT_USER\\Software\\Microsoft\\Windows\\CurrentVersion\\Internet Settings\\Wpad\\0a-00-27-00-00-00\\WpadDecisionReason", "REG_DWORD", 1], "type": "reboot", "time": 14}
{"category": "regkey_written", "args": ["HKEY_CURRENT_USER\\Software\\Microsoft\\Windows\\CurrentVersion\\Internet Settings\\Wpad\\0a-00-27-00-00-00\\WpadDecisionReason", "REG_DWORD", 1], "type": "reboot", "time": 14}
{"category": "regkey_written", "args": ["HKEY_CURRENT_USER\\Software\\Microsoft\\Windows\\CurrentVersion\\Internet Settings\\Wpad\\0a-00-27-00-00-00\\WpadDecisionTime", "REG_BINARY", "\b\u00ecJ\u0097`\u001e\u00db\u0001"], "type": "reboot", "time": 14}
{"category": "regkey_written", "args": ["HKEY_CURRENT_USER\\Software\\Microsoft\\Windows\\CurrentVersion\\Internet Settings\\Wpad\\0a-00-27-00-00-00\\WpadDecisionTime", "REG_BINARY", "\b\u00ecJ\u0097`\u001e\u00db\u0001"], "type": "reboot", "time": 14}
{"category": "regkey_written", "args": ["HKEY_CURRENT_USER\\Software\\Microsoft\\Windows\\CurrentVersion\\Internet Settings\\Wpad\\{092F0E6C-7874-4263-8D41-969F2B667EA2}\\WpadDecision", "REG_DWORD", 0], "type": "reboot", "time": 14}
{"category": "regkey_written", "args": ["HKEY_CURRENT_USER\\Software\\Microsoft\\Windows\\CurrentVersion\\Internet Settings\\Wpad\\{092F0E6C-7874-4263-8D41-969F2B667EA2}\\WpadDecisionReason", "REG_DWORD", 1], "type": "reboot", "time": 14}
{"category": "regkey_written", "args": ["HKEY_CURRENT_USER\\Software\\Microsoft\\Windows\\CurrentVersion\\Internet Settings\\Wpad\\{092F0E6C-7874-4263-8D41-969F2B667EA2}\\WpadDecisionTime", "REG_BINARY", "\b\u00ecJ\u0097`\u001e\u00db\u0001"], "type": "reboot", "time": 14}
{"category": "regkey_written", "args": ["HKEY_CURRENT_USER\\Software\\Microsoft\\Windows\\CurrentVersion\\Internet Settings\\Wpad\\{092F0E6C-7874-4263-8D41-969F2B667EA2}\\WpadNetworkName", "REG_SZ", "Network"], "type": "reboot", "time": 14}
{"category": "regkey_deleted", "args": "HKEY_CURRENT_USER\\Software\\Microsoft\\Windows\\CurrentVersion\\Internet Settings\\Wpad\\0a-00-27-00-00-00\\WpadDetectedUrl", "type": "reboot", "time": 14}
{"category": "regkey_deleted", "args": "HKEY_CURRENT_USER\\Software\\Microsoft\\Windows\\CurrentVersion\\Internet Settings\\Wpad\\0a-00-27-00-00-00\\WpadDetectedUrl", "type": "reboot", "time": 14}
{"category": "regkey_deleted", "args": "HKEY_CURRENT_USER\\Software\\Microsoft\\Windows\\CurrentVersion\\Internet Settings\\Wpad\\{092F0E6C-7874-4263-8D41-969F2B667EA2}\\WpadDetectedUrl", "type": "reboot", "time": 14}
