{"started_on": {"$dt": "2024-10-14T17:20:00.856478"}, "duration": -1, "sample_id": 5139920, "owner": null, "id": 5291095, "category": "file", "priority": 2, "guest": {"status": "stopped", "name": "win7x648", "label": "win7x648", "manager": "VirtualBox", "started_on": "2024-10-14 17:20:03", "shutdown_on": "2024-10-14 17:29:23"}, "clock": {"$dt": "2024-10-14T14:02:12.426409"}, "custom": null, "machine": null, "platform": "windows", "memory": true, "status": "running", "tags": [], "processing": null, "enforce_timeout": false, "completed_on": null, "target": "/srv/cuckoo/cwd/storage/cuckoo-tmp/tmp9AYe9w/3c5d2fcacafc21d9f43c595ddf03bec801ccb958b8641018612c21bc741800d0", "package": "exe", "route": "internet", "timeout": 300, "submit_id": 5121426, "options": {"procmemdump": "yes", "route": "internet"}, "added_on": {"$dt": "2024-10-14T14:02:12.426475"}}