{"path": "shots/0001.jpg", "pids": [], "filepath": null}
{"path": "curtain/1728907244.81.curtain.log", "pids": [], "filepath": "C:\\curtain.log"}
{"path": "sysmon/1728907244.94.sysmon.xml", "pids": [], "filepath": "C:\\sysmon.xml"}
{"path": "files/e5f0e0a014e19a8a_fastuserswitchingcompatibilityex.dll", "pids": [1380], "filepath": "C:\\Windows\\SysWOW64\\FastUserSwitchingCompatibilityex.dll"}
{"path": "files/0d6dec2954c21e9b_config_t.dat", "pids": [1380], "filepath": "C:\\Windows\\system\\config_t.dat"}
