{"started_on": {"$dt": "2024-10-14T17:15:31.836806"}, "duration": -1, "sample_id": 5139896, "owner": null, "id": 5291071, "category": "file", "priority": 2, "guest": {"status": "stopped", "name": "win7x649", "label": "win7x649", "manager": "VirtualBox", "started_on": "2024-10-14 17:15:50", "shutdown_on": "2024-10-14 17:19:12"}, "clock": {"$dt": "2024-10-14T14:00:41.409738"}, "custom": null, "machine": null, "platform": "windows", "memory": true, "status": "running", "tags": [], "processing": null, "enforce_timeout": false, "completed_on": null, "target": "/srv/cuckoo/cwd/storage/cuckoo-tmp/tmploTAC9/5faf76b8b06c727a08b34e456ddeb792797fab734cbd878136d85a1f767d8875", "package": "exe", "route": "internet", "timeout": 300, "submit_id": 5121424, "options": {"procmemdump": "yes", "route": "internet"}, "added_on": {"$dt": "2024-10-14T14:00:41.409791"}}