{"started_on": {"$dt": "2024-10-14T17:18:38.208360"}, "duration": -1, "sample_id": 5139907, "owner": null, "id": 5291082, "category": "file", "priority": 2, "guest": {"status": "stopped", "name": "win7x645", "label": "win7x645", "manager": "VirtualBox", "started_on": "2024-10-14 17:18:40", "shutdown_on": "2024-10-14 17:23:42"}, "clock": {"$dt": "2024-10-14T14:01:25.783755"}, "custom": null, "machine": null, "platform": "windows", "memory": true, "status": "running", "tags": [], "processing": null, "enforce_timeout": false, "completed_on": null, "target": "/srv/cuckoo/cwd/storage/cuckoo-tmp/tmp9Qp8ly/5a414a39851c4e22d4f9383211dfc080e16e2caffd90fa06dcbe51d11fdb0d6c", "package": "exe", "route": "internet", "timeout": 300, "submit_id": 5121425, "options": {"procmemdump": "yes", "route": "internet"}, "added_on": {"$dt": "2024-10-14T14:01:25.783798"}}