{"path": "shots/0001.jpg", "pids": [], "filepath": null}
{"path": "files/5f23a3442fa4515e_5f23a3442fa4515ebba8e24f2254b52b3e4b000f12843a4f612da65de38db1de.exe", "pids": [], "filepath": "C:\\Users\\Administrator\\AppData\\Local\\Temp\\5f23a3442fa4515ebba8e24f2254b52b3e4b000f12843a4f612da65de38db1de.exe"}
{"path": "files/8d16d5caad71aaaa_~TMBD0C.tmp", "pids": [], "filepath": "C:\\Users\\Administrator\\AppData\\Local\\Temp\\~TMBD0C.tmp"}
{"path": "files/21cc2473fee7a102_~TMBD6A.tmp", "pids": [], "filepath": "C:\\Users\\Administrator\\AppData\\Local\\Temp\\~TMBD6A.tmp"}
{"path": "files/402a8e7c29135ede_cupate.exe", "pids": [2336, 1252], "filepath": "C:\\Windows\\SysWOW64\\cupate.exe"}
{"path": "curtain/1728916497.9.curtain.log", "pids": [], "filepath": "C:\\curtain.log"}
{"path": "sysmon/1728916499.59.sysmon.xml", "pids": [], "filepath": "C:\\sysmon.xml"}
{"path": "files/b3d6d4bbef083a5e_~~tmpxf3c0027.exe", "pids": [2140], "filepath": "C:\\Windows\\SysWOW64\\~~tmpxF3C0027.exe"}
{"path": "files/bcc1df9a8cfe6458_~~tmpxf3c0027.exec", "pids": [2140], "filepath": "C:\\Windows\\SysWOW64\\~~tmpxF3C0027.exec"}
{"path": "files/f34e5af97ccb3574_5f23a3442fa4515ebba8e24f2254b52b3e4b000f12843a4f612da65de38db1de.exe", "pids": [2336], "filepath": "C:\\Users\\Administrator\\AppData\\Local\\Temp\\5f23a3442fa4515ebba8e24f2254b52b3e4b000f12843a4f612da65de38db1de.exe"}
