{"started_on": {"$dt": "2024-10-14T17:25:16.467322"}, "duration": -1, "sample_id": 5139952, "owner": null, "id": 5291127, "category": "file", "priority": 2, "guest": {"status": "stopped", "name": "win7x644", "label": "win7x644", "manager": "VirtualBox", "started_on": "2024-10-14 17:28:30", "shutdown_on": "2024-10-14 17:38:02"}, "clock": {"$dt": "2024-10-14T14:03:46.371136"}, "custom": null, "machine": null, "platform": "windows", "memory": true, "status": "running", "tags": [], "processing": null, "enforce_timeout": false, "completed_on": null, "target": "/srv/cuckoo/cwd/storage/cuckoo-tmp/tmpPJEs3S/5f23a3442fa4515ebba8e24f2254b52b3e4b000f12843a4f612da65de38db1de", "package": "exe", "route": "internet", "timeout": 300, "submit_id": 5121430, "options": {"procmemdump": "yes", "route": "internet"}, "added_on": {"$dt": "2024-10-14T14:03:46.371171"}}