{"started_on": {"$dt": "2024-10-14T17:24:45.918090"}, "duration": -1, "sample_id": 5139950, "owner": null, "id": 5291125, "category": "file", "priority": 2, "guest": {"status": "stopped", "name": "win7x6412", "label": "win7x6412", "manager": "VirtualBox", "started_on": "2024-10-14 17:25:02", "shutdown_on": "2024-10-14 17:34:26"}, "clock": {"$dt": "2024-10-14T14:03:46.116847"}, "custom": null, "machine": null, "platform": "windows", "memory": true, "status": "running", "tags": [], "processing": null, "enforce_timeout": false, "completed_on": null, "target": "/srv/cuckoo/cwd/storage/cuckoo-tmp/tmpIEzoJj/3af81b40019faf5f32fd4860ab11ece3687a59a54df2b2b99e87af72df56434a", "package": "exe", "route": "internet", "timeout": 300, "submit_id": 5121430, "options": {"procmemdump": "yes", "route": "internet"}, "added_on": {"$dt": "2024-10-14T14:03:46.116906"}}