{"started_on": {"$dt": "2024-10-14T17:20:47.740968"}, "duration": -1, "sample_id": 5139927, "owner": null, "id": 5291102, "category": "file", "priority": 2, "guest": {"status": "stopped", "name": "win7x6411", "label": "win7x6411", "manager": "VirtualBox", "started_on": "2024-10-14 17:21:01", "shutdown_on": "2024-10-14 17:25:46"}, "clock": {"$dt": "2024-10-14T14:02:12.795147"}, "custom": null, "machine": null, "platform": "windows", "memory": true, "status": "running", "tags": [], "processing": null, "enforce_timeout": false, "completed_on": null, "target": "/srv/cuckoo/cwd/storage/cuckoo-tmp/tmpfE5B_P/12e1139ef422c2c0884fb5b1786a8489c1769a96880a30406e4a28b76ea4a73a", "package": "exe", "route": "internet", "timeout": 300, "submit_id": 5121426, "options": {"procmemdump": "yes", "route": "internet"}, "added_on": {"$dt": "2024-10-14T14:02:12.795194"}}