{"started_on": {"$dt": "2024-10-14T17:20:27.303231"}, "duration": -1, "sample_id": 5139924, "owner": null, "id": 5291099, "category": "file", "priority": 2, "guest": {"status": "stopped", "name": "win7x6415", "label": "win7x6415", "manager": "VirtualBox", "started_on": "2024-10-14 17:20:31", "shutdown_on": "2024-10-14 17:25:33"}, "clock": {"$dt": "2024-10-14T14:02:12.709362"}, "custom": null, "machine": null, "platform": "windows", "memory": true, "status": "running", "tags": [], "processing": null, "enforce_timeout": false, "completed_on": null, "target": "/srv/cuckoo/cwd/storage/cuckoo-tmp/tmpTE0vQ4/8d86c0985530271618a342579afd1a9ecb27dfb080866e3b888bd3e45e1eb8f5", "package": "exe", "route": "internet", "timeout": 300, "submit_id": 5121426, "options": {"procmemdump": "yes", "route": "internet"}, "added_on": {"$dt": "2024-10-14T14:02:12.709424"}}