{"started_on": {"$dt": "2024-10-14T17:29:08.054324"}, "duration": -1, "sample_id": 5139974, "owner": null, "id": 5291149, "category": "file", "priority": 2, "guest": {"status": "stopped", "name": "win7x6423", "label": "win7x6423", "manager": "VirtualBox", "started_on": "2024-10-14 17:29:41", "shutdown_on": "2024-10-14 17:34:26"}, "clock": {"$dt": "2024-10-14T14:05:30.404973"}, "custom": null, "machine": null, "platform": "windows", "memory": true, "status": "running", "tags": [], "processing": null, "enforce_timeout": false, "completed_on": null, "target": "/srv/cuckoo/cwd/storage/cuckoo-tmp/tmptOsdxb/7d6180e6ff23c88a81e49e2b88ba65f6f56cfc887d05aca875053394c86bd96b", "package": "exe", "route": "internet", "timeout": 300, "submit_id": 5121432, "options": {"procmemdump": "yes", "route": "internet"}, "added_on": {"$dt": "2024-10-14T14:05:30.405015"}}