{"started_on": {"$dt": "2024-10-14T17:25:06.509953"}, "duration": -1, "sample_id": 5139951, "owner": null, "id": 5291126, "category": "file", "priority": 2, "guest": {"status": "stopped", "name": "win7x641", "label": "win7x641", "manager": "VirtualBox", "started_on": "2024-10-14 17:25:43", "shutdown_on": "2024-10-14 17:29:22"}, "clock": {"$dt": "2024-10-14T14:03:46.302927"}, "custom": null, "machine": null, "platform": "windows", "memory": true, "status": "running", "tags": [], "processing": null, "enforce_timeout": false, "completed_on": null, "target": "/srv/cuckoo/cwd/storage/cuckoo-tmp/tmpeU7zXN/5f9d069841b5cacbbc2ec63d6e0055a60e41ea30cc469f9c57ade582dc865635", "package": "exe", "route": "internet", "timeout": 300, "submit_id": 5121430, "options": {"procmemdump": "yes", "route": "internet"}, "added_on": {"$dt": "2024-10-14T14:03:46.302970"}}