{"started_on": {"$dt": "2024-10-14T17:15:04.206094"}, "duration": -1, "sample_id": 5139894, "owner": null, "id": 5291069, "category": "file", "priority": 2, "guest": {"status": "stopped", "name": "win7x645", "label": "win7x645", "manager": "VirtualBox", "started_on": "2024-10-14 17:15:24", "shutdown_on": "2024-10-14 17:18:31"}, "clock": {"$dt": "2024-10-14T14:00:41.303531"}, "custom": null, "machine": null, "platform": "windows", "memory": true, "status": "running", "tags": [], "processing": null, "enforce_timeout": false, "completed_on": null, "target": "/srv/cuckoo/cwd/storage/cuckoo-tmp/tmp7_yxsW/4f55446d65578f9c0ac2694ab2f07af60694a8d96e0acb484aac192d58e819b6", "package": "exe", "route": "internet", "timeout": 300, "submit_id": 5121424, "options": {"procmemdump": "yes", "route": "internet"}, "added_on": {"$dt": "2024-10-14T14:00:41.303583"}}