{"started_on": {"$dt": "2024-10-14T17:28:09.954007"}, "duration": -1, "sample_id": 5139966, "owner": null, "id": 5291141, "category": "file", "priority": 2, "guest": {"status": "stopped", "name": "win7x6420", "label": "win7x6420", "manager": "VirtualBox", "started_on": "2024-10-14 17:28:54", "shutdown_on": "2024-10-14 17:33:15"}, "clock": {"$dt": "2024-10-14T14:04:34.981004"}, "custom": null, "machine": null, "platform": "windows", "memory": true, "status": "running", "tags": [], "processing": null, "enforce_timeout": false, "completed_on": null, "target": "/srv/cuckoo/cwd/storage/cuckoo-tmp/tmpMJZbuG/fd689fcdcef0f1198b9c778b4d93adfbf6e80118733c94e61a450aeb701750b4", "package": "exe", "route": "internet", "timeout": 300, "submit_id": 5121431, "options": {"procmemdump": "yes", "route": "internet"}, "added_on": {"$dt": "2024-10-14T14:04:34.981071"}}