{"started_on": {"$dt": "2024-10-14T17:08:49.525128"}, "duration": -1, "sample_id": 5139860, "owner": null, "id": 5291035, "category": "file", "priority": 2, "guest": {"status": "stopped", "name": "win7x6418", "label": "win7x6418", "manager": "VirtualBox", "started_on": "2024-10-14 17:09:01", "shutdown_on": "2024-10-14 17:18:11"}, "clock": {"$dt": "2024-10-14T13:58:16.327105"}, "custom": null, "machine": null, "platform": "windows", "memory": true, "status": "running", "tags": [], "processing": null, "enforce_timeout": false, "completed_on": null, "target": "/srv/cuckoo/cwd/storage/cuckoo-tmp/tmp1NuzS9/1d1a290668c7331317309eb7336e9df94e0b034a175bb8d477cb46b7dfaf26f6", "package": "exe", "route": "internet", "timeout": 300, "submit_id": 5121420, "options": {"procmemdump": "yes", "route": "internet"}, "added_on": {"$dt": "2024-10-14T13:58:16.327151"}}