{"path": "shots/0001.jpg", "pids": [], "filepath": null}
{"path": "files/ab6da77270cb63c4_net.bat", "pids": [1448], "filepath": "C:\\Users\\Administrator\\AppData\\Local\\Temp\\net.bat"}
{"path": "curtain/1728907248.0.curtain.log", "pids": [], "filepath": "C:\\curtain.log"}
{"path": "sysmon/1728907248.11.sysmon.xml", "pids": [], "filepath": "C:\\sysmon.xml"}
{"path": "files/fdf9d6afa71a93b5_fastuserswitchingcompatibilityex.dll", "pids": [1448], "filepath": "C:\\Windows\\SysWOW64\\FastUserSwitchingCompatibilityex.dll"}
{"path": "files/fef7b556e2c86894_config_t.dat", "pids": [1448], "filepath": "C:\\Windows\\system\\config_t.dat"}
