{"started_on": {"$dt": "2024-10-14T17:16:16.794551"}, "duration": -1, "sample_id": 5139900, "owner": null, "id": 5291075, "category": "file", "priority": 2, "guest": {"status": "stopped", "name": "win7x6429", "label": "win7x6429", "manager": "VirtualBox", "started_on": "2024-10-14 17:17:55", "shutdown_on": "2024-10-14 17:21:10"}, "clock": {"$dt": "2024-10-14T14:00:41.547333"}, "custom": null, "machine": null, "platform": "windows", "memory": true, "status": "running", "tags": [], "processing": null, "enforce_timeout": false, "completed_on": null, "target": "/srv/cuckoo/cwd/storage/cuckoo-tmp/tmpdi079J/9f012d7e3ae8f62370278e372691eb73b878fe2280b6083e1be637b278021855", "package": "exe", "route": "internet", "timeout": 300, "submit_id": 5121424, "options": {"procmemdump": "yes", "route": "internet"}, "added_on": {"$dt": "2024-10-14T14:00:41.547370"}}