{"started_on": {"$dt": "2024-10-14T17:29:32.907719"}, "duration": -1, "sample_id": 5139975, "owner": null, "id": 5291150, "category": "file", "priority": 2, "guest": {"status": "stopped", "name": "win7x6416", "label": "win7x6416", "manager": "VirtualBox", "started_on": "2024-10-14 17:29:48", "shutdown_on": "2024-10-14 17:35:08"}, "clock": {"$dt": "2024-10-14T14:05:30.443875"}, "custom": null, "machine": null, "platform": "windows", "memory": true, "status": "running", "tags": [], "processing": null, "enforce_timeout": false, "completed_on": null, "target": "/srv/cuckoo/cwd/storage/cuckoo-tmp/tmpv2RRrA/083c64c404ac1ea6df1a4cb6eafa91ef90b7abacc54547cf008cd74e77195746", "package": "exe", "route": "internet", "timeout": 300, "submit_id": 5121432, "options": {"procmemdump": "yes", "route": "internet"}, "added_on": {"$dt": "2024-10-14T14:05:30.443929"}}