{"started_on": {"$dt": "2024-10-14T17:28:55.029562"}, "duration": -1, "sample_id": 5139972, "owner": null, "id": 5291147, "category": "file", "priority": 2, "guest": {"status": "stopped", "name": "win7x649", "label": "win7x649", "manager": "VirtualBox", "started_on": "2024-10-14 17:29:41", "shutdown_on": "2024-10-14 17:34:43"}, "clock": {"$dt": "2024-10-14T14:05:30.320988"}, "custom": null, "machine": null, "platform": "windows", "memory": true, "status": "running", "tags": [], "processing": null, "enforce_timeout": false, "completed_on": null, "target": "/srv/cuckoo/cwd/storage/cuckoo-tmp/tmpENP3yg/7be97197eaf74da364a18f4bdd393a80b26e91c3db19a6cb2f7605e42ac43423", "package": "exe", "route": "internet", "timeout": 300, "submit_id": 5121432, "options": {"procmemdump": "yes", "route": "internet"}, "added_on": {"$dt": "2024-10-14T14:05:30.321046"}}