{"started_on": {"$dt": "2024-10-14T17:29:58.320783"}, "duration": -1, "sample_id": 5139977, "owner": null, "id": 5291152, "category": "file", "priority": 2, "guest": {"status": "stopped", "name": "win7x6414", "label": "win7x6414", "manager": "VirtualBox", "started_on": "2024-10-14 17:29:59", "shutdown_on": "2024-10-14 17:35:30"}, "clock": {"$dt": "2024-10-14T14:05:30.524224"}, "custom": null, "machine": null, "platform": "windows", "memory": true, "status": "running", "tags": [], "processing": null, "enforce_timeout": false, "completed_on": null, "target": "/srv/cuckoo/cwd/storage/cuckoo-tmp/tmpUGQufw/87e33117fc28056670f2307f444792852076fc54fa190d10a9bec13ca2f14071", "package": "exe", "route": "internet", "timeout": 300, "submit_id": 5121432, "options": {"procmemdump": "yes", "route": "internet"}, "added_on": {"$dt": "2024-10-14T14:05:30.524261"}}