{"started_on": {"$dt": "2024-10-14T17:28:38.001319"}, "duration": -1, "sample_id": 5139970, "owner": null, "id": 5291145, "category": "file", "priority": 2, "guest": {"status": "stopped", "name": "win7x648", "label": "win7x648", "manager": "VirtualBox", "started_on": "2024-10-14 17:29:29", "shutdown_on": "2024-10-14 17:34:23"}, "clock": {"$dt": "2024-10-14T14:05:30.070324"}, "custom": null, "machine": null, "platform": "windows", "memory": true, "status": "running", "tags": [], "processing": null, "enforce_timeout": false, "completed_on": null, "target": "/srv/cuckoo/cwd/storage/cuckoo-tmp/tmpZJVY_4/3fcdb4c38845214f1bb23a5f14ec6afc25a1008f196a4c718bc45147de7c5149", "package": "exe", "route": "internet", "timeout": 300, "submit_id": 5121432, "options": {"procmemdump": "yes", "route": "internet"}, "added_on": {"$dt": "2024-10-14T14:05:30.070376"}}