{"started_on": {"$dt": "2024-10-14T17:19:16.352129"}, "duration": -1, "sample_id": 5139911, "owner": null, "id": 5291086, "category": "file", "priority": 2, "guest": {"status": "stopped", "name": "win7x6418", "label": "win7x6418", "manager": "VirtualBox", "started_on": "2024-10-14 17:19:28", "shutdown_on": "2024-10-14 17:24:37"}, "clock": {"$dt": "2024-10-14T14:01:26.117301"}, "custom": null, "machine": null, "platform": "windows", "memory": true, "status": "running", "tags": [], "processing": null, "enforce_timeout": false, "completed_on": null, "target": "/srv/cuckoo/cwd/storage/cuckoo-tmp/tmp3HhMZx/7dd063acdfb00509b3b06718b39ae53e2ff2fc080094145ce138abb1f2253de4", "package": "exe", "route": "internet", "timeout": 300, "submit_id": 5121425, "options": {"procmemdump": "yes", "route": "internet"}, "added_on": {"$dt": "2024-10-14T14:01:26.117357"}}