{"started_on": {"$dt": "2024-10-14T17:24:18.395028"}, "duration": -1, "sample_id": 5139949, "owner": null, "id": 5291124, "category": "file", "priority": 2, "guest": {"status": "stopped", "name": "win7x6418", "label": "win7x6418", "manager": "VirtualBox", "started_on": "2024-10-14 17:24:39", "shutdown_on": "2024-10-14 17:28:24"}, "clock": {"$dt": "2024-10-14T14:03:46.082934"}, "custom": null, "machine": null, "platform": "windows", "memory": true, "status": "running", "tags": [], "processing": null, "enforce_timeout": false, "completed_on": null, "target": "/srv/cuckoo/cwd/storage/cuckoo-tmp/tmpZ4Xwla/2e835c7496fb4fc1c53665ef89fffdcbcc8dc49bea0baecc5b8496006ea601bb", "package": "exe", "route": "internet", "timeout": 300, "submit_id": 5121430, "options": {"procmemdump": "yes", "route": "internet"}, "added_on": {"$dt": "2024-10-14T14:03:46.082986"}}