{"started_on": {"$dt": "2024-10-14T17:19:39.744938"}, "duration": -1, "sample_id": 5139913, "owner": null, "id": 5291088, "category": "file", "priority": 2, "guest": {"status": "stopped", "name": "win7x649", "label": "win7x649", "manager": "VirtualBox", "started_on": "2024-10-14 17:19:52", "shutdown_on": "2024-10-14 17:24:58"}, "clock": {"$dt": "2024-10-14T14:01:26.215249"}, "custom": null, "machine": null, "platform": "windows", "memory": true, "status": "running", "tags": [], "processing": null, "enforce_timeout": false, "completed_on": null, "target": "/srv/cuckoo/cwd/storage/cuckoo-tmp/tmpH7MX9Z/99d3f03fc6f048c74e58da6fb7ea1e831ba31d58194ad2463a7a6cd55da5f96b", "package": "exe", "route": "internet", "timeout": 300, "submit_id": 5121425, "options": {"procmemdump": "yes", "route": "internet"}, "added_on": {"$dt": "2024-10-14T14:01:26.215330"}}