{"path": "shots/0001.jpg", "pids": [], "filepath": null}
{"path": "files/ab6da77270cb63c4_net.bat", "pids": [2152], "filepath": "C:\\Users\\Administrator\\AppData\\Local\\Temp\\net.bat"}
{"path": "curtain/1728907247.48.curtain.log", "pids": [], "filepath": "C:\\curtain.log"}
{"path": "sysmon/1728907247.61.sysmon.xml", "pids": [], "filepath": "C:\\sysmon.xml"}
{"path": "files/aae1383a80343d05_fastuserswitchingcompatibilityex.dll", "pids": [2152], "filepath": "C:\\Windows\\SysWOW64\\FastUserSwitchingCompatibilityex.dll"}
{"path": "files/39e7c319823f392a_config_t.dat", "pids": [2152], "filepath": "C:\\Windows\\system\\config_t.dat"}
