{"started_on": {"$dt": "2024-10-14T17:14:50.450462"}, "duration": -1, "sample_id": 5139892, "owner": null, "id": 5291067, "category": "file", "priority": 2, "guest": {"status": "stopped", "name": "win7x6424", "label": "win7x6424", "manager": "VirtualBox", "started_on": "2024-10-14 17:14:57", "shutdown_on": "2024-10-14 17:18:30"}, "clock": {"$dt": "2024-10-14T14:00:41.212379"}, "custom": null, "machine": null, "platform": "windows", "memory": true, "status": "running", "tags": [], "processing": null, "enforce_timeout": false, "completed_on": null, "target": "/srv/cuckoo/cwd/storage/cuckoo-tmp/tmpxdF0DC/4dbd07ff7d73fa4a5fe54307ac26b4d1d9f1dbf4b8fb02c98f5ebce935db199c", "package": "exe", "route": "internet", "timeout": 300, "submit_id": 5121424, "options": {"procmemdump": "yes", "route": "internet"}, "added_on": {"$dt": "2024-10-14T14:00:41.212420"}}