{"started_on": {"$dt": "2024-10-14T17:18:24.046197"}, "duration": -1, "sample_id": 5139906, "owner": null, "id": 5291081, "category": "file", "priority": 2, "guest": {"status": "stopped", "name": "win7x6426", "label": "win7x6426", "manager": "VirtualBox", "started_on": "2024-10-14 17:18:26", "shutdown_on": "2024-10-14 17:27:27"}, "clock": {"$dt": "2024-10-14T14:01:25.754912"}, "custom": null, "machine": null, "platform": "windows", "memory": true, "status": "running", "tags": [], "processing": null, "enforce_timeout": false, "completed_on": null, "target": "/srv/cuckoo/cwd/storage/cuckoo-tmp/tmpPcyCO1/3f14fc9c29763da76dcbc8a2aaa61658781d1b215ee322a0ebfa554d8658d22b", "package": "exe", "route": "internet", "timeout": 300, "submit_id": 5121425, "options": {"procmemdump": "yes", "route": "internet"}, "added_on": {"$dt": "2024-10-14T14:01:25.754987"}}