{"path": "shots/0001.jpg", "pids": [], "filepath": null}
{"path": "shots/0002.jpg", "pids": [], "filepath": null}
{"path": "shots/0003.jpg", "pids": [], "filepath": null}
{"path": "curtain/1728915868.99.curtain.log", "pids": [], "filepath": "C:\\curtain.log"}
{"path": "sysmon/1728915870.4.sysmon.xml", "pids": [], "filepath": "C:\\sysmon.xml"}
{"path": "files/e917d277ce6d27e9_netmgr.exe", "pids": [2168], "filepath": "C:\\Users\\Administrator\\AppData\\Local\\Temp\\netmgr.exe"}
{"path": "files/5c7d07858c7d0115_netmgr.dll", "pids": [2168], "filepath": "C:\\Users\\Administrator\\AppData\\Local\\Temp\\netmgr.dll"}
{"path": "files/ceb3ff7139c7ab61_perf2012.ini", "pids": [2168, 2376], "filepath": "C:\\Users\\Administrator\\AppData\\Local\\Temp\\perf2012.ini"}
{"path": "files/247fc0150c5d88b6_netmgr.lnk", "pids": [2168], "filepath": "C:\\Users\\Administrator\\AppData\\Roaming\\Microsoft\\Windows\\Start Menu\\Programs\\Startup\\netmgr.lnk"}
