{"started_on": {"$dt": "2024-10-14T17:15:49.276240"}, "duration": -1, "sample_id": 5139898, "owner": null, "id": 5291073, "category": "file", "priority": 2, "guest": {"status": "stopped", "name": "win7x6422", "label": "win7x6422", "manager": "VirtualBox", "started_on": "2024-10-14 17:18:10", "shutdown_on": "2024-10-14 17:26:06"}, "clock": {"$dt": "2024-10-14T14:00:41.480208"}, "custom": null, "machine": null, "platform": "windows", "memory": true, "status": "running", "tags": [], "processing": null, "enforce_timeout": false, "completed_on": null, "target": "/srv/cuckoo/cwd/storage/cuckoo-tmp/tmpewdMEN/7bc1ca150bd934d6a8dde2f8fe6c88eed6b6d56cf0c2b941aafc40735f0a0eb6", "package": "exe", "route": "internet", "timeout": 300, "submit_id": 5121424, "options": {"procmemdump": "yes", "route": "internet"}, "added_on": {"$dt": "2024-10-14T14:00:41.480240"}}