{"started_on": {"$dt": "2024-10-14T17:26:04.838393"}, "duration": -1, "sample_id": 5139960, "owner": null, "id": 5291135, "category": "file", "priority": 2, "guest": {"status": "stopped", "name": "win7x6422", "label": "win7x6422", "manager": "VirtualBox", "started_on": "2024-10-14 17:26:09", "shutdown_on": "2024-10-14 17:29:39"}, "clock": {"$dt": "2024-10-14T14:04:34.601147"}, "custom": null, "machine": null, "platform": "windows", "memory": true, "status": "running", "tags": [], "processing": null, "enforce_timeout": false, "completed_on": null, "target": "/srv/cuckoo/cwd/storage/cuckoo-tmp/tmpNhGLgX/61969cd978cd2de3a13a10510d0dea5d0d3b212209804563ed3d42033a9d0f54", "package": "exe", "route": "internet", "timeout": 300, "submit_id": 5121431, "options": {"procmemdump": "yes", "route": "internet"}, "added_on": {"$dt": "2024-10-14T14:04:34.601197"}}