{"started_on": {"$dt": "2024-10-14T17:21:33.897177"}, "duration": -1, "sample_id": 5139938, "owner": null, "id": 5291113, "category": "file", "priority": 2, "guest": {"status": "stopped", "name": "win7x6421", "label": "win7x6421", "manager": "VirtualBox", "started_on": "2024-10-14 17:24:59", "shutdown_on": "2024-10-14 17:34:24"}, "clock": {"$dt": "2024-10-14T14:03:02.325019"}, "custom": null, "machine": null, "platform": "windows", "memory": true, "status": "running", "tags": [], "processing": null, "enforce_timeout": false, "completed_on": null, "target": "/srv/cuckoo/cwd/storage/cuckoo-tmp/tmp5b875C/095cee8f9f9f533b315843039a901d3613a31e6a0ae3322f52ca8711f8e3507b", "package": "exe", "route": "internet", "timeout": 300, "submit_id": 5121428, "options": {"procmemdump": "yes", "route": "internet"}, "added_on": {"$dt": "2024-10-14T14:03:02.325085"}}