{"started_on": {"$dt": "2024-10-14T17:27:39.340621"}, "duration": -1, "sample_id": 5139964, "owner": null, "id": 5291139, "category": "file", "priority": 2, "guest": {"status": "stopped", "name": "win7x642", "label": "win7x642", "manager": "VirtualBox", "started_on": "2024-10-14 17:28:31", "shutdown_on": "2024-10-14 17:32:40"}, "clock": {"$dt": "2024-10-14T14:04:34.845059"}, "custom": null, "machine": null, "platform": "windows", "memory": true, "status": "running", "tags": [], "processing": null, "enforce_timeout": false, "completed_on": null, "target": "/srv/cuckoo/cwd/storage/cuckoo-tmp/tmp2fAWO5/066346170856972f6769705bc6ff4ad21e88d2658b4cacea6f94564f1856ed18", "package": "exe", "route": "internet", "timeout": 300, "submit_id": 5121431, "options": {"procmemdump": "yes", "route": "internet"}, "added_on": {"$dt": "2024-10-14T14:04:34.845112"}}