{"started_on": {"$dt": "2024-10-14T17:09:14.275179"}, "duration": -1, "sample_id": 5139862, "owner": null, "id": 5291037, "category": "file", "priority": 2, "guest": {"status": "stopped", "name": "win7x6421", "label": "win7x6421", "manager": "VirtualBox", "started_on": "2024-10-14 17:09:31", "shutdown_on": "2024-10-14 17:18:15"}, "clock": {"$dt": "2024-10-14T13:58:16.392151"}, "custom": null, "machine": null, "platform": "windows", "memory": true, "status": "running", "tags": [], "processing": null, "enforce_timeout": false, "completed_on": null, "target": "/srv/cuckoo/cwd/storage/cuckoo-tmp/tmpqCKx8A/6ad0190caa69dc0d662088f86aab7ee3355e788b1196552dd7487f6052150d8e", "package": "exe", "route": "internet", "timeout": 300, "submit_id": 5121420, "options": {"procmemdump": "yes", "route": "internet"}, "added_on": {"$dt": "2024-10-14T13:58:16.392190"}}