{"started_on": {"$dt": "2024-10-14T17:20:40.995260"}, "duration": -1, "sample_id": 5139926, "owner": null, "id": 5291101, "category": "file", "priority": 2, "guest": {"status": "stopped", "name": "win7x641", "label": "win7x641", "manager": "VirtualBox", "started_on": "2024-10-14 17:20:42", "shutdown_on": "2024-10-14 17:25:34"}, "clock": {"$dt": "2024-10-14T14:02:12.761084"}, "custom": null, "machine": null, "platform": "windows", "memory": true, "status": "running", "tags": [], "processing": null, "enforce_timeout": false, "completed_on": null, "target": "/srv/cuckoo/cwd/storage/cuckoo-tmp/tmpgIjh_1/9c13a32033bc7dd06016651b0f21a2bed9be1dc40c6879f925c71e05f4f1c8f7", "package": "exe", "route": "internet", "timeout": 300, "submit_id": 5121426, "options": {"procmemdump": "yes", "route": "internet"}, "added_on": {"$dt": "2024-10-14T14:02:12.761133"}}