{"path": "shots/0001.jpg", "pids": [], "filepath": null}
{"path": "curtain/1728915455.37.curtain.log", "pids": [], "filepath": "C:\\curtain.log"}
{"path": "sysmon/1728915457.41.sysmon.xml", "pids": [], "filepath": "C:\\sysmon.xml"}
{"path": "files/7f94ccd16f536e99_2d85f72862b55c4eadd9e66e06947f3d", "pids": [2848], "filepath": "C:\\Users\\Administrator\\AppData\\LocalLow\\Microsoft\\CryptnetUrlCache\\MetaData\\2D85F72862B55C4EADD9E66E06947F3D"}
{"path": "files/4dfdbf4c15788f72_94308059b57b3142e455b38a6eb92015", "pids": [2848], "filepath": "C:\\Users\\Administrator\\AppData\\LocalLow\\Microsoft\\CryptnetUrlCache\\MetaData\\94308059B57B3142E455B38A6EB92015"}
{"path": "files/b33efcb95235b98b_94308059b57b3142e455b38a6eb92015", "pids": [2848], "filepath": "C:\\Users\\Administrator\\AppData\\LocalLow\\Microsoft\\CryptnetUrlCache\\Content\\94308059B57B3142E455B38A6EB92015"}
{"path": "files/96bcec06264976f3_2d85f72862b55c4eadd9e66e06947f3d", "pids": [2848], "filepath": "C:\\Users\\Administrator\\AppData\\LocalLow\\Microsoft\\CryptnetUrlCache\\Content\\2D85F72862B55C4EADD9E66E06947F3D"}
