{"started_on": {"$dt": "2024-10-14T17:09:27.819972"}, "duration": -1, "sample_id": 5139864, "owner": null, "id": 5291039, "category": "file", "priority": 2, "guest": {"status": "stopped", "name": "win7x644", "label": "win7x644", "manager": "VirtualBox", "started_on": "2024-10-14 17:09:31", "shutdown_on": "2024-10-14 17:18:15"}, "clock": {"$dt": "2024-10-14T13:58:16.445064"}, "custom": null, "machine": null, "platform": "windows", "memory": true, "status": "running", "tags": [], "processing": null, "enforce_timeout": false, "completed_on": null, "target": "/srv/cuckoo/cwd/storage/cuckoo-tmp/tmp9HaSqQ/6bb764f3a5ca57f9bcc72aa0c34dab64e870e22c6400f6b3f62d5986104dc68f", "package": "exe", "route": "internet", "timeout": 300, "submit_id": 5121420, "options": {"procmemdump": "yes", "route": "internet"}, "added_on": {"$dt": "2024-10-14T13:58:16.445105"}}