{"started_on": {"$dt": "2024-10-14T17:21:56.477332"}, "duration": -1, "sample_id": 5139941, "owner": null, "id": 5291116, "category": "file", "priority": 2, "guest": {"status": "stopped", "name": "win7x644", "label": "win7x644", "manager": "VirtualBox", "started_on": "2024-10-14 17:22:58", "shutdown_on": "2024-10-14 17:28:25"}, "clock": {"$dt": "2024-10-14T14:03:02.747297"}, "custom": null, "machine": null, "platform": "windows", "memory": true, "status": "running", "tags": [], "processing": null, "enforce_timeout": false, "completed_on": null, "target": "/srv/cuckoo/cwd/storage/cuckoo-tmp/tmpvSgTJa/a3d488b01d0fb4cf211b8a47e7e0203dbc9c5b8d11221d2d4fefac3c53e6b049", "package": "exe", "route": "internet", "timeout": 300, "submit_id": 5121428, "options": {"procmemdump": "yes", "route": "internet"}, "added_on": {"$dt": "2024-10-14T14:03:02.747367"}}