{"started_on": {"$dt": "2024-10-14T17:10:09.779054"}, "duration": -1, "sample_id": 5139872, "owner": null, "id": 5291047, "category": "file", "priority": 2, "guest": {"status": "stopped", "name": "win7x6428", "label": "win7x6428", "manager": "VirtualBox", "started_on": "2024-10-14 17:10:24", "shutdown_on": "2024-10-14 17:21:31"}, "clock": {"$dt": "2024-10-14T13:59:15.922201"}, "custom": null, "machine": null, "platform": "windows", "memory": true, "status": "running", "tags": [], "processing": null, "enforce_timeout": false, "completed_on": null, "target": "/srv/cuckoo/cwd/storage/cuckoo-tmp/tmpKmdBPZ/3de4f547b6ef69c9d60c1670d9dc93807eafeb15ffcf510fb1142b552b7214e9", "package": "exe", "route": "internet", "timeout": 300, "submit_id": 5121421, "options": {"procmemdump": "yes", "route": "internet"}, "added_on": {"$dt": "2024-10-14T13:59:15.922254"}}