{"started_on": {"$dt": "2024-10-14T17:27:49.756985"}, "duration": -1, "sample_id": 5139965, "owner": null, "id": 5291140, "category": "file", "priority": 2, "guest": {"status": "stopped", "name": "win7x6418", "label": "win7x6418", "manager": "VirtualBox", "started_on": "2024-10-14 17:28:27", "shutdown_on": "2024-10-14 17:33:02"}, "clock": {"$dt": "2024-10-14T14:04:34.912585"}, "custom": null, "machine": null, "platform": "windows", "memory": true, "status": "running", "tags": [], "processing": null, "enforce_timeout": false, "completed_on": null, "target": "/srv/cuckoo/cwd/storage/cuckoo-tmp/tmp03912i/e38aa99eff1f9fedd99cf541c3255e99f3276839a883cadb6e916649522729e3", "package": "exe", "route": "internet", "timeout": 300, "submit_id": 5121431, "options": {"procmemdump": "yes", "route": "internet"}, "added_on": {"$dt": "2024-10-14T14:04:34.912633"}}