{
    "info": {
        "added": 1728914532.73541, 
        "started": 1728926434.578665, 
        "duration": 300, 
        "ended": 1728926735.085815, 
        "owner": null, 
        "score": 10, 
        "id": 5291100, 
        "category": "file", 
        "git": {
            "head": "", 
            "fetch_head": ""
        }, 
        "monitor": null, 
        "package": "exe", 
        "route": "internet", 
        "custom": null, 
        "machine": {
            "status": "stopped", 
            "name": "win7x643", 
            "label": "win7x643", 
            "platform": "windows", 
            "manager": "VirtualBox", 
            "started_on": "2024-10-14 17:20:38", 
            "shutdown_on": "2024-10-14 17:25:33"
        }, 
        "platform": "windows", 
        "version": "2.0.7", 
        "options": "procmemdump=yes,route=internet"
    }, 
    "signatures": [
        {
            "families": [], 
            "description": "Yara rule detected for file", 
            "severity": 1, 
            "ttp": {}, 
            "markcount": 1, 
            "references": [], 
            "marks": [
                {
                    "type": "generic", 
                    "description": "Downloader used to download MiniDuke RAT", 
                    "rule": "CrowdStrike_CSIT_13040_01"
                }
            ], 
            "name": "file_yara"
        }, 
        {
            "families": [], 
            "description": "The binary likely contains encrypted or compressed data indicative of a packer", 
            "severity": 2, 
            "ttp": {
                "T1045": {
                    "short": "Software Packing", 
                    "long": "Software packing is a method of compressing or encrypting an executable. Packing an executable changes the file signature in an attempt to avoid signature-based detection. Most decompression techniques decompress the executable code in memory."
                }
            }, 
            "markcount": 2, 
            "references": [
                "http://www.forensickb.com/2013/03/file-entropy-explained.html", 
                "http://virii.es/U/Using%20Entropy%20Analysis%20to%20Find%20Encrypted%20and%20Packed%20Malware.pdf"
            ], 
            "marks": [
                {
                    "entropy": 7.533884994728387, 
                    "section": {
                        "size_of_data": "0x00004600", 
                        "virtual_address": "0x00004000", 
                        "entropy": 7.533884994728387, 
                        "name": ".rdata", 
                        "virtual_size": "0x000045ef"
                    }, 
                    "type": "generic", 
                    "description": "A section with a high entropy has been found"
                }, 
                {
                    "entropy": 0.8333333333333334, 
                    "type": "generic", 
                    "description": "Overall entropy of this PE file is high"
                }
            ], 
            "name": "packer_entropy"
        }, 
        {
            "families": [], 
            "description": "File has been identified by 12 AntiVirus engine on IRMA as malicious", 
            "severity": 60, 
            "ttp": {}, 
            "markcount": 12, 
            "references": [], 
            "marks": [
                {
                    "category": "G Data Antivirus (Windows)", 
                    "ioc": "Virus: Gen:Variant.MiniDuke.1 (Engine A)", 
                    "type": "ioc", 
                    "description": null
                }, 
                {
                    "category": "Avast Core Security (Linux)", 
                    "ioc": "Win32:WormX-gen [Wrm]", 
                    "type": "ioc", 
                    "description": null
                }, 
                {
                    "category": "F-Secure Antivirus (Linux)", 
                    "ioc": "Backdoor:W32/MiniDuke.A [FSE]", 
                    "type": "ioc", 
                    "description": null
                }, 
                {
                    "category": "Windows Defender (Windows)", 
                    "ioc": "Trojan:Win32/Urelas", 
                    "type": "ioc", 
                    "description": null
                }, 
                {
                    "category": "Microsoft Defender ATP (Linux)", 
                    "ioc": "Trojan:Win32/Cozer.gen.A!dha", 
                    "type": "ioc", 
                    "description": null
                }, 
                {
                    "category": "Sophos Anti-Virus (Linux)", 
                    "ioc": "Mal/Generic-S", 
                    "type": "ioc", 
                    "description": null
                }, 
                {
                    "category": "eScan Antivirus (Linux)", 
                    "ioc": "Gen:Variant.MiniDuke.1(DB)", 
                    "type": "ioc", 
                    "description": null
                }, 
                {
                    "category": "ESET Security (Windows)", 
                    "ioc": "a variant of Win32/SandyEva.C trojan", 
                    "type": "ioc", 
                    "description": null
                }, 
                {
                    "category": "McAfee CLI scanner (Linux)", 
                    "ioc": "BackDoor-FAMU", 
                    "type": "ioc", 
                    "description": null
                }, 
                {
                    "category": "DrWeb Antivirus (Linux)", 
                    "ioc": "BackDoor.Miniduke", 
                    "type": "ioc", 
                    "description": null
                }, 
                {
                    "category": "Bitdefender Antivirus (Linux)", 
                    "ioc": "Gen:Variant.MiniDuke.1", 
                    "type": "ioc", 
                    "description": null
                }, 
                {
                    "category": "Kaspersky Standard (Windows)", 
                    "ioc": "HEUR:Trojan-PSW.Win32.MiniDuke.gen", 
                    "type": "ioc", 
                    "description": null
                }
            ], 
            "name": "antivirus_irma"
        }, 
        {
            "families": [], 
            "description": "File has been identified by 58 AntiVirus engines on VirusTotal as malicious", 
            "severity": 60, 
            "ttp": {}, 
            "markcount": 58, 
            "references": [], 
            "marks": [
                {
                    "category": "Bkav", 
                    "ioc": "W32.AIDetectMalware", 
                    "type": "ioc", 
                    "description": null
                }, 
                {
                    "category": "Lionic", 
                    "ioc": "Trojan.Win32.SandyEva.i!c", 
                    "type": "ioc", 
                    "description": null
                }, 
                {
                    "category": "Cynet", 
                    "ioc": "Malicious (score: 100)", 
                    "type": "ioc", 
                    "description": null
                }, 
                {
                    "category": "Skyhigh", 
                    "ioc": "BehavesLike.Win32.RAHack.mc", 
                    "type": "ioc", 
                    "description": null
                }, 
                {
                    "category": "Cylance", 
                    "ioc": "Unsafe", 
                    "type": "ioc", 
                    "description": null
                }, 
                {
                    "category": "VIPRE", 
                    "ioc": "Gen:Variant.MiniDuke.1", 
                    "type": "ioc", 
                    "description": null
                }, 
                {
                    "category": "Sangfor", 
                    "ioc": "Backdoor.Win32.Miniduke.Vbzw", 
                    "type": "ioc", 
                    "description": null
                }, 
                {
                    "category": "CrowdStrike", 
                    "ioc": "win/malicious_confidence_100% (W)", 
                    "type": "ioc", 
                    "description": null
                }, 
                {
                    "category": "BitDefender", 
                    "ioc": "Gen:Variant.MiniDuke.1", 
                    "type": "ioc", 
                    "description": null
                }, 
                {
                    "category": "K7GW", 
                    "ioc": "Trojan ( 0042f2f81 )", 
                    "type": "ioc", 
                    "description": null
                }, 
                {
                    "category": "K7AntiVirus", 
                    "ioc": "Trojan ( 0042f2f81 )", 
                    "type": "ioc", 
                    "description": null
                }, 
                {
                    "category": "Arcabit", 
                    "ioc": "Trojan.MiniDuke.1", 
                    "type": "ioc", 
                    "description": null
                }, 
                {
                    "category": "VirIT", 
                    "ioc": "Trojan.Win32.Small.EXQ", 
                    "type": "ioc", 
                    "description": null
                }, 
                {
                    "category": "Symantec", 
                    "ioc": "ML.Attribute.HighConfidence", 
                    "type": "ioc", 
                    "description": null
                }, 
                {
                    "category": "Elastic", 
                    "ioc": "malicious (high confidence)", 
                    "type": "ioc", 
                    "description": null
                }, 
                {
                    "category": "ESET-NOD32", 
                    "ioc": "a variant of Win32/SandyEva.C", 
                    "type": "ioc", 
                    "description": null
                }, 
                {
                    "category": "APEX", 
                    "ioc": "Malicious", 
                    "type": "ioc", 
                    "description": null
                }, 
                {
                    "category": "Avast", 
                    "ioc": "Win32:WormX-gen [Wrm]", 
                    "type": "ioc", 
                    "description": null
                }, 
                {
                    "category": "Kaspersky", 
                    "ioc": "HEUR:Trojan-PSW.Win32.MiniDuke.gen", 
                    "type": "ioc", 
                    "description": null
                }, 
                {
                    "category": "Alibaba", 
                    "ioc": "Backdoor:Win32/MiniDuke.a8d7a309", 
                    "type": "ioc", 
                    "description": null
                }, 
                {
                    "category": "NANO-Antivirus", 
                    "ioc": "Trojan.Win32.MiniDuke.fgzojx", 
                    "type": "ioc", 
                    "description": null
                }, 
                {
                    "category": "MicroWorld-eScan", 
                    "ioc": "Gen:Variant.MiniDuke.1", 
                    "type": "ioc", 
                    "description": null
                }, 
                {
                    "category": "Rising", 
                    "ioc": "Backdoor.Miniduke!8.4821 (TFE:1:NN5a85l6rjF)", 
                    "type": "ioc", 
                    "description": null
                }, 
                {
                    "category": "Emsisoft", 
                    "ioc": "Gen:Variant.MiniDuke.1 (B)", 
                    "type": "ioc", 
                    "description": null
                }, 
                {
                    "category": "F-Secure", 
                    "ioc": "Backdoor:W32/MiniDuke.A", 
                    "type": "ioc", 
                    "description": null
                }, 
                {
                    "category": "DrWeb", 
                    "ioc": "BackDoor.Miniduke", 
                    "type": "ioc", 
                    "description": null
                }, 
                {
                    "category": "Zillya", 
                    "ioc": "Trojan.SandyEva.Win32.6", 
                    "type": "ioc", 
                    "description": null
                }, 
                {
                    "category": "TrendMicro", 
                    "ioc": "BKDR_MINIDUKE.A", 
                    "type": "ioc", 
                    "description": null
                }, 
                {
                    "category": "McAfeeD", 
                    "ioc": "ti!8D457E418901", 
                    "type": "ioc", 
                    "description": null
                }, 
                {
                    "category": "CTX", 
                    "ioc": "dll.trojan.miniduke", 
                    "type": "ioc", 
                    "description": null
                }, 
                {
                    "category": "Sophos", 
                    "ioc": "Mal/Generic-S", 
                    "type": "ioc", 
                    "description": null
                }, 
                {
                    "category": "Ikarus", 
                    "ioc": "Trojan.Win32.SandyEva", 
                    "type": "ioc", 
                    "description": null
                }, 
                {
                    "category": "FireEye", 
                    "ioc": "Generic.mg.1528567b1a2f1da3", 
                    "type": "ioc", 
                    "description": null
                }, 
                {
                    "category": "Jiangmin", 
                    "ioc": "Backdoor.MiniDuke.y", 
                    "type": "ioc", 
                    "description": null
                }, 
                {
                    "category": "Webroot", 
                    "ioc": "W32.Malware.Gen", 
                    "type": "ioc", 
                    "description": null
                }, 
                {
                    "category": "Google", 
                    "ioc": "Detected", 
                    "type": "ioc", 
                    "description": null
                }, 
                {
                    "category": "Avira", 
                    "ioc": "TR/Crypt.XPACK.Gen", 
                    "type": "ioc", 
                    "description": null
                }, 
                {
                    "category": "Antiy-AVL", 
                    "ioc": "Trojan[APT]/Win32.APT29", 
                    "type": "ioc", 
                    "description": null
                }, 
                {
                    "category": "Kingsoft", 
                    "ioc": "malware.kb.a.993", 
                    "type": "ioc", 
                    "description": null
                }, 
                {
                    "category": "Xcitium", 
                    "ioc": "Malware@#31n0xa64ijdgp", 
                    "type": "ioc", 
                    "description": null
                }, 
                {
                    "category": "Microsoft", 
                    "ioc": "Trojan:Win32/Urelas", 
                    "type": "ioc", 
                    "description": null
                }, 
                {
                    "category": "ZoneAlarm", 
                    "ioc": "HEUR:Trojan-PSW.Win32.MiniDuke.gen", 
                    "type": "ioc", 
                    "description": null
                }, 
                {
                    "category": "GData", 
                    "ioc": "Gen:Variant.MiniDuke.1", 
                    "type": "ioc", 
                    "description": null
                }, 
                {
                    "category": "Varist", 
                    "ioc": "W32/MiniDuke.A.gen!Eldorado", 
                    "type": "ioc", 
                    "description": null
                }, 
                {
                    "category": "AhnLab-V3", 
                    "ioc": "Trojan/Win.Urelas.R501673", 
                    "type": "ioc", 
                    "description": null
                }, 
                {
                    "category": "McAfee", 
                    "ioc": "BackDoor-FAMU!1528567B1A2F", 
                    "type": "ioc", 
                    "description": null
                }, 
                {
                    "category": "DeepInstinct", 
                    "ioc": "MALICIOUS", 
                    "type": "ioc", 
                    "description": null
                }, 
                {
                    "category": "VBA32", 
                    "ioc": "Backdoor.MiniDuke", 
                    "type": "ioc", 
                    "description": null
                }, 
                {
                    "category": "Malwarebytes", 
                    "ioc": "Malware.Heuristic.2113", 
                    "type": "ioc", 
                    "description": null
                }, 
                {
                    "category": "Panda", 
                    "ioc": "Trj/CI.A", 
                    "type": "ioc", 
                    "description": null
                }
            ], 
            "name": "antivirus_virustotal"
        }
    ], 
    "target": {
        "category": "file", 
        "file": {
            "mimetype": "application/x-dosexec", 
            "yara": [
                {
                    "meta": {
                        "description": "Downloader used to download MiniDuke RAT", 
                        "copyright": "(c) 2020 CrowdStrike Inc.", 
                        "reports": "CSIT-13040", 
                        "version": "201807251357", 
                        "actor": "COZY BEAR", 
                        "last_modified": "2018-07-25", 
                        "malware_family": "MiniDuke"
                    }, 
                    "name": "CrowdStrike_CSIT_13040_01", 
                    "offsets": {
                        "part_Kernel32_3_2": [
                            [
                                2292, 
                                11
                            ]
                        ], 
                        "part_VirtualProtect_2_2": [
                            [
                                2566, 
                                12
                            ]
                        ], 
                        "part_Kernel32_2_1": [
                            [
                                2282, 
                                6
                            ]
                        ], 
                        "part_Kernel32_4_2": [
                            [
                                2302, 
                                10
                            ]
                        ], 
                        "part_VirtualProtect_3_2": [
                            [
                                2576, 
                                13
                            ]
                        ], 
                        "part_LdrLoadDll_1_1": [
                            [
                                2054, 
                                7
                            ]
                        ], 
                        "part_LdrLoadDll_2_1": [
                            [
                                2059, 
                                5
                            ]
                        ], 
                        "part_VirtualProtect_1_2": [
                            [
                                2556, 
                                9
                            ]
                        ], 
                        "part_VirtualProtect_4_2": [
                            [
                                2586, 
                                8
                            ]
                        ], 
                        "sig_3": [
                            [
                                1664, 
                                1
                            ], 
                            [
                                14605, 
                                2
                            ]
                        ], 
                        "part_LdrLoadDll_3_1": [
                            [
                                2064, 
                                4
                            ]
                        ], 
                        "part_Kernel32_1_1": [
                            [
                                2277, 
                                3
                            ]
                        ], 
                        "decrypt_string": [
                            [
                                2956, 
                                0
                            ]
                        ]
                    }, 
                    "strings": [
                        "0sA=", 
                        "AQQk", 
                        "AeMk", 
                        "aDMAMgA=", 
                        "aExkckw=", 
                        "aG9hZEQ=", 
                        "aGUAbAA=", 
                        "aGxsAAA=", 
                        "xwQkVmlydA==", 
                        "xwQkY3QAAA==", 
                        "xwQkawBlAA==", 
                        "xwQkcgBuAA==", 
                        "xwQkcm90ZQ==", 
                        "xwQkdWFsUA=="
                    ]
                }
            ], 
            "sha1": "a32817e9ff07bc69974221d9b7a9b980fa80b677", 
            "name": "8d457e4189017712917c5c8f900bb9072c5910c9f975c50337115f952d885635", 
            "type": "PE32 executable (DLL) (GUI) Intel 80386, for MS Windows", 
            "sha256": "8d457e4189017712917c5c8f900bb9072c5910c9f975c50337115f952d885635", 
            "urls": [], 
            "crc32": "BF876CC2", 
            "path": "/srv/cuckoo/cwd/storage/binaries/8d457e4189017712917c5c8f900bb9072c5910c9f975c50337115f952d885635", 
            "ssdeep": null, 
            "size": 22784, 
            "sha512": "85d190b4dc6ab83530ad79c98c0293e29bf04226f099ed0c559c911ad637f2b25008fbc9e6d7cf1c5191ecfa63a455f6743d539d6714f44729129607094269bf", 
            "md5": "1528567b1a2f1da31d602ce1ddfd8918"
        }, 
        "custom": null
    }, 
    "irma": {
        "status": null, 
        "probes_finished": 16, 
        "scan_id": "fd6f78b5-e7dd-47a2-9acf-0359f28c8bf5", 
        "parent_file_sha256": null, 
        "name": "8d457e4189017712917c5c8f900bb9072c5910c9f975c50337115f952d885635", 
        "probes_total": 18, 
        "scan_date": 1728915936, 
        "other_results": [], 
        "probe_results": {
            "antivirus": {
                "G Data Antivirus (Windows)": {
                    "status": 1, 
                    "duration": 0.28, 
                    "version": "5.5.20197.1358", 
                    "results": "Virus: Gen:Variant.MiniDuke.1 (Engine A)", 
                    "virus_database_version": "unavailable"
                }, 
                "Avast Core Security (Linux)": {
                    "status": 1, 
                    "duration": 0.14, 
                    "version": "4.5.1", 
                    "results": "Win32:WormX-gen [Wrm]", 
                    "virus_database_version": "unavailable"
                }, 
                "C4S ClamAV (Linux)": {
                    "status": 0, 
                    "duration": 0.41, 
                    "version": "0.103.12", 
                    "results": null, 
                    "virus_database_version": "27403"
                }, 
                "F-Secure Antivirus (Linux)": {
                    "status": 1, 
                    "duration": 6.4, 
                    "version": "11.10", 
                    "results": "Backdoor:W32/MiniDuke.A [FSE]", 
                    "virus_database_version": "2024-09-20_06"
                }, 
                "Windows Defender (Windows)": {
                    "status": 1, 
                    "duration": 0.25, 
                    "version": "1.1.24080.9", 
                    "results": "Trojan:Win32/Urelas", 
                    "virus_database_version": "1.419.483.0"
                }, 
                "Microsoft Defender ATP (Linux)": {
                    "status": 1, 
                    "duration": 18.94, 
                    "version": "unavailable", 
                    "results": "Trojan:Win32/Cozer.gen.A!dha", 
                    "virus_database_version": "123"
                }, 
                "Forticlient (Linux)": {
                    "status": 0, 
                    "duration": 3.04, 
                    "version": "unavailable", 
                    "results": null, 
                    "virus_database_version": "unavailable"
                }, 
                "Sophos Anti-Virus (Linux)": {
                    "status": 1, 
                    "duration": 0.37, 
                    "version": "1.1.5.14 (2024-05-28)", 
                    "results": "Mal/Generic-S", 
                    "virus_database_version": "unavailable"
                }, 
                "eScan Antivirus (Linux)": {
                    "status": 1, 
                    "duration": 3.56, 
                    "version": "7.0.21", 
                    "results": "Gen:Variant.MiniDuke.1(DB)", 
                    "virus_database_version": "7.97546 (23/09/2024)"
                }, 
                "ESET Security (Windows)": {
                    "status": 1, 
                    "duration": 0.69, 
                    "version": "unavailable", 
                    "results": "a variant of Win32/SandyEva.C trojan", 
                    "virus_database_version": "unavailable"
                }, 
                "McAfee CLI scanner (Linux)": {
                    "status": 1, 
                    "duration": 7.74, 
                    "version": "6.0.6.653", 
                    "results": "BackDoor-FAMU", 
                    "virus_database_version": "11200"
                }, 
                "DrWeb Antivirus (Linux)": {
                    "status": 1, 
                    "duration": 3.95, 
                    "version": "11.1.16.2406170954", 
                    "results": "BackDoor.Miniduke", 
                    "virus_database_version": "unavailable"
                }, 
                "Trend Micro SProtect (Linux)": {
                    "status": 0, 
                    "duration": 1.08, 
                    "version": "3.0", 
                    "results": null, 
                    "virus_database_version": "0x020000400"
                }, 
                "ClamAV (Linux)": {
                    "status": 0, 
                    "duration": 0.35, 
                    "version": "0.103.12", 
                    "results": null, 
                    "virus_database_version": "27427"
                }, 
                "Bitdefender Antivirus (Linux)": {
                    "status": 1, 
                    "duration": 8.76, 
                    "version": "7.90123", 
                    "results": "Gen:Variant.MiniDuke.1", 
                    "virus_database_version": null
                }, 
                "Kaspersky Standard (Windows)": {
                    "status": 1, 
                    "duration": 1.05, 
                    "version": "21.17", 
                    "results": "HEUR:Trojan-PSW.Win32.MiniDuke.gen", 
                    "virus_database_version": "2024-10-13 11:03:00 (full)"
                }
            }
        }, 
        "file_infos": {
            "mimetype": "PE32 executable (DLL) (GUI) Intel 80386, for MS Windows", 
            "sha1": "a32817e9ff07bc69974221d9b7a9b980fa80b677", 
            "tags": [], 
            "timestamp_first_scan": 1710609518.34, 
            "size": 22784, 
            "timestamp_last_scan": 1728915955.75, 
            "sha256": "8d457e4189017712917c5c8f900bb9072c5910c9f975c50337115f952d885635", 
            "md5": "1528567b1a2f1da31d602ce1ddfd8918"
        }, 
        "submitter": "cli", 
        "path": "", 
        "result_id": "59106bc6-61d5-40d3-af67-d2f8bd63ddd4"
    }, 
    "suricata": {
        "tls": [], 
        "files": [], 
        "alerts": [], 
        "http": []
    }, 
    "virustotal": {
        "permalink": "https://www.virustotal.com/gui/file/8d457e4189017712917c5c8f900bb9072c5910c9f975c50337115f952d885635/detection/f-8d457e4189017712917c5c8f900bb9072c5910c9f975c50337115f952d885635-1728894545", 
        "sha1": "a32817e9ff07bc69974221d9b7a9b980fa80b677", 
        "resource": "1528567b1a2f1da31d602ce1ddfd8918", 
        "response_code": 1, 
        "scan_date": "2024-10-14 08:29:05", 
        "scan_id": "8d457e4189017712917c5c8f900bb9072c5910c9f975c50337115f952d885635-1728894545", 
        "summary": {
            "positives": 58, 
            "permalink": "https://www.virustotal.com/gui/file/8d457e4189017712917c5c8f900bb9072c5910c9f975c50337115f952d885635/detection/f-8d457e4189017712917c5c8f900bb9072c5910c9f975c50337115f952d885635-1728894545", 
            "scan_date": "2024-10-14 08:29:05"
        }, 
        "sha256": "8d457e4189017712917c5c8f900bb9072c5910c9f975c50337115f952d885635", 
        "normalized": [
            "AIDetectMalware", 
            "SandyEva", 
            "Malicious", 
            "score", 
            "RAHack", 
            "Unsafe", 
            "MiniDuke", 
            "Vbzw", 
            "confidence", 
            "100%", 
            "Small", 
            "Attribute", 
            "HighConfidence", 
            "high confidence", 
            "WormX", 
            "fgzojx", 
            "NN5a85l6rjF", 
            "Detected", 
            "XPACK", 
            "APT29", 
            "Malware@#31n0xa64ijdgp", 
            "Urelas", 
            "Eldorado", 
            "R501673", 
            "FAMU", 
            "Gencirc", 
            "susgen"
        ], 
        "total": 72, 
        "positives": 58, 
        "verbose_msg": "Scan finished, information embedded", 
        "md5": "1528567b1a2f1da31d602ce1ddfd8918", 
        "scans": {
            "Bkav": {
                "detected": true, 
                "version": "2.0.0.1", 
                "result": "W32.AIDetectMalware", 
                "normalized": [
                    "AIDetectMalware"
                ], 
                "update": "20241014"
            }, 
            "Lionic": {
                "detected": true, 
                "version": "8.16", 
                "result": "Trojan.Win32.SandyEva.i!c", 
                "normalized": [
                    "SandyEva"
                ], 
                "update": "20241014"
            }, 
            "tehtris": {
                "detected": false, 
                "version": "v0.1.4", 
                "result": null, 
                "normalized": [], 
                "update": "20241014"
            }, 
            "Cynet": {
                "detected": true, 
                "version": "4.0.1.1", 
                "result": "Malicious (score: 100)", 
                "normalized": [
                    "Malicious", 
                    "score"
                ], 
                "update": "20241014"
            }, 
            "CMC": {
                "detected": false, 
                "version": "2.4.2022.1", 
                "result": null, 
                "normalized": [], 
                "update": "20241013"
            }, 
            "CAT-QuickHeal": {
                "detected": false, 
                "version": "22.00", 
                "result": null, 
                "normalized": [], 
                "update": "20241013"
            }, 
            "Skyhigh": {
                "detected": true, 
                "version": "v2021.2.0+4045", 
                "result": "BehavesLike.Win32.RAHack.mc", 
                "normalized": [
                    "RAHack"
                ], 
                "update": "20241013"
            }, 
            "ALYac": {
                "detected": false, 
                "version": "2.0.0.10", 
                "result": null, 
                "normalized": [], 
                "update": "20241014"
            }, 
            "Cylance": {
                "detected": true, 
                "version": "3.0.0.0", 
                "result": "Unsafe", 
                "normalized": [
                    "Unsafe"
                ], 
                "update": "20241010"
            }, 
            "VIPRE": {
                "detected": true, 
                "version": "6.0.0.35", 
                "result": "Gen:Variant.MiniDuke.1", 
                "normalized": [
                    "MiniDuke"
                ], 
                "update": "20241013"
            }, 
            "Sangfor": {
                "detected": true, 
                "version": "2.25.10.0", 
                "result": "Backdoor.Win32.Miniduke.Vbzw", 
                "normalized": [
                    "Miniduke", 
                    "Vbzw"
                ], 
                "update": "20241008"
            }, 
            "CrowdStrike": {
                "detected": true, 
                "version": "1.0", 
                "result": "win/malicious_confidence_100% (W)", 
                "normalized": [
                    "malicious", 
                    "confidence", 
                    "100%"
                ], 
                "update": "20231026"
            }, 
            "BitDefender": {
                "detected": true, 
                "version": "7.2", 
                "result": "Gen:Variant.MiniDuke.1", 
                "normalized": [
                    "MiniDuke"
                ], 
                "update": "20241014"
            }, 
            "K7GW": {
                "detected": true, 
                "version": "12.193.53548", 
                "result": "Trojan ( 0042f2f81 )", 
                "normalized": [], 
                "update": "20241014"
            }, 
            "K7AntiVirus": {
                "detected": true, 
                "version": "12.193.53546", 
                "result": "Trojan ( 0042f2f81 )", 
                "normalized": [], 
                "update": "20241014"
            }, 
            "Arcabit": {
                "detected": true, 
                "version": "2022.0.0.18", 
                "result": "Trojan.MiniDuke.1", 
                "normalized": [
                    "MiniDuke"
                ], 
                "update": "20241014"
            }, 
            "Baidu": {
                "detected": false, 
                "version": "1.0.0.2", 
                "result": null, 
                "normalized": [], 
                "update": "20190318"
            }, 
            "VirIT": {
                "detected": true, 
                "version": "9.5.807", 
                "result": "Trojan.Win32.Small.EXQ", 
                "normalized": [
                    "Small"
                ], 
                "update": "20241011"
            }, 
            "Symantec": {
                "detected": true, 
                "version": "1.22.0.0", 
                "result": "ML.Attribute.HighConfidence", 
                "normalized": [
                    "Attribute", 
                    "HighConfidence"
                ], 
                "update": "20241013"
            }, 
            "Elastic": {
                "detected": true, 
                "version": "4.0.167", 
                "result": "malicious (high confidence)", 
                "normalized": [
                    "malicious", 
                    "high confidence"
                ], 
                "update": "20241008"
            }, 
            "ESET-NOD32": {
                "detected": true, 
                "version": "30049", 
                "result": "a variant of Win32/SandyEva.C", 
                "normalized": [
                    "SandyEva"
                ], 
                "update": "20241014"
            }, 
            "APEX": {
                "detected": true, 
                "version": "6.585", 
                "result": "Malicious", 
                "normalized": [
                    "Malicious"
                ], 
                "update": "20241013"
            }, 
            "Avast": {
                "detected": true, 
                "version": "23.9.8494.0", 
                "result": "Win32:WormX-gen [Wrm]", 
                "normalized": [
                    "WormX"
                ], 
                "update": "20241014"
            }, 
            "ClamAV": {
                "detected": false, 
                "version": "1.4.1.0", 
                "result": null, 
                "normalized": [], 
                "update": "20241013"
            }, 
            "Kaspersky": {
                "detected": true, 
                "version": "22.0.1.28", 
                "result": "HEUR:Trojan-PSW.Win32.MiniDuke.gen", 
                "normalized": [
                    "MiniDuke"
                ], 
                "update": "20241008"
            }, 
            "Alibaba": {
                "detected": true, 
                "version": "0.3.0.5", 
                "result": "Backdoor:Win32/MiniDuke.a8d7a309", 
                "normalized": [
                    "MiniDuke"
                ], 
                "update": "20190527"
            }, 
            "NANO-Antivirus": {
                "detected": true, 
                "version": "1.0.146.25796", 
                "result": "Trojan.Win32.MiniDuke.fgzojx", 
                "normalized": [
                    "MiniDuke", 
                    "fgzojx"
                ], 
                "update": "20241014"
            }, 
            "SUPERAntiSpyware": {
                "detected": false, 
                "version": "5.6.0.1032", 
                "result": null, 
                "normalized": [], 
                "update": "20241013"
            }, 
            "MicroWorld-eScan": {
                "detected": true, 
                "version": "14.0.409.0", 
                "result": "Gen:Variant.MiniDuke.1", 
                "normalized": [
                    "MiniDuke"
                ], 
                "update": "20241014"
            }, 
            "Rising": {
                "detected": true, 
                "version": "25.0.0.28", 
                "result": "Backdoor.Miniduke!8.4821 (TFE:1:NN5a85l6rjF)", 
                "normalized": [
                    "Miniduke", 
                    "NN5a85l6rjF"
                ], 
                "update": "20241014"
            }, 
            "Emsisoft": {
                "detected": true, 
                "version": "2024.1.0.53752", 
                "result": "Gen:Variant.MiniDuke.1 (B)", 
                "normalized": [
                    "MiniDuke"
                ], 
                "update": "20241014"
            }, 
            "F-Secure": {
                "detected": true, 
                "version": "18.10.1547.307", 
                "result": "Backdoor:W32/MiniDuke.A", 
                "normalized": [
                    "MiniDuke"
                ], 
                "update": "20241014"
            }, 
            "DrWeb": {
                "detected": true, 
                "version": "7.0.65.5230", 
                "result": "BackDoor.Miniduke", 
                "normalized": [
                    "Miniduke"
                ], 
                "update": "20241014"
            }, 
            "Zillya": {
                "detected": true, 
                "version": "2.0.0.5214", 
                "result": "Trojan.SandyEva.Win32.6", 
                "normalized": [
                    "SandyEva"
                ], 
                "update": "20241011"
            }, 
            "TrendMicro": {
                "detected": true, 
                "version": "11.0.0.1006", 
                "result": "BKDR_MINIDUKE.A", 
                "normalized": [
                    "MINIDUKE"
                ], 
                "update": "20241014"
            }, 
            "McAfeeD": {
                "detected": true, 
                "version": "1.2.0.7977", 
                "result": "ti!8D457E418901", 
                "normalized": [], 
                "update": "20241014"
            }, 
            "Trapmine": {
                "detected": false, 
                "version": "4.0.16.240", 
                "result": null, 
                "normalized": [], 
                "update": "20241004"
            }, 
            "CTX": {
                "detected": true, 
                "version": "2024.8.29.1", 
                "result": "dll.trojan.miniduke", 
                "normalized": [
                    "miniduke"
                ], 
                "update": "20241014"
            }, 
            "Sophos": {
                "detected": true, 
                "version": "2.5.5.0", 
                "result": "Mal/Generic-S", 
                "normalized": [], 
                "update": "20241013"
            }, 
            "Ikarus": {
                "detected": true, 
                "version": "6.3.23.0", 
                "result": "Trojan.Win32.SandyEva", 
                "normalized": [
                    "SandyEva"
                ], 
                "update": "20241013"
            }, 
            "FireEye": {
                "detected": true, 
                "version": "35.47.0.0", 
                "result": "Generic.mg.1528567b1a2f1da3", 
                "normalized": [], 
                "update": "20241014"
            }, 
            "Jiangmin": {
                "detected": true, 
                "version": "16.0.100", 
                "result": "Backdoor.MiniDuke.y", 
                "normalized": [
                    "MiniDuke"
                ], 
                "update": "20241013"
            }, 
            "Webroot": {
                "detected": true, 
                "version": "1.0.0.403", 
                "result": "W32.Malware.Gen", 
                "normalized": [], 
                "update": "20241014"
            }, 
            "Google": {
                "detected": true, 
                "version": "1728891026", 
                "result": "Detected", 
                "normalized": [
                    "Detected"
                ], 
                "update": "20241014"
            }, 
            "Avira": {
                "detected": true, 
                "version": "8.3.3.20", 
                "result": "TR/Crypt.XPACK.Gen", 
                "normalized": [
                    "XPACK"
                ], 
                "update": "20241014"
            }, 
            "Antiy-AVL": {
                "detected": true, 
                "version": "3.0", 
                "result": "Trojan[APT]/Win32.APT29", 
                "normalized": [
                    "APT29"
                ], 
                "update": "20241014"
            }, 
            "Kingsoft": {
                "detected": true, 
                "version": "None", 
                "result": "malware.kb.a.993", 
                "normalized": [], 
                "update": "20241009"
            }, 
            "Gridinsoft": {
                "detected": false, 
                "version": "1.0.192.174", 
                "result": null, 
                "normalized": [], 
                "update": "20241014"
            }, 
            "Xcitium": {
                "detected": true, 
                "version": "37129", 
                "result": "Malware@#31n0xa64ijdgp", 
                "normalized": [
                    "Malware@#31n0xa64ijdgp"
                ], 
                "update": "20241013"
            }, 
            "Microsoft": {
                "detected": true, 
                "version": "1.1.24080.9", 
                "result": "Trojan:Win32/Urelas", 
                "normalized": [
                    "Urelas"
                ], 
                "update": "20241014"
            }, 
            "ViRobot": {
                "detected": false, 
                "version": "2014.3.20.0", 
                "result": null, 
                "normalized": [], 
                "update": "20241014"
            }, 
            "ZoneAlarm": {
                "detected": true, 
                "version": "1.0", 
                "result": "HEUR:Trojan-PSW.Win32.MiniDuke.gen", 
                "normalized": [
                    "MiniDuke"
                ], 
                "update": "20241008"
            }, 
            "GData": {
                "detected": true, 
                "version": "A:25.39049B:27.37807", 
                "result": "Gen:Variant.MiniDuke.1", 
                "normalized": [
                    "MiniDuke"
                ], 
                "update": "20241014"
            }, 
            "Varist": {
                "detected": true, 
                "version": "6.6.1.3", 
                "result": "W32/MiniDuke.A.gen!Eldorado", 
                "normalized": [
                    "MiniDuke", 
                    "Eldorado"
                ], 
                "update": "20241014"
            }, 
            "AhnLab-V3": {
                "detected": true, 
                "version": "3.26.1.10507", 
                "result": "Trojan/Win.Urelas.R501673", 
                "normalized": [
                    "Urelas", 
                    "R501673"
                ], 
                "update": "20241014"
            }, 
            "Acronis": {
                "detected": false, 
                "version": "1.2.0.121", 
                "result": null, 
                "normalized": [], 
                "update": "20240328"
            }, 
            "McAfee": {
                "detected": true, 
                "version": "6.0.6.653", 
                "result": "BackDoor-FAMU!1528567B1A2F", 
                "normalized": [
                    "FAMU"
                ], 
                "update": "20241013"
            }, 
            "TACHYON": {
                "detected": false, 
                "version": "2024-10-14.02", 
                "result": null, 
                "normalized": [], 
                "update": "20241014"
            }, 
            "DeepInstinct": {
                "detected": true, 
                "version": "5.0.0.8", 
                "result": "MALICIOUS", 
                "normalized": [
                    "MALICIOUS"
                ], 
                "update": "20241013"
            }, 
            "VBA32": {
                "detected": true, 
                "version": "5.0.0", 
                "result": "Backdoor.MiniDuke", 
                "normalized": [
                    "MiniDuke"
                ], 
                "update": "20241011"
            }, 
            "Malwarebytes": {
                "detected": true, 
                "version": "4.5.5.54", 
                "result": "Malware.Heuristic.2113", 
                "normalized": [], 
                "update": "20241014"
            }, 
            "Panda": {
                "detected": true, 
                "version": "4.6.4.2", 
                "result": "Trj/CI.A", 
                "normalized": [], 
                "update": "20241013"
            }, 
            "Zoner": {
                "detected": false, 
                "version": "2.2.2.0", 
                "result": null, 
                "normalized": [], 
                "update": "20241014"
            }, 
            "TrendMicro-HouseCall": {
                "detected": true, 
                "version": "10.0.0.1040", 
                "result": "BKDR_MINIDUKE.A", 
                "normalized": [
                    "MINIDUKE"
                ], 
                "update": "20241014"
            }, 
            "Tencent": {
                "detected": true, 
                "version": "1.0.0.1", 
                "result": "Malware.Win32.Gencirc.1189877a", 
                "normalized": [
                    "Gencirc"
                ], 
                "update": "20241014"
            }, 
            "Yandex": {
                "detected": false, 
                "version": "5.5.2.24", 
                "result": null, 
                "normalized": [], 
                "update": "20241014"
            }, 
            "huorong": {
                "detected": true, 
                "version": "5f98eb7:5f98eb7:659eb6d:659eb6d", 
                "result": "Backdoor/Agent.la", 
                "normalized": [], 
                "update": "20241013"
            }, 
            "MaxSecure": {
                "detected": true, 
                "version": "1.0.0.1", 
                "result": "Trojan.Malware.5331968.susgen", 
                "normalized": [
                    "susgen"
                ], 
                "update": "20241011"
            }, 
            "Fortinet": {
                "detected": true, 
                "version": "None", 
                "result": "W32/SandyEva.C!tr", 
                "normalized": [
                    "SandyEva"
                ], 
                "update": "20241014"
            }, 
            "AVG": {
                "detected": true, 
                "version": "23.9.8494.0", 
                "result": "Win32:WormX-gen [Wrm]", 
                "normalized": [
                    "WormX"
                ], 
                "update": "20241014"
            }, 
            "Paloalto": {
                "detected": true, 
                "version": "0.9.0.1003", 
                "result": "generic.ml", 
                "normalized": [], 
                "update": "20241014"
            }, 
            "alibabacloud": {
                "detected": true, 
                "version": "2.2.0", 
                "result": "Trojan[stealer]:Win/MiniDuke.gyf", 
                "normalized": [
                    "MiniDuke"
                ], 
                "update": "20240910"
            }
        }
    }, 
    "network": {
        "udp": [], 
        "dns_servers": [], 
        "http": [], 
        "smtp": [], 
        "tcp": [], 
        "geoinfo": {}, 
        "mitm": [], 
        "https_ex": [], 
        "http_ex": [], 
        "sorted_pcap_sha256": "69a14e454792b4c7f1c7ef05010e67c733746fb0aa4a019d0c72b1deb14c0e8e", 
        "icmp": [], 
        "tls": [], 
        "dead_hosts": [], 
        "smtp_ex": [], 
        "hosts": [], 
        "pcap_sha256": "57b7fa9dbf604d80ea3e23010bb308202628c5a4b9e5669b848bb183491da953", 
        "dns": [], 
        "domains": [], 
        "irc": []
    }, 
    "resubmit": {
        "resubmit_ids": []
    }, 
    "static": {
        "pdb_path": null, 
        "pe_imports": [], 
        "peid_signatures": null, 
        "keys": [], 
        "signature": [], 
        "pe_timestamp": "2013-02-21 10:19:19", 
        "pe_exports": [
            {
                "ordinal": 1, 
                "name": "HqpNjms", 
                "address": "0x6f00200c"
            }
        ], 
        "imported_dll_count": 0, 
        "pe_imphash": "", 
        "pe_resources": [], 
        "pe_versioninfo": [], 
        "pe_sections": [
            {
                "size_of_data": "0x00000200", 
                "virtual_address": "0x00001000", 
                "entropy": 0.43566551123390124, 
                "name": ".edata", 
                "virtual_size": "0x0000003c"
            }, 
            {
                "size_of_data": "0x00000a00", 
                "virtual_address": "0x00002000", 
                "entropy": 3.712994220282073, 
                "name": ".text", 
                "virtual_size": "0x000009d1"
            }, 
            {
                "size_of_data": "0x00000200", 
                "virtual_address": "0x00003000", 
                "entropy": 0.06116285224115448, 
                "name": ".reloc", 
                "virtual_size": "0x00000008"
            }, 
            {
                "size_of_data": "0x00004600", 
                "virtual_address": "0x00004000", 
                "entropy": 7.533884994728387, 
                "name": ".rdata", 
                "virtual_size": "0x000045ef"
            }
        ]
    }, 
    "snort": {
        "alerts": []
    }, 
    "behavior": {
        "generic": [
            {
                "process_path": "C:\\Windows\\System32\\lsass.exe", 
                "process_name": "lsass.exe", 
                "pid": 500, 
                "summary": {}, 
                "first_seen": 1728918132.921875, 
                "ppid": 388
            }
        ], 
        "processes": [
            {
                "process_path": "C:\\Windows\\System32\\lsass.exe", 
                "calls": [], 
                "track": false, 
                "pid": 500, 
                "process_name": "lsass.exe", 
                "command_line": "C:\\Windows\\system32\\lsass.exe", 
                "modules": [
                    {
                        "basename": "lsass.exe", 
                        "imgsize": 49152, 
                        "baseaddr": "0xff2d0000", 
                        "filepath": "C:\\Windows\\system32\\lsass.exe"
                    }, 
                    {
                        "basename": "ntdll.dll", 
                        "imgsize": 1740800, 
                        "baseaddr": "0x76dd0000", 
                        "filepath": "C:\\Windows\\SYSTEM32\\ntdll.dll"
                    }, 
                    {
                        "basename": "kernel32.dll", 
                        "imgsize": 1175552, 
                        "baseaddr": "0x76cb0000", 
                        "filepath": "C:\\Windows\\system32\\kernel32.dll"
                    }, 
                    {
                        "basename": "KERNELBASE.dll", 
                        "imgsize": 438272, 
                        "baseaddr": "0x7fefcc30000", 
                        "filepath": "C:\\Windows\\system32\\KERNELBASE.dll"
                    }, 
                    {
                        "basename": "msvcrt.dll", 
                        "imgsize": 651264, 
                        "baseaddr": "0x7fefd890000", 
                        "filepath": "C:\\Windows\\system32\\msvcrt.dll"
                    }, 
                    {
                        "basename": "RPCRT4.dll", 
                        "imgsize": 1232896, 
                        "baseaddr": "0x7fefdbf0000", 
                        "filepath": "C:\\Windows\\system32\\RPCRT4.dll"
                    }, 
                    {
                        "basename": "SspiSrv.dll", 
                        "imgsize": 45056, 
                        "baseaddr": "0x7fefc9d0000", 
                        "filepath": "C:\\Windows\\system32\\SspiSrv.dll"
                    }, 
                    {
                        "basename": "lsasrv.dll", 
                        "imgsize": 1470464, 
                        "baseaddr": "0x7fefc860000", 
                        "filepath": "C:\\Windows\\system32\\lsasrv.dll"
                    }, 
                    {
                        "basename": "sechost.dll", 
                        "imgsize": 126976, 
                        "baseaddr": "0x7fefee10000", 
                        "filepath": "C:\\Windows\\SYSTEM32\\sechost.dll"
                    }, 
                    {
                        "basename": "SspiCli.dll", 
                        "imgsize": 151552, 
                        "baseaddr": "0x7fefc9e0000", 
                        "filepath": "C:\\Windows\\system32\\SspiCli.dll"
                    }, 
                    {
                        "basename": "ADVAPI32.dll", 
                        "imgsize": 897024, 
                        "baseaddr": "0x7fefd930000", 
                        "filepath": "C:\\Windows\\system32\\ADVAPI32.dll"
                    }, 
                    {
                        "basename": "USER32.dll", 
                        "imgsize": 1024000, 
                        "baseaddr": "0x76bb0000", 
                        "filepath": "C:\\Windows\\system32\\USER32.dll"
                    }, 
                    {
                        "basename": "GDI32.dll", 
                        "imgsize": 421888, 
                        "baseaddr": "0x7fefee30000", 
                        "filepath": "C:\\Windows\\system32\\GDI32.dll"
                    }, 
                    {
                        "basename": "LPK.dll", 
                        "imgsize": 57344, 
                        "baseaddr": "0x7fefd830000", 
                        "filepath": "C:\\Windows\\system32\\LPK.dll"
                    }, 
                    {
                        "basename": "USP10.dll", 
                        "imgsize": 823296, 
                        "baseaddr": "0x7fefed40000", 
                        "filepath": "C:\\Windows\\system32\\USP10.dll"
                    }, 
                    {
                        "basename": "SAMSRV.dll", 
                        "imgsize": 774144, 
                        "baseaddr": "0x7fefc6b0000", 
                        "filepath": "C:\\Windows\\system32\\SAMSRV.dll"
                    }, 
                    {
                        "basename": "cryptdll.dll", 
                        "imgsize": 81920, 
                        "baseaddr": "0x7fefc690000", 
                        "filepath": "C:\\Windows\\system32\\cryptdll.dll"
                    }, 
                    {
                        "basename": "MSASN1.dll", 
                        "imgsize": 61440, 
                        "baseaddr": "0x7fefcc20000", 
                        "filepath": "C:\\Windows\\system32\\MSASN1.dll"
                    }, 
                    {
                        "basename": "wevtapi.dll", 
                        "imgsize": 446464, 
                        "baseaddr": "0x7fefc620000", 
                        "filepath": "C:\\Windows\\system32\\wevtapi.dll"
                    }, 
                    {
                        "basename": "IMM32.DLL", 
                        "imgsize": 188416, 
                        "baseaddr": "0x7fefd5d0000", 
                        "filepath": "C:\\Windows\\system32\\IMM32.DLL"
                    }, 
                    {
                        "basename": "MSCTF.dll", 
                        "imgsize": 1085440, 
                        "baseaddr": "0x7fefd600000", 
                        "filepath": "C:\\Windows\\system32\\MSCTF.dll"
                    }, 
                    {
                        "basename": "cngaudit.dll", 
                        "imgsize": 36864, 
                        "baseaddr": "0x7fefc610000", 
                        "filepath": "C:\\Windows\\system32\\cngaudit.dll"
                    }, 
                    {
                        "basename": "AUTHZ.dll", 
                        "imgsize": 192512, 
                        "baseaddr": "0x7fefc5e0000", 
                        "filepath": "C:\\Windows\\system32\\AUTHZ.dll"
                    }, 
                    {
                        "basename": "ncrypt.dll", 
                        "imgsize": 319488, 
                        "baseaddr": "0x7fefc590000", 
                        "filepath": "C:\\Windows\\system32\\ncrypt.dll"
                    }, 
                    {
                        "basename": "bcrypt.dll", 
                        "imgsize": 139264, 
                        "baseaddr": "0x7fefc560000", 
                        "filepath": "C:\\Windows\\system32\\bcrypt.dll"
                    }, 
                    {
                        "basename": "msprivs.DLL", 
                        "imgsize": 8192, 
                        "baseaddr": "0x749b0000", 
                        "filepath": "C:\\Windows\\system32\\msprivs.DLL"
                    }, 
                    {
                        "basename": "netjoin.dll", 
                        "imgsize": 204800, 
                        "baseaddr": "0x7fefc520000", 
                        "filepath": "C:\\Windows\\system32\\netjoin.dll"
                    }, 
                    {
                        "basename": "negoexts.DLL", 
                        "imgsize": 147456, 
                        "baseaddr": "0x7fefc4f0000", 
                        "filepath": "C:\\Windows\\system32\\negoexts.DLL"
                    }, 
                    {
                        "basename": "Secur32.dll", 
                        "imgsize": 45056, 
                        "baseaddr": "0x7fefc810000", 
                        "filepath": "C:\\Windows\\system32\\Secur32.dll"
                    }, 
                    {
                        "basename": "cryptbase.dll", 
                        "imgsize": 61440, 
                        "baseaddr": "0x7fefca70000", 
                        "filepath": "C:\\Windows\\system32\\cryptbase.dll"
                    }, 
                    {
                        "basename": "kerberos.DLL", 
                        "imgsize": 737280, 
                        "baseaddr": "0x7fefc430000", 
                        "filepath": "C:\\Windows\\system32\\kerberos.DLL"
                    }, 
                    {
                        "basename": "CRYPTSP.dll", 
                        "imgsize": 94208, 
                        "baseaddr": "0x7fefc410000", 
                        "filepath": "C:\\Windows\\system32\\CRYPTSP.dll"
                    }, 
                    {
                        "basename": "WS2_32.dll", 
                        "imgsize": 315392, 
                        "baseaddr": "0x7fefd840000", 
                        "filepath": "C:\\Windows\\system32\\WS2_32.dll"
                    }, 
                    {
                        "basename": "NSI.dll", 
                        "imgsize": 32768, 
                        "baseaddr": "0x7fefec30000", 
                        "filepath": "C:\\Windows\\system32\\NSI.dll"
                    }, 
                    {
                        "basename": "mswsock.dll", 
                        "imgsize": 348160, 
                        "baseaddr": "0x7fefc3b0000", 
                        "filepath": "C:\\Windows\\system32\\mswsock.dll"
                    }, 
                    {
                        "basename": "wship6.dll", 
                        "imgsize": 28672, 
                        "baseaddr": "0x7fefc3a0000", 
                        "filepath": "C:\\Windows\\System32\\wship6.dll"
                    }, 
                    {
                        "basename": "msv1_0.DLL", 
                        "imgsize": 331776, 
                        "baseaddr": "0x7fefc340000", 
                        "filepath": "C:\\Windows\\system32\\msv1_0.DLL"
                    }, 
                    {
                        "basename": "netlogon.DLL", 
                        "imgsize": 712704, 
                        "baseaddr": "0x7fefc290000", 
                        "filepath": "C:\\Windows\\system32\\netlogon.DLL"
                    }, 
                    {
                        "basename": "DNSAPI.dll", 
                        "imgsize": 372736, 
                        "baseaddr": "0x7fefc230000", 
                        "filepath": "C:\\Windows\\system32\\DNSAPI.dll"
                    }, 
                    {
                        "basename": "logoncli.dll", 
                        "imgsize": 196608, 
                        "baseaddr": "0x7fefc200000", 
                        "filepath": "C:\\Windows\\system32\\logoncli.dll"
                    }, 
                    {
                        "basename": "schannel.DLL", 
                        "imgsize": 356352, 
                        "baseaddr": "0x7fefc1a0000", 
                        "filepath": "C:\\Windows\\system32\\schannel.DLL"
                    }, 
                    {
                        "basename": "CRYPT32.dll", 
                        "imgsize": 1470464, 
                        "baseaddr": "0x7fefcd20000", 
                        "filepath": "C:\\Windows\\system32\\CRYPT32.dll"
                    }, 
                    {
                        "basename": "wdigest.DLL", 
                        "imgsize": 221184, 
                        "baseaddr": "0x7fefc160000", 
                        "filepath": "C:\\Windows\\system32\\wdigest.DLL"
                    }, 
                    {
                        "basename": "rsaenh.dll", 
                        "imgsize": 290816, 
                        "baseaddr": "0x7fefc110000", 
                        "filepath": "C:\\Windows\\system32\\rsaenh.dll"
                    }, 
                    {
                        "basename": "tspkg.DLL", 
                        "imgsize": 98304, 
                        "baseaddr": "0x7fefc0f0000", 
                        "filepath": "C:\\Windows\\system32\\tspkg.DLL"
                    }, 
                    {
                        "basename": "pku2u.DLL", 
                        "imgsize": 282624, 
                        "baseaddr": "0x7fefc0a0000", 
                        "filepath": "C:\\Windows\\system32\\pku2u.DLL"
                    }, 
                    {
                        "basename": "bcryptprimitives.dll", 
                        "imgsize": 311296, 
                        "baseaddr": "0x7fefc050000", 
                        "filepath": "C:\\Windows\\system32\\bcryptprimitives.dll"
                    }, 
                    {
                        "basename": "RpcRtRemote.dll", 
                        "imgsize": 81920, 
                        "baseaddr": "0x7fefcb60000", 
                        "filepath": "C:\\Windows\\system32\\RpcRtRemote.dll"
                    }, 
                    {
                        "basename": "efslsaext.dll", 
                        "imgsize": 73728, 
                        "baseaddr": "0x7fefc030000", 
                        "filepath": "C:\\Windows\\system32\\efslsaext.dll"
                    }, 
                    {
                        "basename": "scecli.DLL", 
                        "imgsize": 253952, 
                        "baseaddr": "0x7fefbff0000", 
                        "filepath": "C:\\Windows\\system32\\scecli.DLL"
                    }, 
                    {
                        "basename": "credssp.dll", 
                        "imgsize": 40960, 
                        "baseaddr": "0x7fefbfe0000", 
                        "filepath": "C:\\Windows\\system32\\credssp.dll"
                    }, 
                    {
                        "basename": "WINSTA.dll", 
                        "imgsize": 249856, 
                        "baseaddr": "0x7fefcb20000", 
                        "filepath": "C:\\Windows\\system32\\WINSTA.dll"
                    }, 
                    {
                        "basename": "IPHLPAPI.DLL", 
                        "imgsize": 159744, 
                        "baseaddr": "0x7fefa770000", 
                        "filepath": "C:\\Windows\\system32\\IPHLPAPI.DLL"
                    }, 
                    {
                        "basename": "WINNSI.DLL", 
                        "imgsize": 45056, 
                        "baseaddr": "0x7fefa760000", 
                        "filepath": "C:\\Windows\\system32\\WINNSI.DLL"
                    }, 
                    {
                        "basename": "netutils.dll", 
                        "imgsize": 49152, 
                        "baseaddr": "0x7fefa4c0000", 
                        "filepath": "C:\\Windows\\system32\\netutils.dll"
                    }, 
                    {
                        "basename": "USERENV.dll", 
                        "imgsize": 122880, 
                        "baseaddr": "0x7fefbed0000", 
                        "filepath": "C:\\Windows\\system32\\USERENV.dll"
                    }, 
                    {
                        "basename": "profapi.dll", 
                        "imgsize": 61440, 
                        "baseaddr": "0x7fefcb80000", 
                        "filepath": "C:\\Windows\\system32\\profapi.dll"
                    }, 
                    {
                        "basename": "wshtcpip.dll", 
                        "imgsize": 28672, 
                        "baseaddr": "0x7fefbdb0000", 
                        "filepath": "C:\\Windows\\System32\\wshtcpip.dll"
                    }, 
                    {
                        "basename": "dssenh.dll", 
                        "imgsize": 204800, 
                        "baseaddr": "0x7fef4ec0000", 
                        "filepath": "C:\\Windows\\system32\\dssenh.dll"
                    }, 
                    {
                        "basename": "GPAPI.dll", 
                        "imgsize": 110592, 
                        "baseaddr": "0x7fefbeb0000", 
                        "filepath": "C:\\Windows\\system32\\GPAPI.dll"
                    }, 
                    {
                        "basename": "monitor-x64.dll", 
                        "imgsize": 2269184, 
                        "baseaddr": "0x73eb0000", 
                        "filepath": "C:\\tmpwoh6zt\\bin\\monitor-x64.dll"
                    }
                ], 
                "time": 0, 
                "tid": 2864, 
                "first_seen": 1728918132.921875, 
                "ppid": 388, 
                "type": "process"
            }
        ], 
        "processtree": [
            {
                "track": false, 
                "pid": 500, 
                "process_name": "lsass.exe", 
                "command_line": "C:\\Windows\\system32\\lsass.exe", 
                "first_seen": 1728918132.921875, 
                "ppid": 388, 
                "children": []
            }
        ]
    }, 
    "debug": {
        "action": [], 
        "dbgview": [], 
        "errors": [], 
        "log": [
            "2024-10-14 14:02:12,015 [analyzer] DEBUG: Starting analyzer from: C:\\tmpwoh6zt\n", 
            "2024-10-14 14:02:12,015 [analyzer] DEBUG: Pipe server name: \\??\\PIPE\\okDzepEFVWyLNYVQBqsyPbNfxbIjULh\n", 
            "2024-10-14 14:02:12,015 [analyzer] DEBUG: Log pipe server name: \\??\\PIPE\\qCeRclLhkdXqSDDXsfTCLAVnouQXK\n", 
            "2024-10-14 14:02:12,265 [analyzer] DEBUG: Started auxiliary module Curtain\n", 
            "2024-10-14 14:02:12,265 [analyzer] DEBUG: Started auxiliary module DbgView\n", 
            "2024-10-14 14:02:12,765 [analyzer] DEBUG: Started auxiliary module Disguise\n", 
            "2024-10-14 14:02:12,983 [analyzer] DEBUG: Loaded monitor into process with pid 500\n", 
            "2024-10-14 14:02:12,983 [analyzer] DEBUG: Started auxiliary module DumpTLSMasterSecrets\n", 
            "2024-10-14 14:02:12,983 [analyzer] DEBUG: Started auxiliary module Human\n", 
            "2024-10-14 14:02:12,983 [analyzer] DEBUG: Started auxiliary module InstallCertificate\n", 
            "2024-10-14 14:02:12,983 [analyzer] DEBUG: Started auxiliary module Reboot\n", 
            "2024-10-14 14:02:13,078 [analyzer] DEBUG: Started auxiliary module RecentFiles\n", 
            "2024-10-14 14:02:13,092 [analyzer] DEBUG: Started auxiliary module Screenshots\n", 
            "2024-10-14 14:02:13,092 [analyzer] DEBUG: Started auxiliary module Sysmon\n", 
            "2024-10-14 14:02:13,092 [analyzer] DEBUG: Started auxiliary module LoadZer0m0n\n", 
            "2024-10-14 14:02:13,217 [lib.api.process] ERROR: Failed to execute process from path u'C:\\\\Users\\\\ADMINI~1\\\\AppData\\\\Local\\\\Temp\\\\8d457e4189017712917c5c8f900bb9072c5910c9f975c50337115f952d885635.exe' with arguments ['bin\\\\inject-x86.exe', '--app', u'C:\\\\Users\\\\ADMINI~1\\\\AppData\\\\Local\\\\Temp\\\\8d457e4189017712917c5c8f900bb9072c5910c9f975c50337115f952d885635.exe', '--only-start', '--curdir', 'C:\\\\Users\\\\ADMINI~1\\\\AppData\\\\Local\\\\Temp'] (Error: Command '['bin\\\\inject-x86.exe', '--app', u'C:\\\\Users\\\\ADMINI~1\\\\AppData\\\\Local\\\\Temp\\\\8d457e4189017712917c5c8f900bb9072c5910c9f975c50337115f952d885635.exe', '--only-start', '--curdir', 'C:\\\\Users\\\\ADMINI~1\\\\AppData\\\\Local\\\\Temp']' returned non-zero exit status 1)\n"
        ], 
        "cuckoo": [
            "2024-10-14 17:20:35,007 [cuckoo.core.scheduler] DEBUG: Task #5291100: no machine available yet\n", 
            "2024-10-14 17:20:36,038 [cuckoo.core.scheduler] DEBUG: Task #5291100: no machine available yet\n", 
            "2024-10-14 17:20:37,076 [cuckoo.core.scheduler] INFO: Task #5291100: acquired machine win7x643 (label=win7x643)\n", 
            "2024-10-14 17:20:37,077 [cuckoo.core.resultserver] DEBUG: Now tracking machine 192.168.168.203 for task #5291100\n", 
            "2024-10-14 17:20:37,721 [cuckoo.auxiliary.sniffer] INFO: Started sniffer with PID 1966174 (interface=vboxnet0, host=192.168.168.203)\n", 
            "2024-10-14 17:20:38,156 [cuckoo.machinery.virtualbox] DEBUG: Starting vm win7x643\n", 
            "2024-10-14 17:20:39,324 [cuckoo.machinery.virtualbox] DEBUG: Restoring virtual machine win7x643 to vmcloak\n", 
            "2024-10-14 17:23:26,726 [cuckoo.core.guest] INFO: Starting analysis #5291100 on guest (id=win7x643, ip=192.168.168.203)\n", 
            "2024-10-14 17:23:27,765 [cuckoo.core.guest] DEBUG: win7x643: not ready yet\n", 
            "2024-10-14 17:23:32,789 [cuckoo.core.guest] INFO: Guest is running Cuckoo Agent 0.10 (id=win7x643, ip=192.168.168.203)\n", 
            "2024-10-14 17:23:32,859 [cuckoo.core.guest] DEBUG: Uploading analyzer to guest (id=win7x643, ip=192.168.168.203, monitor=latest, size=6660546)\n", 
            "2024-10-14 17:23:34,073 [cuckoo.core.resultserver] DEBUG: Task #5291100: live log analysis.log initialized.\n", 
            "2024-10-14 17:23:35,471 [cuckoo.core.resultserver] DEBUG: Task #5291100 is sending a BSON stream\n", 
            "2024-10-14 17:23:36,333 [cuckoo.core.resultserver] DEBUG: Task #5291100: File upload for 'shots/0001.jpg'\n", 
            "2024-10-14 17:23:36,399 [cuckoo.core.resultserver] DEBUG: Task #5291100 uploaded file length: 133503\n", 
            "2024-10-14 17:23:36,650 [cuckoo.core.guest] WARNING: win7x643: analysis #5291100 caught an exception\n", 
            "Traceback (most recent call last):\n", 
            "  File \"C:/tmpwoh6zt/analyzer.py\", line 824, in <module>\n", 
            "    success = analyzer.run()\n", 
            "  File \"C:/tmpwoh6zt/analyzer.py\", line 673, in run\n", 
            "    pids = self.package.start(self.target)\n", 
            "  File \"C:\\tmpwoh6zt\\modules\\packages\\exe.py\", line 34, in start\n", 
            "    return self.execute(path, args=shlex.split(args))\n", 
            "  File \"C:\\tmpwoh6zt\\lib\\common\\abstracts.py\", line 205, in execute\n", 
            "    \"Unable to execute the initial process, analysis aborted.\"\n", 
            "CuckooPackageError: Unable to execute the initial process, analysis aborted.\n", 
            "\n", 
            "2024-10-14 17:23:36,663 [cuckoo.core.plugins] DEBUG: Stopped auxiliary module: Redsocks\n", 
            "2024-10-14 17:23:36,684 [cuckoo.core.plugins] DEBUG: Stopped auxiliary module: Sniffer\n", 
            "2024-10-14 17:23:38,121 [cuckoo.machinery.virtualbox] INFO: Successfully generated memory dump for virtual machine with label win7x643 to path /srv/cuckoo/cwd/storage/analyses/5291100/memory.dmp\n", 
            "2024-10-14 17:23:38,122 [cuckoo.machinery.virtualbox] DEBUG: Stopping vm win7x643\n", 
            "2024-10-14 17:25:33,934 [cuckoo.core.resultserver] DEBUG: Stopped tracking machine 192.168.168.203 for task #5291100\n", 
            "2024-10-14 17:25:33,935 [cuckoo.core.resultserver] DEBUG: Cancel <Context for LOG> for task 5291100\n", 
            "2024-10-14 17:25:34,598 [cuckoo.core.scheduler] DEBUG: Released database task #5291100\n", 
            "2024-10-14 17:25:34,631 [cuckoo.core.scheduler] INFO: Task #5291100: analysis procedure completed\n"
        ]
    }, 
    "misp": [
        {
            "info": "Cuckoo Sandbox analysis #4980015", 
            "level": "4", 
            "event_id": "2663368", 
            "iocs": [
                "8d457e4189017712917c5c8f900bb9072c5910c9f975c50337115f952d885635"
            ], 
            "url": "https://misp.cert.ee/events/view/2663368", 
            "date": "2024-06-02"
        }, 
        {
            "info": "Cuckoo Sandbox analysis #4546752", 
            "level": "4", 
            "event_id": "2423945", 
            "iocs": [
                "8d457e4189017712917c5c8f900bb9072c5910c9f975c50337115f952d885635"
            ], 
            "url": "https://misp.cert.ee/events/view/2423945", 
            "date": "2024-03-16"
        }
    ], 
    "strings": [
        "!This program cannot be run in DOS mode.", 
        ".edata", 
        "@.text", 
        "`.reloc", 
        ".rdata", 
        "HqpNjms", 
        "hoadDhLdrL", 
        "G7(\u001flj", 
        "'Ncp2|", 
        "X'N \"R", 
        "j{P'N0", 
        "lrjzQ'NO", 
        "S'Ncz^", 
        "7P9rj),", 
        "'Nczlj", 
        "7P9IBd", 
        "RpgoSo", 
        "1tv_aj", 
        "'o7~D|_", 
        "'o7~D|_", 
        "'ow~||X", 
        "'o7~D|_", 
        "'ow~||X", 
        "}p1>aH", 
        "9r<^VL", 
        "w_ij}9r", 
        "aO1>aH", 
        "mT1>aH", 
        "qij59r", 
        "9r<ZQL", 
        "}p1>aH", 
        "qyjU9r", 
        "9r<^VL", 
        "aO1>aH", 
        "qeju9r", 
        "9r|p_}j"
    ], 
    "intelmq": [
        {
            "classification_taxonomy": "malicious-code", 
            "classification_type": "infected-system", 
            "feed_provider": "CERT-EE", 
            "time_source": "2024-08-15T16:18:10.714544+00:00", 
            "feed_name": "Sandbox", 
            "ioc": "8d457e4189017712917c5c8f900bb9072c5910c9f975c50337115f952d885635", 
            "id": "vhnxVpEBJ8b3ASlsRYsA", 
            "index": "imq-2024-08", 
            "url": "https://kips.cert.ee/app/discover#/doc/imq/imq-2024-08/?id=vhnxVpEBJ8b3ASlsRYsA", 
            "time_observation": "2024-08-15T16:18:10+00:00", 
            "feed_accuracy": 50
        }, 
        {
            "classification_taxonomy": "malicious-code", 
            "classification_type": "infected-system", 
            "feed_provider": "CERT-EE", 
            "time_source": "2024-03-16T17:23:52.665575+00:00", 
            "feed_name": "Sandbox", 
            "ioc": "8d457e4189017712917c5c8f900bb9072c5910c9f975c50337115f952d885635", 
            "id": "frBLSI4BJ8b3ASlsuYWj", 
            "index": "imq-2024-03", 
            "url": "https://kips.cert.ee/app/discover#/doc/imq/imq-2024-03/?id=frBLSI4BJ8b3ASlsuYWj", 
            "time_observation": "2024-03-16T17:23:52+00:00", 
            "feed_accuracy": 50
        }, 
        {
            "classification_taxonomy": "malicious-code", 
            "classification_type": "infected-system", 
            "feed_provider": "CERT-EE", 
            "time_source": "2024-03-16T17:23:52.665392+00:00", 
            "feed_name": "Sandbox", 
            "ioc": "8d457e4189017712917c5c8f900bb9072c5910c9f975c50337115f952d885635", 
            "id": "KbBKSI4BJ8b3ASlsm31D", 
            "index": "imq-2024-03", 
            "url": "https://kips.cert.ee/app/discover#/doc/imq/imq-2024-03/?id=KbBKSI4BJ8b3ASlsm31D", 
            "time_observation": "2024-03-16T17:23:52+00:00", 
            "feed_accuracy": 50
        }, 
        {
            "classification_taxonomy": "malicious-code", 
            "classification_type": "infected-system", 
            "feed_provider": "CERT-EE", 
            "time_source": "2023-03-11T15:22:17.413161+00:00", 
            "feed_name": "CERT-EE own finding", 
            "ioc": "8d457e4189017712917c5c8f900bb9072c5910c9f975c50337115f952d885635", 
            "id": "ccux0YYBMVxc0rr30mDh", 
            "index": "imq-2023-03", 
            "url": "https://kips.cert.ee/app/discover#/doc/imq/imq-2023-03/?id=ccux0YYBMVxc0rr30mDh", 
            "time_observation": "2023-03-11T17:22:17+00:00", 
            "feed_accuracy": 50
        }, 
        {
            "classification_taxonomy": "malicious-code", 
            "classification_type": "infected-system", 
            "feed_provider": "CERT-EE", 
            "time_source": "2023-03-11T15:22:17.413237+00:00", 
            "feed_name": "CERT-EE own finding", 
            "ioc": "8d457e4189017712917c5c8f900bb9072c5910c9f975c50337115f952d885635", 
            "id": "csux0YYBMVxc0rr30mDp", 
            "index": "imq-2023-03", 
            "url": "https://kips.cert.ee/app/discover#/doc/imq/imq-2023-03/?id=csux0YYBMVxc0rr30mDp", 
            "time_observation": "2023-03-11T17:22:17+00:00", 
            "feed_accuracy": 50
        }
    ], 
    "metadata": {
        "output": {
            "pcap": {
                "basename": "dump.pcap", 
                "sha256": "57b7fa9dbf604d80ea3e23010bb308202628c5a4b9e5669b848bb183491da953", 
                "dirname": ""
            }
        }
    }
}