{"started_on": {"$dt": "2024-10-14T17:26:14.877494"}, "duration": -1, "sample_id": 5139961, "owner": null, "id": 5291136, "category": "file", "priority": 2, "guest": {"status": "stopped", "name": "win7x6413", "label": "win7x6413", "manager": "VirtualBox", "started_on": "2024-10-14 17:27:08", "shutdown_on": "2024-10-14 17:30:42"}, "clock": {"$dt": "2024-10-14T14:04:34.653590"}, "custom": null, "machine": null, "platform": "windows", "memory": true, "status": "running", "tags": [], "processing": null, "enforce_timeout": false, "completed_on": null, "target": "/srv/cuckoo/cwd/storage/cuckoo-tmp/tmpRnypHs/170596e88b26f04d349f6014d17a88026ec55eab44888e2a9bb4dd90a79f6878", "package": "exe", "route": "internet", "timeout": 300, "submit_id": 5121431, "options": {"procmemdump": "yes", "route": "internet"}, "added_on": {"$dt": "2024-10-14T14:04:34.653639"}}