{"started_on": {"$dt": "2024-10-14T17:21:00.310398"}, "duration": -1, "sample_id": 5139933, "owner": null, "id": 5291108, "category": "file", "priority": 2, "guest": {"status": "stopped", "name": "win7x6425", "label": "win7x6425", "manager": "VirtualBox", "started_on": "2024-10-14 17:21:32", "shutdown_on": "2024-10-14 17:31:01"}, "clock": {"$dt": "2024-10-14T14:03:02.038639"}, "custom": null, "machine": null, "platform": "windows", "memory": true, "status": "running", "tags": [], "processing": null, "enforce_timeout": false, "completed_on": null, "target": "/srv/cuckoo/cwd/storage/cuckoo-tmp/tmpAHbWyu/3f1a7d843f9cdd7d834aa67299bc14eee3410e7d68e1aadfc58d500d80083961", "package": "exe", "route": "internet", "timeout": 300, "submit_id": 5121428, "options": {"procmemdump": "yes", "route": "internet"}, "added_on": {"$dt": "2024-10-14T14:03:02.038730"}}