{"started_on": {"$dt": "2024-10-14T17:10:30.391509"}, "duration": -1, "sample_id": 5139875, "owner": null, "id": 5291050, "category": "file", "priority": 2, "guest": {"status": "stopped", "name": "win7x6429", "label": "win7x6429", "manager": "VirtualBox", "started_on": "2024-10-14 17:12:45", "shutdown_on": "2024-10-14 17:17:53"}, "clock": {"$dt": "2024-10-14T13:59:16.076372"}, "custom": null, "machine": null, "platform": "windows", "memory": true, "status": "running", "tags": [], "processing": null, "enforce_timeout": false, "completed_on": null, "target": "/srv/cuckoo/cwd/storage/cuckoo-tmp/tmpUZBljT/4cc5c6bd9984ba49dde35639667ffa758d58b5e15a51c51e019c0a5aa6cc2a40", "package": "exe", "route": "internet", "timeout": 300, "submit_id": 5121421, "options": {"procmemdump": "yes", "route": "internet"}, "added_on": {"$dt": "2024-10-14T13:59:16.076417"}}