{"started_on": {"$dt": "2024-10-14T17:19:33.143194"}, "duration": -1, "sample_id": 5139912, "owner": null, "id": 5291087, "category": "file", "priority": 2, "guest": {"status": "stopped", "name": "win7x6421", "label": "win7x6421", "manager": "VirtualBox", "started_on": "2024-10-14 17:19:34", "shutdown_on": "2024-10-14 17:24:57"}, "clock": {"$dt": "2024-10-14T14:01:26.164487"}, "custom": null, "machine": null, "platform": "windows", "memory": true, "status": "running", "tags": [], "processing": null, "enforce_timeout": false, "completed_on": null, "target": "/srv/cuckoo/cwd/storage/cuckoo-tmp/tmpXkXWxi/92dcb0d8394d0df1064e68d90cd90a6ae5863e91f194cbaac85ec21c202f581f", "package": "exe", "route": "internet", "timeout": 300, "submit_id": 5121425, "options": {"procmemdump": "yes", "route": "internet"}, "added_on": {"$dt": "2024-10-14T14:01:26.164565"}}